"","age","sex","estimate","anchor","participant_id","id","reference","reference_short","link","anchoring_item","tasktype","direction","incentive","comparative_question","experiment_type","stimulitype","sampletype","scaletype","anchortype","true_value","anchorhigh","published"
"1",NA,NA,15000,1e+05,1,52001,"Bahník, Š., & Strack, F. (2016). Overlap of accessible information undermines the anchoring effect. Judgment and Decision Making, 11(1).","Bahník & Strack, 2016","https://osf.io/h85tz/","Price of an average new car (USD)","price",0,1,1,1,1,1,1,2,17157,1,1
"2",NA,NA,34000,1000,2,52002,"Bahník, Š., & Strack, F. (2016). Overlap of accessible information undermines the anchoring effect. Judgment and Decision Making, 11(1).","Bahník & Strack, 2016","https://osf.io/h85tz/","Price of an average new car (USD)","price",0,1,1,1,1,1,1,2,17157,0,1
"4",NA,NA,25000,1000,3,52003,"Bahník, Š., & Strack, F. (2016). Overlap of accessible information undermines the anchoring effect. Judgment and Decision Making, 11(1).","Bahník & Strack, 2016","https://osf.io/h85tz/","Price of an average new car (USD)","price",0,1,1,1,1,1,1,2,17157,0,1
"5",NA,NA,12000,1e+05,4,52004,"Bahník, Š., & Strack, F. (2016). Overlap of accessible information undermines the anchoring effect. Judgment and Decision Making, 11(1).","Bahník & Strack, 2016","https://osf.io/h85tz/","Price of an average new car (USD)","price",0,1,1,1,1,1,1,2,17157,1,1
"7",NA,NA,28000,1e+05,5,52005,"Bahník, Š., & Strack, F. (2016). Overlap of accessible information undermines the anchoring effect. Judgment and Decision Making, 11(1).","Bahník & Strack, 2016","https://osf.io/h85tz/","Price of an average new car (USD)","price",0,1,1,1,1,1,1,2,17157,1,1
"8",NA,NA,20000,1000,6,52006,"Bahník, Š., & Strack, F. (2016). Overlap of accessible information undermines the anchoring effect. Judgment and Decision Making, 11(1).","Bahník & Strack, 2016","https://osf.io/h85tz/","Price of an average new car (USD)","price",0,1,1,1,1,1,1,2,17157,0,1
"9",NA,NA,30000,1e+05,7,52007,"Bahník, Š., & Strack, F. (2016). Overlap of accessible information undermines the anchoring effect. Judgment and Decision Making, 11(1).","Bahník & Strack, 2016","https://osf.io/h85tz/","Price of an average new car (USD)","price",0,1,1,1,1,1,1,2,17157,1,1
"10",NA,NA,3000,1000,8,52008,"Bahník, Š., & Strack, F. (2016). Overlap of accessible information undermines the anchoring effect. Judgment and Decision Making, 11(1).","Bahník & Strack, 2016","https://osf.io/h85tz/","Price of an average new car (USD)","price",0,1,1,1,1,1,1,2,17157,0,1
"11",NA,NA,15000,1000,9,52009,"Bahník, Š., & Strack, F. (2016). Overlap of accessible information undermines the anchoring effect. Judgment and Decision Making, 11(1).","Bahník & Strack, 2016","https://osf.io/h85tz/","Price of an average new car (USD)","price",0,1,1,1,1,1,1,2,17157,0,1
"13",NA,NA,30000,1000,10,52010,"Bahník, Š., & Strack, F. (2016). Overlap of accessible information undermines the anchoring effect. Judgment and Decision Making, 11(1).","Bahník & Strack, 2016","https://osf.io/h85tz/","Price of an average new car (USD)","price",0,1,1,1,1,1,1,2,17157,0,1
"15",NA,NA,25000,1000,11,52011,"Bahník, Š., & Strack, F. (2016). Overlap of accessible information undermines the anchoring effect. Judgment and Decision Making, 11(1).","Bahník & Strack, 2016","https://osf.io/h85tz/","Price of an average new car (USD)","price",0,1,1,1,1,1,1,2,17157,0,1
"16",NA,NA,20000,1e+05,12,52012,"Bahník, Š., & Strack, F. (2016). Overlap of accessible information undermines the anchoring effect. Judgment and Decision Making, 11(1).","Bahník & Strack, 2016","https://osf.io/h85tz/","Price of an average new car (USD)","price",0,1,1,1,1,1,1,2,17157,1,1
"18",NA,NA,20000,1000,13,52013,"Bahník, Š., & Strack, F. (2016). Overlap of accessible information undermines the anchoring effect. Judgment and Decision Making, 11(1).","Bahník & Strack, 2016","https://osf.io/h85tz/","Price of an average new car (USD)","price",0,1,1,1,1,1,1,2,17157,0,1
"19",NA,NA,12500,1000,14,52014,"Bahník, Š., & Strack, F. (2016). Overlap of accessible information undermines the anchoring effect. Judgment and Decision Making, 11(1).","Bahník & Strack, 2016","https://osf.io/h85tz/","Price of an average new car (USD)","price",0,1,1,1,1,1,1,2,17157,0,1
"20",NA,NA,28000,1000,15,52015,"Bahník, Š., & Strack, F. (2016). Overlap of accessible information undermines the anchoring effect. Judgment and Decision Making, 11(1).","Bahník & Strack, 2016","https://osf.io/h85tz/","Price of an average new car (USD)","price",0,1,1,1,1,1,1,2,17157,0,1
"21",NA,NA,20000,1000,16,52016,"Bahník, Š., & Strack, F. (2016). Overlap of accessible information undermines the anchoring effect. Judgment and Decision Making, 11(1).","Bahník & Strack, 2016","https://osf.io/h85tz/","Price of an average new car (USD)","price",0,1,1,1,1,1,1,2,17157,0,1
"22",NA,NA,15000,1e+05,17,52017,"Bahník, Š., & Strack, F. (2016). Overlap of accessible information undermines the anchoring effect. Judgment and Decision Making, 11(1).","Bahník & Strack, 2016","https://osf.io/h85tz/","Price of an average new car (USD)","price",0,1,1,1,1,1,1,2,17157,1,1
"23",NA,NA,26000,1e+05,18,52018,"Bahník, Š., & Strack, F. (2016). Overlap of accessible information undermines the anchoring effect. Judgment and Decision Making, 11(1).","Bahník & Strack, 2016","https://osf.io/h85tz/","Price of an average new car (USD)","price",0,1,1,1,1,1,1,2,17157,1,1
"25",NA,NA,120000,1e+05,19,52019,"Bahník, Š., & Strack, F. (2016). Overlap of accessible information undermines the anchoring effect. Judgment and Decision Making, 11(1).","Bahník & Strack, 2016","https://osf.io/h85tz/","Price of an average new car (USD)","price",0,1,1,1,1,1,1,2,17157,1,1
"26",NA,NA,10000,1000,20,52020,"Bahník, Š., & Strack, F. (2016). Overlap of accessible information undermines the anchoring effect. Judgment and Decision Making, 11(1).","Bahník & Strack, 2016","https://osf.io/h85tz/","Price of an average new car (USD)","price",0,1,1,1,1,1,1,2,17157,0,1
"27",NA,NA,5000,1e+05,21,52021,"Bahník, Š., & Strack, F. (2016). Overlap of accessible information undermines the anchoring effect. Judgment and Decision Making, 11(1).","Bahník & Strack, 2016","https://osf.io/h85tz/","Price of an average new car (USD)","price",0,1,1,1,1,1,1,2,17157,1,1
"28",NA,NA,28000,1000,22,52022,"Bahník, Š., & Strack, F. (2016). Overlap of accessible information undermines the anchoring effect. Judgment and Decision Making, 11(1).","Bahník & Strack, 2016","https://osf.io/h85tz/","Price of an average new car (USD)","price",0,1,1,1,1,1,1,2,17157,0,1
"30",NA,NA,20000,1e+05,23,52023,"Bahník, Š., & Strack, F. (2016). Overlap of accessible information undermines the anchoring effect. Judgment and Decision Making, 11(1).","Bahník & Strack, 2016","https://osf.io/h85tz/","Price of an average new car (USD)","price",0,1,1,1,1,1,1,2,17157,1,1
"33",NA,NA,40000,1e+05,24,52024,"Bahník, Š., & Strack, F. (2016). Overlap of accessible information undermines the anchoring effect. Judgment and Decision Making, 11(1).","Bahník & Strack, 2016","https://osf.io/h85tz/","Price of an average new car (USD)","price",0,1,1,1,1,1,1,2,17157,1,1
"35",NA,NA,14000,1e+05,25,52025,"Bahník, Š., & Strack, F. (2016). Overlap of accessible information undermines the anchoring effect. Judgment and Decision Making, 11(1).","Bahník & Strack, 2016","https://osf.io/h85tz/","Price of an average new car (USD)","price",0,1,1,1,1,1,1,2,17157,1,1
"36",NA,NA,27000,1000,26,52026,"Bahník, Š., & Strack, F. (2016). Overlap of accessible information undermines the anchoring effect. Judgment and Decision Making, 11(1).","Bahník & Strack, 2016","https://osf.io/h85tz/","Price of an average new car (USD)","price",0,1,1,1,1,1,1,2,17157,0,1
"37",NA,NA,15000,1e+05,27,52027,"Bahník, Š., & Strack, F. (2016). Overlap of accessible information undermines the anchoring effect. Judgment and Decision Making, 11(1).","Bahník & Strack, 2016","https://osf.io/h85tz/","Price of an average new car (USD)","price",0,1,1,1,1,1,1,2,17157,1,1
"38",NA,NA,10000,1000,28,52028,"Bahník, Š., & Strack, F. (2016). Overlap of accessible information undermines the anchoring effect. Judgment and Decision Making, 11(1).","Bahník & Strack, 2016","https://osf.io/h85tz/","Price of an average new car (USD)","price",0,1,1,1,1,1,1,2,17157,0,1
"40",NA,NA,30000,1e+05,29,52029,"Bahník, Š., & Strack, F. (2016). Overlap of accessible information undermines the anchoring effect. Judgment and Decision Making, 11(1).","Bahník & Strack, 2016","https://osf.io/h85tz/","Price of an average new car (USD)","price",0,1,1,1,1,1,1,2,17157,1,1
"41",NA,NA,25000,1e+05,30,52030,"Bahník, Š., & Strack, F. (2016). Overlap of accessible information undermines the anchoring effect. Judgment and Decision Making, 11(1).","Bahník & Strack, 2016","https://osf.io/h85tz/","Price of an average new car (USD)","price",0,1,1,1,1,1,1,2,17157,1,1
"42",NA,NA,20000,1e+05,31,52031,"Bahník, Š., & Strack, F. (2016). Overlap of accessible information undermines the anchoring effect. Judgment and Decision Making, 11(1).","Bahník & Strack, 2016","https://osf.io/h85tz/","Price of an average new car (USD)","price",0,1,1,1,1,1,1,2,17157,1,1
"43",NA,NA,10000,1e+05,32,52032,"Bahník, Š., & Strack, F. (2016). Overlap of accessible information undermines the anchoring effect. Judgment and Decision Making, 11(1).","Bahník & Strack, 2016","https://osf.io/h85tz/","Price of an average new car (USD)","price",0,1,1,1,1,1,1,2,17157,1,1
"44",NA,NA,14000,1e+05,33,52033,"Bahník, Š., & Strack, F. (2016). Overlap of accessible information undermines the anchoring effect. Judgment and Decision Making, 11(1).","Bahník & Strack, 2016","https://osf.io/h85tz/","Price of an average new car (USD)","price",0,1,1,1,1,1,1,2,17157,1,1
"46",NA,NA,20000,1000,34,52034,"Bahník, Š., & Strack, F. (2016). Overlap of accessible information undermines the anchoring effect. Judgment and Decision Making, 11(1).","Bahník & Strack, 2016","https://osf.io/h85tz/","Price of an average new car (USD)","price",0,1,1,1,1,1,1,2,17157,0,1
"47",NA,NA,20000,1000,35,52035,"Bahník, Š., & Strack, F. (2016). Overlap of accessible information undermines the anchoring effect. Judgment and Decision Making, 11(1).","Bahník & Strack, 2016","https://osf.io/h85tz/","Price of an average new car (USD)","price",0,1,1,1,1,1,1,2,17157,0,1
"48",NA,NA,17000,1000,36,52036,"Bahník, Š., & Strack, F. (2016). Overlap of accessible information undermines the anchoring effect. Judgment and Decision Making, 11(1).","Bahník & Strack, 2016","https://osf.io/h85tz/","Price of an average new car (USD)","price",0,1,1,1,1,1,1,2,17157,0,1
"50",NA,NA,16000,1000,37,52037,"Bahník, Š., & Strack, F. (2016). Overlap of accessible information undermines the anchoring effect. Judgment and Decision Making, 11(1).","Bahník & Strack, 2016","https://osf.io/h85tz/","Price of an average new car (USD)","price",0,1,1,1,1,1,1,2,17157,0,1
"51",NA,NA,80000,1e+05,38,52038,"Bahník, Š., & Strack, F. (2016). Overlap of accessible information undermines the anchoring effect. Judgment and Decision Making, 11(1).","Bahník & Strack, 2016","https://osf.io/h85tz/","Price of an average new car (USD)","price",0,1,1,1,1,1,1,2,17157,1,1
"52",NA,NA,20000,1e+05,39,52039,"Bahník, Š., & Strack, F. (2016). Overlap of accessible information undermines the anchoring effect. Judgment and Decision Making, 11(1).","Bahník & Strack, 2016","https://osf.io/h85tz/","Price of an average new car (USD)","price",0,1,1,1,1,1,1,2,17157,1,1
"53",NA,NA,10000,1000,40,52040,"Bahník, Š., & Strack, F. (2016). Overlap of accessible information undermines the anchoring effect. Judgment and Decision Making, 11(1).","Bahník & Strack, 2016","https://osf.io/h85tz/","Price of an average new car (USD)","price",0,1,1,1,1,1,1,2,17157,0,1
"58",NA,NA,15000,1000,41,52041,"Bahník, Š., & Strack, F. (2016). Overlap of accessible information undermines the anchoring effect. Judgment and Decision Making, 11(1).","Bahník & Strack, 2016","https://osf.io/h85tz/","Price of an average new car (USD)","price",0,1,1,1,1,1,1,2,17157,0,1
"61",NA,NA,12000,1000,42,52042,"Bahník, Š., & Strack, F. (2016). Overlap of accessible information undermines the anchoring effect. Judgment and Decision Making, 11(1).","Bahník & Strack, 2016","https://osf.io/h85tz/","Price of an average new car (USD)","price",0,1,1,1,1,1,1,2,17157,0,1
"62",NA,NA,15000,1000,43,52043,"Bahník, Š., & Strack, F. (2016). Overlap of accessible information undermines the anchoring effect. Judgment and Decision Making, 11(1).","Bahník & Strack, 2016","https://osf.io/h85tz/","Price of an average new car (USD)","price",0,1,1,1,1,1,1,2,17157,0,1
"63",NA,NA,20000,1000,44,52044,"Bahník, Š., & Strack, F. (2016). Overlap of accessible information undermines the anchoring effect. Judgment and Decision Making, 11(1).","Bahník & Strack, 2016","https://osf.io/h85tz/","Price of an average new car (USD)","price",0,1,1,1,1,1,1,2,17157,0,1
"64",NA,NA,10000,1e+05,45,52045,"Bahník, Š., & Strack, F. (2016). Overlap of accessible information undermines the anchoring effect. Judgment and Decision Making, 11(1).","Bahník & Strack, 2016","https://osf.io/h85tz/","Price of an average new car (USD)","price",0,1,1,1,1,1,1,2,17157,1,1
"65",NA,NA,22000,1000,46,52046,"Bahník, Š., & Strack, F. (2016). Overlap of accessible information undermines the anchoring effect. Judgment and Decision Making, 11(1).","Bahník & Strack, 2016","https://osf.io/h85tz/","Price of an average new car (USD)","price",0,1,1,1,1,1,1,2,17157,0,1
"66",NA,NA,22000,1e+05,47,52047,"Bahník, Š., & Strack, F. (2016). Overlap of accessible information undermines the anchoring effect. Judgment and Decision Making, 11(1).","Bahník & Strack, 2016","https://osf.io/h85tz/","Price of an average new car (USD)","price",0,1,1,1,1,1,1,2,17157,1,1
"67",NA,NA,20000,1e+05,48,52048,"Bahník, Š., & Strack, F. (2016). Overlap of accessible information undermines the anchoring effect. Judgment and Decision Making, 11(1).","Bahník & Strack, 2016","https://osf.io/h85tz/","Price of an average new car (USD)","price",0,1,1,1,1,1,1,2,17157,1,1
"70",NA,NA,17000,1000,49,52049,"Bahník, Š., & Strack, F. (2016). Overlap of accessible information undermines the anchoring effect. Judgment and Decision Making, 11(1).","Bahník & Strack, 2016","https://osf.io/h85tz/","Price of an average new car (USD)","price",0,1,1,1,1,1,1,2,17157,0,1
"72",NA,NA,14500,1000,50,52050,"Bahník, Š., & Strack, F. (2016). Overlap of accessible information undermines the anchoring effect. Judgment and Decision Making, 11(1).","Bahník & Strack, 2016","https://osf.io/h85tz/","Price of an average new car (USD)","price",0,1,1,1,1,1,1,2,17157,0,1
"73",NA,NA,20000,1e+05,51,52051,"Bahník, Š., & Strack, F. (2016). Overlap of accessible information undermines the anchoring effect. Judgment and Decision Making, 11(1).","Bahník & Strack, 2016","https://osf.io/h85tz/","Price of an average new car (USD)","price",0,1,1,1,1,1,1,2,17157,1,1
"74",NA,NA,25000,1e+05,52,52052,"Bahník, Š., & Strack, F. (2016). Overlap of accessible information undermines the anchoring effect. Judgment and Decision Making, 11(1).","Bahník & Strack, 2016","https://osf.io/h85tz/","Price of an average new car (USD)","price",0,1,1,1,1,1,1,2,17157,1,1
"76",NA,NA,25000,1000,53,52053,"Bahník, Š., & Strack, F. (2016). Overlap of accessible information undermines the anchoring effect. Judgment and Decision Making, 11(1).","Bahník & Strack, 2016","https://osf.io/h85tz/","Price of an average new car (USD)","price",0,1,1,1,1,1,1,2,17157,0,1
"79",NA,NA,16000,1000,54,52054,"Bahník, Š., & Strack, F. (2016). Overlap of accessible information undermines the anchoring effect. Judgment and Decision Making, 11(1).","Bahník & Strack, 2016","https://osf.io/h85tz/","Price of an average new car (USD)","price",0,1,1,1,1,1,1,2,17157,0,1
"80",NA,NA,8000,1e+05,55,52055,"Bahník, Š., & Strack, F. (2016). Overlap of accessible information undermines the anchoring effect. Judgment and Decision Making, 11(1).","Bahník & Strack, 2016","https://osf.io/h85tz/","Price of an average new car (USD)","price",0,1,1,1,1,1,1,2,17157,1,1
"81",NA,NA,25000,1000,56,52056,"Bahník, Š., & Strack, F. (2016). Overlap of accessible information undermines the anchoring effect. Judgment and Decision Making, 11(1).","Bahník & Strack, 2016","https://osf.io/h85tz/","Price of an average new car (USD)","price",0,1,1,1,1,1,1,2,17157,0,1
"83",NA,NA,35000,1e+05,57,52057,"Bahník, Š., & Strack, F. (2016). Overlap of accessible information undermines the anchoring effect. Judgment and Decision Making, 11(1).","Bahník & Strack, 2016","https://osf.io/h85tz/","Price of an average new car (USD)","price",0,1,1,1,1,1,1,2,17157,1,1
"86",NA,NA,20000,1e+05,58,52058,"Bahník, Š., & Strack, F. (2016). Overlap of accessible information undermines the anchoring effect. Judgment and Decision Making, 11(1).","Bahník & Strack, 2016","https://osf.io/h85tz/","Price of an average new car (USD)","price",0,1,1,1,1,1,1,2,17157,1,1
"89",NA,NA,19000,1e+05,59,52059,"Bahník, Š., & Strack, F. (2016). Overlap of accessible information undermines the anchoring effect. Judgment and Decision Making, 11(1).","Bahník & Strack, 2016","https://osf.io/h85tz/","Price of an average new car (USD)","price",0,1,1,1,1,1,1,2,17157,1,1
"90",NA,NA,25000,1000,60,52060,"Bahník, Š., & Strack, F. (2016). Overlap of accessible information undermines the anchoring effect. Judgment and Decision Making, 11(1).","Bahník & Strack, 2016","https://osf.io/h85tz/","Price of an average new car (USD)","price",0,1,1,1,1,1,1,2,17157,0,1
"91",NA,NA,20000,1000,61,52061,"Bahník, Š., & Strack, F. (2016). Overlap of accessible information undermines the anchoring effect. Judgment and Decision Making, 11(1).","Bahník & Strack, 2016","https://osf.io/h85tz/","Price of an average new car (USD)","price",0,1,1,1,1,1,1,2,17157,0,1
"92",NA,NA,12000,1e+05,62,52062,"Bahník, Š., & Strack, F. (2016). Overlap of accessible information undermines the anchoring effect. Judgment and Decision Making, 11(1).","Bahník & Strack, 2016","https://osf.io/h85tz/","Price of an average new car (USD)","price",0,1,1,1,1,1,1,2,17157,1,1
"94",NA,NA,17000,1000,63,52063,"Bahník, Š., & Strack, F. (2016). Overlap of accessible information undermines the anchoring effect. Judgment and Decision Making, 11(1).","Bahník & Strack, 2016","https://osf.io/h85tz/","Price of an average new car (USD)","price",0,1,1,1,1,1,1,2,17157,0,1
"97",NA,NA,10000,1000,64,52064,"Bahník, Š., & Strack, F. (2016). Overlap of accessible information undermines the anchoring effect. Judgment and Decision Making, 11(1).","Bahník & Strack, 2016","https://osf.io/h85tz/","Price of an average new car (USD)","price",0,1,1,1,1,1,1,2,17157,0,1
"98",NA,NA,24000,1e+05,65,52065,"Bahník, Š., & Strack, F. (2016). Overlap of accessible information undermines the anchoring effect. Judgment and Decision Making, 11(1).","Bahník & Strack, 2016","https://osf.io/h85tz/","Price of an average new car (USD)","price",0,1,1,1,1,1,1,2,17157,1,1
"101",NA,NA,20000,1000,66,52066,"Bahník, Š., & Strack, F. (2016). Overlap of accessible information undermines the anchoring effect. Judgment and Decision Making, 11(1).","Bahník & Strack, 2016","https://osf.io/h85tz/","Price of an average new car (USD)","price",0,1,1,1,1,1,1,2,17157,0,1
"102",NA,NA,49999,1e+05,67,52067,"Bahník, Š., & Strack, F. (2016). Overlap of accessible information undermines the anchoring effect. Judgment and Decision Making, 11(1).","Bahník & Strack, 2016","https://osf.io/h85tz/","Price of an average new car (USD)","price",0,1,1,1,1,1,1,2,17157,1,1
"103",NA,NA,25000,1e+05,68,52068,"Bahník, Š., & Strack, F. (2016). Overlap of accessible information undermines the anchoring effect. Judgment and Decision Making, 11(1).","Bahník & Strack, 2016","https://osf.io/h85tz/","Price of an average new car (USD)","price",0,1,1,1,1,1,1,2,17157,1,1
"104",NA,NA,19000,1000,69,52069,"Bahník, Š., & Strack, F. (2016). Overlap of accessible information undermines the anchoring effect. Judgment and Decision Making, 11(1).","Bahník & Strack, 2016","https://osf.io/h85tz/","Price of an average new car (USD)","price",0,1,1,1,1,1,1,2,17157,0,1
"105",NA,NA,23000,1e+05,70,52070,"Bahník, Š., & Strack, F. (2016). Overlap of accessible information undermines the anchoring effect. Judgment and Decision Making, 11(1).","Bahník & Strack, 2016","https://osf.io/h85tz/","Price of an average new car (USD)","price",0,1,1,1,1,1,1,2,17157,1,1
"106",NA,NA,12000,1e+05,71,52071,"Bahník, Š., & Strack, F. (2016). Overlap of accessible information undermines the anchoring effect. Judgment and Decision Making, 11(1).","Bahník & Strack, 2016","https://osf.io/h85tz/","Price of an average new car (USD)","price",0,1,1,1,1,1,1,2,17157,1,1
"107",NA,NA,20000,1e+05,72,52072,"Bahník, Š., & Strack, F. (2016). Overlap of accessible information undermines the anchoring effect. Judgment and Decision Making, 11(1).","Bahník & Strack, 2016","https://osf.io/h85tz/","Price of an average new car (USD)","price",0,1,1,1,1,1,1,2,17157,1,1
"108",NA,NA,18000,1000,73,52073,"Bahník, Š., & Strack, F. (2016). Overlap of accessible information undermines the anchoring effect. Judgment and Decision Making, 11(1).","Bahník & Strack, 2016","https://osf.io/h85tz/","Price of an average new car (USD)","price",0,1,1,1,1,1,1,2,17157,0,1
"110",NA,NA,150000,1000,74,52074,"Bahník, Š., & Strack, F. (2016). Overlap of accessible information undermines the anchoring effect. Judgment and Decision Making, 11(1).","Bahník & Strack, 2016","https://osf.io/h85tz/","Price of an average new car (USD)","price",0,1,1,1,1,1,1,2,17157,0,1
"111",NA,NA,13000,1000,75,52075,"Bahník, Š., & Strack, F. (2016). Overlap of accessible information undermines the anchoring effect. Judgment and Decision Making, 11(1).","Bahník & Strack, 2016","https://osf.io/h85tz/","Price of an average new car (USD)","price",0,1,1,1,1,1,1,2,17157,0,1
"112",NA,NA,25000,1000,76,52076,"Bahník, Š., & Strack, F. (2016). Overlap of accessible information undermines the anchoring effect. Judgment and Decision Making, 11(1).","Bahník & Strack, 2016","https://osf.io/h85tz/","Price of an average new car (USD)","price",0,1,1,1,1,1,1,2,17157,0,1
"114",NA,NA,1500,1000,77,52077,"Bahník, Š., & Strack, F. (2016). Overlap of accessible information undermines the anchoring effect. Judgment and Decision Making, 11(1).","Bahník & Strack, 2016","https://osf.io/h85tz/","Price of an average new car (USD)","price",0,1,1,1,1,1,1,2,17157,0,1
"115",NA,NA,20000,1e+05,78,52078,"Bahník, Š., & Strack, F. (2016). Overlap of accessible information undermines the anchoring effect. Judgment and Decision Making, 11(1).","Bahník & Strack, 2016","https://osf.io/h85tz/","Price of an average new car (USD)","price",0,1,1,1,1,1,1,2,17157,1,1
"118",NA,NA,25000,1e+05,79,52079,"Bahník, Š., & Strack, F. (2016). Overlap of accessible information undermines the anchoring effect. Judgment and Decision Making, 11(1).","Bahník & Strack, 2016","https://osf.io/h85tz/","Price of an average new car (USD)","price",0,1,1,1,1,1,1,2,17157,1,1
"120",NA,NA,22000,1000,80,52080,"Bahník, Š., & Strack, F. (2016). Overlap of accessible information undermines the anchoring effect. Judgment and Decision Making, 11(1).","Bahník & Strack, 2016","https://osf.io/h85tz/","Price of an average new car (USD)","price",0,1,1,1,1,1,1,2,17157,0,1
"121",NA,NA,18000,1e+05,81,52081,"Bahník, Š., & Strack, F. (2016). Overlap of accessible information undermines the anchoring effect. Judgment and Decision Making, 11(1).","Bahník & Strack, 2016","https://osf.io/h85tz/","Price of an average new car (USD)","price",0,1,1,1,1,1,1,2,17157,1,1
"122",NA,NA,16000,1000,82,52082,"Bahník, Š., & Strack, F. (2016). Overlap of accessible information undermines the anchoring effect. Judgment and Decision Making, 11(1).","Bahník & Strack, 2016","https://osf.io/h85tz/","Price of an average new car (USD)","price",0,1,1,1,1,1,1,2,17157,0,1
"123",NA,NA,8000,1000,83,52083,"Bahník, Š., & Strack, F. (2016). Overlap of accessible information undermines the anchoring effect. Judgment and Decision Making, 11(1).","Bahník & Strack, 2016","https://osf.io/h85tz/","Price of an average new car (USD)","price",0,1,1,1,1,1,1,2,17157,0,1
"124",NA,NA,20000,1e+05,84,52084,"Bahník, Š., & Strack, F. (2016). Overlap of accessible information undermines the anchoring effect. Judgment and Decision Making, 11(1).","Bahník & Strack, 2016","https://osf.io/h85tz/","Price of an average new car (USD)","price",0,1,1,1,1,1,1,2,17157,1,1
"125",NA,NA,18000,1000,85,52085,"Bahník, Š., & Strack, F. (2016). Overlap of accessible information undermines the anchoring effect. Judgment and Decision Making, 11(1).","Bahník & Strack, 2016","https://osf.io/h85tz/","Price of an average new car (USD)","price",0,1,1,1,1,1,1,2,17157,0,1
"126",NA,NA,10000,1000,86,52086,"Bahník, Š., & Strack, F. (2016). Overlap of accessible information undermines the anchoring effect. Judgment and Decision Making, 11(1).","Bahník & Strack, 2016","https://osf.io/h85tz/","Price of an average new car (USD)","price",0,1,1,1,1,1,1,2,17157,0,1
"127",NA,NA,17000,1000,87,52087,"Bahník, Š., & Strack, F. (2016). Overlap of accessible information undermines the anchoring effect. Judgment and Decision Making, 11(1).","Bahník & Strack, 2016","https://osf.io/h85tz/","Price of an average new car (USD)","price",0,1,1,1,1,1,1,2,17157,0,1
"128",NA,NA,15000,1000,88,52088,"Bahník, Š., & Strack, F. (2016). Overlap of accessible information undermines the anchoring effect. Judgment and Decision Making, 11(1).","Bahník & Strack, 2016","https://osf.io/h85tz/","Price of an average new car (USD)","price",0,1,1,1,1,1,1,2,17157,0,1
"129",NA,NA,25000,1000,89,52089,"Bahník, Š., & Strack, F. (2016). Overlap of accessible information undermines the anchoring effect. Judgment and Decision Making, 11(1).","Bahník & Strack, 2016","https://osf.io/h85tz/","Price of an average new car (USD)","price",0,1,1,1,1,1,1,2,17157,0,1
"131",NA,NA,20000,1000,90,52090,"Bahník, Š., & Strack, F. (2016). Overlap of accessible information undermines the anchoring effect. Judgment and Decision Making, 11(1).","Bahník & Strack, 2016","https://osf.io/h85tz/","Price of an average new car (USD)","price",0,1,1,1,1,1,1,2,17157,0,1
"134",NA,NA,10000,1000,91,52091,"Bahník, Š., & Strack, F. (2016). Overlap of accessible information undermines the anchoring effect. Judgment and Decision Making, 11(1).","Bahník & Strack, 2016","https://osf.io/h85tz/","Price of an average new car (USD)","price",0,1,1,1,1,1,1,2,17157,0,1
"136",NA,NA,6453,1000,92,52092,"Bahník, Š., & Strack, F. (2016). Overlap of accessible information undermines the anchoring effect. Judgment and Decision Making, 11(1).","Bahník & Strack, 2016","https://osf.io/h85tz/","Price of an average new car (USD)","price",0,1,1,1,1,1,1,2,17157,0,1
"138",NA,NA,12000,1000,93,52093,"Bahník, Š., & Strack, F. (2016). Overlap of accessible information undermines the anchoring effect. Judgment and Decision Making, 11(1).","Bahník & Strack, 2016","https://osf.io/h85tz/","Price of an average new car (USD)","price",0,1,1,1,1,1,1,2,17157,0,1
"140",NA,NA,60000,1e+05,94,52094,"Bahník, Š., & Strack, F. (2016). Overlap of accessible information undermines the anchoring effect. Judgment and Decision Making, 11(1).","Bahník & Strack, 2016","https://osf.io/h85tz/","Price of an average new car (USD)","price",0,1,1,1,1,1,1,2,17157,1,1
"141",NA,NA,20000,1000,95,52095,"Bahník, Š., & Strack, F. (2016). Overlap of accessible information undermines the anchoring effect. Judgment and Decision Making, 11(1).","Bahník & Strack, 2016","https://osf.io/h85tz/","Price of an average new car (USD)","price",0,1,1,1,1,1,1,2,17157,0,1
"142",NA,NA,4000,1e+05,96,52096,"Bahník, Š., & Strack, F. (2016). Overlap of accessible information undermines the anchoring effect. Judgment and Decision Making, 11(1).","Bahník & Strack, 2016","https://osf.io/h85tz/","Price of an average new car (USD)","price",0,1,1,1,1,1,1,2,17157,1,1
"143",NA,NA,18000,1000,97,52097,"Bahník, Š., & Strack, F. (2016). Overlap of accessible information undermines the anchoring effect. Judgment and Decision Making, 11(1).","Bahník & Strack, 2016","https://osf.io/h85tz/","Price of an average new car (USD)","price",0,1,1,1,1,1,1,2,17157,0,1
"144",NA,NA,12000,1e+05,98,52098,"Bahník, Š., & Strack, F. (2016). Overlap of accessible information undermines the anchoring effect. Judgment and Decision Making, 11(1).","Bahník & Strack, 2016","https://osf.io/h85tz/","Price of an average new car (USD)","price",0,1,1,1,1,1,1,2,17157,1,1
"147",NA,NA,25000,1e+05,99,52099,"Bahník, Š., & Strack, F. (2016). Overlap of accessible information undermines the anchoring effect. Judgment and Decision Making, 11(1).","Bahník & Strack, 2016","https://osf.io/h85tz/","Price of an average new car (USD)","price",0,1,1,1,1,1,1,2,17157,1,1
"148",NA,NA,20000,1000,100,52100,"Bahník, Š., & Strack, F. (2016). Overlap of accessible information undermines the anchoring effect. Judgment and Decision Making, 11(1).","Bahník & Strack, 2016","https://osf.io/h85tz/","Price of an average new car (USD)","price",0,1,1,1,1,1,1,2,17157,0,1
"149",NA,NA,25000,1e+05,101,52101,"Bahník, Š., & Strack, F. (2016). Overlap of accessible information undermines the anchoring effect. Judgment and Decision Making, 11(1).","Bahník & Strack, 2016","https://osf.io/h85tz/","Price of an average new car (USD)","price",0,1,1,1,1,1,1,2,17157,1,1
"150",NA,NA,16000,1000,102,52102,"Bahník, Š., & Strack, F. (2016). Overlap of accessible information undermines the anchoring effect. Judgment and Decision Making, 11(1).","Bahník & Strack, 2016","https://osf.io/h85tz/","Price of an average new car (USD)","price",0,1,1,1,1,1,1,2,17157,0,1
"152",NA,NA,20000,1e+05,103,52103,"Bahník, Š., & Strack, F. (2016). Overlap of accessible information undermines the anchoring effect. Judgment and Decision Making, 11(1).","Bahník & Strack, 2016","https://osf.io/h85tz/","Price of an average new car (USD)","price",0,1,1,1,1,1,1,2,17157,1,1
"154",NA,NA,20000,1e+05,104,52104,"Bahník, Š., & Strack, F. (2016). Overlap of accessible information undermines the anchoring effect. Judgment and Decision Making, 11(1).","Bahník & Strack, 2016","https://osf.io/h85tz/","Price of an average new car (USD)","price",0,1,1,1,1,1,1,2,17157,1,1
"155",NA,NA,20000,1000,105,52105,"Bahník, Š., & Strack, F. (2016). Overlap of accessible information undermines the anchoring effect. Judgment and Decision Making, 11(1).","Bahník & Strack, 2016","https://osf.io/h85tz/","Price of an average new car (USD)","price",0,1,1,1,1,1,1,2,17157,0,1
"157",NA,NA,16000,1e+05,106,52106,"Bahník, Š., & Strack, F. (2016). Overlap of accessible information undermines the anchoring effect. Judgment and Decision Making, 11(1).","Bahník & Strack, 2016","https://osf.io/h85tz/","Price of an average new car (USD)","price",0,1,1,1,1,1,1,2,17157,1,1
"158",NA,NA,20000,1000,107,52107,"Bahník, Š., & Strack, F. (2016). Overlap of accessible information undermines the anchoring effect. Judgment and Decision Making, 11(1).","Bahník & Strack, 2016","https://osf.io/h85tz/","Price of an average new car (USD)","price",0,1,1,1,1,1,1,2,17157,0,1
"159",NA,NA,10000,1000,108,52108,"Bahník, Š., & Strack, F. (2016). Overlap of accessible information undermines the anchoring effect. Judgment and Decision Making, 11(1).","Bahník & Strack, 2016","https://osf.io/h85tz/","Price of an average new car (USD)","price",0,1,1,1,1,1,1,2,17157,0,1
"160",NA,NA,15000,1000,109,52109,"Bahník, Š., & Strack, F. (2016). Overlap of accessible information undermines the anchoring effect. Judgment and Decision Making, 11(1).","Bahník & Strack, 2016","https://osf.io/h85tz/","Price of an average new car (USD)","price",0,1,1,1,1,1,1,2,17157,0,1
"161",NA,NA,15000,1000,110,52110,"Bahník, Š., & Strack, F. (2016). Overlap of accessible information undermines the anchoring effect. Judgment and Decision Making, 11(1).","Bahník & Strack, 2016","https://osf.io/h85tz/","Price of an average new car (USD)","price",0,1,1,1,1,1,1,2,17157,0,1
"162",NA,NA,15000,1000,111,52111,"Bahník, Š., & Strack, F. (2016). Overlap of accessible information undermines the anchoring effect. Judgment and Decision Making, 11(1).","Bahník & Strack, 2016","https://osf.io/h85tz/","Price of an average new car (USD)","price",0,1,1,1,1,1,1,2,17157,0,1
"163",NA,NA,25000,1000,112,52112,"Bahník, Š., & Strack, F. (2016). Overlap of accessible information undermines the anchoring effect. Judgment and Decision Making, 11(1).","Bahník & Strack, 2016","https://osf.io/h85tz/","Price of an average new car (USD)","price",0,1,1,1,1,1,1,2,17157,0,1
"164",NA,NA,16000,1000,113,52113,"Bahník, Š., & Strack, F. (2016). Overlap of accessible information undermines the anchoring effect. Judgment and Decision Making, 11(1).","Bahník & Strack, 2016","https://osf.io/h85tz/","Price of an average new car (USD)","price",0,1,1,1,1,1,1,2,17157,0,1
"166",NA,NA,14000,1000,114,52114,"Bahník, Š., & Strack, F. (2016). Overlap of accessible information undermines the anchoring effect. Judgment and Decision Making, 11(1).","Bahník & Strack, 2016","https://osf.io/h85tz/","Price of an average new car (USD)","price",0,1,1,1,1,1,1,2,17157,0,1
"167",NA,NA,10000,1e+05,115,52115,"Bahník, Š., & Strack, F. (2016). Overlap of accessible information undermines the anchoring effect. Judgment and Decision Making, 11(1).","Bahník & Strack, 2016","https://osf.io/h85tz/","Price of an average new car (USD)","price",0,1,1,1,1,1,1,2,17157,1,1
"169",NA,NA,15000,1000,116,52116,"Bahník, Š., & Strack, F. (2016). Overlap of accessible information undermines the anchoring effect. Judgment and Decision Making, 11(1).","Bahník & Strack, 2016","https://osf.io/h85tz/","Price of an average new car (USD)","price",0,1,1,1,1,1,1,2,17157,0,1
"171",NA,NA,15000,1000,117,52117,"Bahník, Š., & Strack, F. (2016). Overlap of accessible information undermines the anchoring effect. Judgment and Decision Making, 11(1).","Bahník & Strack, 2016","https://osf.io/h85tz/","Price of an average new car (USD)","price",0,1,1,1,1,1,1,2,17157,0,1
"172",NA,NA,20000,1e+05,118,52118,"Bahník, Š., & Strack, F. (2016). Overlap of accessible information undermines the anchoring effect. Judgment and Decision Making, 11(1).","Bahník & Strack, 2016","https://osf.io/h85tz/","Price of an average new car (USD)","price",0,1,1,1,1,1,1,2,17157,1,1
"173",NA,NA,24000,1e+05,119,52119,"Bahník, Š., & Strack, F. (2016). Overlap of accessible information undermines the anchoring effect. Judgment and Decision Making, 11(1).","Bahník & Strack, 2016","https://osf.io/h85tz/","Price of an average new car (USD)","price",0,1,1,1,1,1,1,2,17157,1,1
"176",NA,NA,20000,1e+05,120,52120,"Bahník, Š., & Strack, F. (2016). Overlap of accessible information undermines the anchoring effect. Judgment and Decision Making, 11(1).","Bahník & Strack, 2016","https://osf.io/h85tz/","Price of an average new car (USD)","price",0,1,1,1,1,1,1,2,17157,1,1
"177",NA,NA,25000,1e+05,121,52121,"Bahník, Š., & Strack, F. (2016). Overlap of accessible information undermines the anchoring effect. Judgment and Decision Making, 11(1).","Bahník & Strack, 2016","https://osf.io/h85tz/","Price of an average new car (USD)","price",0,1,1,1,1,1,1,2,17157,1,1
"179",NA,NA,25000,1000,122,52122,"Bahník, Š., & Strack, F. (2016). Overlap of accessible information undermines the anchoring effect. Judgment and Decision Making, 11(1).","Bahník & Strack, 2016","https://osf.io/h85tz/","Price of an average new car (USD)","price",0,1,1,1,1,1,1,2,17157,0,1
"181",NA,NA,35000,1e+05,123,52123,"Bahník, Š., & Strack, F. (2016). Overlap of accessible information undermines the anchoring effect. Judgment and Decision Making, 11(1).","Bahník & Strack, 2016","https://osf.io/h85tz/","Price of an average new car (USD)","price",0,1,1,1,1,1,1,2,17157,1,1
"182",NA,NA,17000,1e+05,124,52124,"Bahník, Š., & Strack, F. (2016). Overlap of accessible information undermines the anchoring effect. Judgment and Decision Making, 11(1).","Bahník & Strack, 2016","https://osf.io/h85tz/","Price of an average new car (USD)","price",0,1,1,1,1,1,1,2,17157,1,1
"184",NA,NA,14000,1000,125,52125,"Bahník, Š., & Strack, F. (2016). Overlap of accessible information undermines the anchoring effect. Judgment and Decision Making, 11(1).","Bahník & Strack, 2016","https://osf.io/h85tz/","Price of an average new car (USD)","price",0,1,1,1,1,1,1,2,17157,0,1
"185",NA,NA,16000,1e+05,126,52126,"Bahník, Š., & Strack, F. (2016). Overlap of accessible information undermines the anchoring effect. Judgment and Decision Making, 11(1).","Bahník & Strack, 2016","https://osf.io/h85tz/","Price of an average new car (USD)","price",0,1,1,1,1,1,1,2,17157,1,1
"188",NA,NA,15000,1e+05,127,52127,"Bahník, Š., & Strack, F. (2016). Overlap of accessible information undermines the anchoring effect. Judgment and Decision Making, 11(1).","Bahník & Strack, 2016","https://osf.io/h85tz/","Price of an average new car (USD)","price",0,1,1,1,1,1,1,2,17157,1,1
"189",NA,NA,20000,1e+05,128,52128,"Bahník, Š., & Strack, F. (2016). Overlap of accessible information undermines the anchoring effect. Judgment and Decision Making, 11(1).","Bahník & Strack, 2016","https://osf.io/h85tz/","Price of an average new car (USD)","price",0,1,1,1,1,1,1,2,17157,1,1
"191",NA,NA,20000,1000,129,52129,"Bahník, Š., & Strack, F. (2016). Overlap of accessible information undermines the anchoring effect. Judgment and Decision Making, 11(1).","Bahník & Strack, 2016","https://osf.io/h85tz/","Price of an average new car (USD)","price",0,1,1,1,1,1,1,2,17157,0,1
"193",NA,NA,19000,1e+05,130,52130,"Bahník, Š., & Strack, F. (2016). Overlap of accessible information undermines the anchoring effect. Judgment and Decision Making, 11(1).","Bahník & Strack, 2016","https://osf.io/h85tz/","Price of an average new car (USD)","price",0,1,1,1,1,1,1,2,17157,1,1
"194",NA,NA,18000,1000,131,52131,"Bahník, Š., & Strack, F. (2016). Overlap of accessible information undermines the anchoring effect. Judgment and Decision Making, 11(1).","Bahník & Strack, 2016","https://osf.io/h85tz/","Price of an average new car (USD)","price",0,1,1,1,1,1,1,2,17157,0,1
"195",NA,NA,16000,1000,132,52132,"Bahník, Š., & Strack, F. (2016). Overlap of accessible information undermines the anchoring effect. Judgment and Decision Making, 11(1).","Bahník & Strack, 2016","https://osf.io/h85tz/","Price of an average new car (USD)","price",0,1,1,1,1,1,1,2,17157,0,1
"196",NA,NA,40000,1000,133,52133,"Bahník, Š., & Strack, F. (2016). Overlap of accessible information undermines the anchoring effect. Judgment and Decision Making, 11(1).","Bahník & Strack, 2016","https://osf.io/h85tz/","Price of an average new car (USD)","price",0,1,1,1,1,1,1,2,17157,0,1
"197",NA,NA,16000,1000,134,52134,"Bahník, Š., & Strack, F. (2016). Overlap of accessible information undermines the anchoring effect. Judgment and Decision Making, 11(1).","Bahník & Strack, 2016","https://osf.io/h85tz/","Price of an average new car (USD)","price",0,1,1,1,1,1,1,2,17157,0,1
"198",NA,NA,20000,1e+05,135,52135,"Bahník, Š., & Strack, F. (2016). Overlap of accessible information undermines the anchoring effect. Judgment and Decision Making, 11(1).","Bahník & Strack, 2016","https://osf.io/h85tz/","Price of an average new car (USD)","price",0,1,1,1,1,1,1,2,17157,1,1
"200",NA,NA,18000,1e+05,136,52136,"Bahník, Š., & Strack, F. (2016). Overlap of accessible information undermines the anchoring effect. Judgment and Decision Making, 11(1).","Bahník & Strack, 2016","https://osf.io/h85tz/","Price of an average new car (USD)","price",0,1,1,1,1,1,1,2,17157,1,1
"202",NA,NA,20000,1e+05,137,52137,"Bahník, Š., & Strack, F. (2016). Overlap of accessible information undermines the anchoring effect. Judgment and Decision Making, 11(1).","Bahník & Strack, 2016","https://osf.io/h85tz/","Price of an average new car (USD)","price",0,1,1,1,1,1,1,2,17157,1,1
"203",NA,NA,10000,1000,138,52138,"Bahník, Š., & Strack, F. (2016). Overlap of accessible information undermines the anchoring effect. Judgment and Decision Making, 11(1).","Bahník & Strack, 2016","https://osf.io/h85tz/","Price of an average new car (USD)","price",0,1,1,1,1,1,1,2,17157,0,1
"204",NA,NA,10000,1e+05,139,52139,"Bahník, Š., & Strack, F. (2016). Overlap of accessible information undermines the anchoring effect. Judgment and Decision Making, 11(1).","Bahník & Strack, 2016","https://osf.io/h85tz/","Price of an average new car (USD)","price",0,1,1,1,1,1,1,2,17157,1,1
"205",NA,NA,20000,1e+05,140,52140,"Bahník, Š., & Strack, F. (2016). Overlap of accessible information undermines the anchoring effect. Judgment and Decision Making, 11(1).","Bahník & Strack, 2016","https://osf.io/h85tz/","Price of an average new car (USD)","price",0,1,1,1,1,1,1,2,17157,1,1
"206",NA,NA,3500,1000,141,52141,"Bahník, Š., & Strack, F. (2016). Overlap of accessible information undermines the anchoring effect. Judgment and Decision Making, 11(1).","Bahník & Strack, 2016","https://osf.io/h85tz/","Price of an average new car (USD)","price",0,1,1,1,1,1,1,2,17157,0,1
"208",NA,NA,18000,1000,142,52142,"Bahník, Š., & Strack, F. (2016). Overlap of accessible information undermines the anchoring effect. Judgment and Decision Making, 11(1).","Bahník & Strack, 2016","https://osf.io/h85tz/","Price of an average new car (USD)","price",0,1,1,1,1,1,1,2,17157,0,1
"211",NA,NA,20000,1e+05,143,52143,"Bahník, Š., & Strack, F. (2016). Overlap of accessible information undermines the anchoring effect. Judgment and Decision Making, 11(1).","Bahník & Strack, 2016","https://osf.io/h85tz/","Price of an average new car (USD)","price",0,1,1,1,1,1,1,2,17157,1,1
"212",NA,NA,20000,1e+05,144,52144,"Bahník, Š., & Strack, F. (2016). Overlap of accessible information undermines the anchoring effect. Judgment and Decision Making, 11(1).","Bahník & Strack, 2016","https://osf.io/h85tz/","Price of an average new car (USD)","price",0,1,1,1,1,1,1,2,17157,1,1
"213",NA,NA,30000,1000,145,52145,"Bahník, Š., & Strack, F. (2016). Overlap of accessible information undermines the anchoring effect. Judgment and Decision Making, 11(1).","Bahník & Strack, 2016","https://osf.io/h85tz/","Price of an average new car (USD)","price",0,1,1,1,1,1,1,2,17157,0,1
"215",NA,NA,25000,1000,146,52146,"Bahník, Š., & Strack, F. (2016). Overlap of accessible information undermines the anchoring effect. Judgment and Decision Making, 11(1).","Bahník & Strack, 2016","https://osf.io/h85tz/","Price of an average new car (USD)","price",0,1,1,1,1,1,1,2,17157,0,1
"216",NA,NA,16000,1000,147,52147,"Bahník, Š., & Strack, F. (2016). Overlap of accessible information undermines the anchoring effect. Judgment and Decision Making, 11(1).","Bahník & Strack, 2016","https://osf.io/h85tz/","Price of an average new car (USD)","price",0,1,1,1,1,1,1,2,17157,0,1
"218",NA,NA,20000,1e+05,148,52148,"Bahník, Š., & Strack, F. (2016). Overlap of accessible information undermines the anchoring effect. Judgment and Decision Making, 11(1).","Bahník & Strack, 2016","https://osf.io/h85tz/","Price of an average new car (USD)","price",0,1,1,1,1,1,1,2,17157,1,1
"220",NA,NA,20000,1e+05,149,52149,"Bahník, Š., & Strack, F. (2016). Overlap of accessible information undermines the anchoring effect. Judgment and Decision Making, 11(1).","Bahník & Strack, 2016","https://osf.io/h85tz/","Price of an average new car (USD)","price",0,1,1,1,1,1,1,2,17157,1,1
"223",NA,NA,12000,1000,150,52150,"Bahník, Š., & Strack, F. (2016). Overlap of accessible information undermines the anchoring effect. Judgment and Decision Making, 11(1).","Bahník & Strack, 2016","https://osf.io/h85tz/","Price of an average new car (USD)","price",0,1,1,1,1,1,1,2,17157,0,1
"224",NA,NA,15000,1000,151,52151,"Bahník, Š., & Strack, F. (2016). Overlap of accessible information undermines the anchoring effect. Judgment and Decision Making, 11(1).","Bahník & Strack, 2016","https://osf.io/h85tz/","Price of an average new car (USD)","price",0,1,1,1,1,1,1,2,17157,0,1
"225",NA,NA,20000,1e+05,152,52152,"Bahník, Š., & Strack, F. (2016). Overlap of accessible information undermines the anchoring effect. Judgment and Decision Making, 11(1).","Bahník & Strack, 2016","https://osf.io/h85tz/","Price of an average new car (USD)","price",0,1,1,1,1,1,1,2,17157,1,1
"226",NA,NA,25000,1e+05,153,52153,"Bahník, Š., & Strack, F. (2016). Overlap of accessible information undermines the anchoring effect. Judgment and Decision Making, 11(1).","Bahník & Strack, 2016","https://osf.io/h85tz/","Price of an average new car (USD)","price",0,1,1,1,1,1,1,2,17157,1,1
"227",NA,NA,20000,1000,154,52154,"Bahník, Š., & Strack, F. (2016). Overlap of accessible information undermines the anchoring effect. Judgment and Decision Making, 11(1).","Bahník & Strack, 2016","https://osf.io/h85tz/","Price of an average new car (USD)","price",0,1,1,1,1,1,1,2,17157,0,1
"229",NA,NA,24000,1e+05,155,52155,"Bahník, Š., & Strack, F. (2016). Overlap of accessible information undermines the anchoring effect. Judgment and Decision Making, 11(1).","Bahník & Strack, 2016","https://osf.io/h85tz/","Price of an average new car (USD)","price",0,1,1,1,1,1,1,2,17157,1,1
"230",NA,NA,20000,1000,156,52156,"Bahník, Š., & Strack, F. (2016). Overlap of accessible information undermines the anchoring effect. Judgment and Decision Making, 11(1).","Bahník & Strack, 2016","https://osf.io/h85tz/","Price of an average new car (USD)","price",0,1,1,1,1,1,1,2,17157,0,1
"231",NA,NA,27000,1e+05,157,52157,"Bahník, Š., & Strack, F. (2016). Overlap of accessible information undermines the anchoring effect. Judgment and Decision Making, 11(1).","Bahník & Strack, 2016","https://osf.io/h85tz/","Price of an average new car (USD)","price",0,1,1,1,1,1,1,2,17157,1,1
"232",NA,NA,20000,1e+05,158,52158,"Bahník, Š., & Strack, F. (2016). Overlap of accessible information undermines the anchoring effect. Judgment and Decision Making, 11(1).","Bahník & Strack, 2016","https://osf.io/h85tz/","Price of an average new car (USD)","price",0,1,1,1,1,1,1,2,17157,1,1
"233",NA,NA,42000,1e+05,159,52159,"Bahník, Š., & Strack, F. (2016). Overlap of accessible information undermines the anchoring effect. Judgment and Decision Making, 11(1).","Bahník & Strack, 2016","https://osf.io/h85tz/","Price of an average new car (USD)","price",0,1,1,1,1,1,1,2,17157,1,1
"234",NA,NA,15000,1000,160,52160,"Bahník, Š., & Strack, F. (2016). Overlap of accessible information undermines the anchoring effect. Judgment and Decision Making, 11(1).","Bahník & Strack, 2016","https://osf.io/h85tz/","Price of an average new car (USD)","price",0,1,1,1,1,1,1,2,17157,0,1
"236",NA,NA,27000,1e+05,161,52161,"Bahník, Š., & Strack, F. (2016). Overlap of accessible information undermines the anchoring effect. Judgment and Decision Making, 11(1).","Bahník & Strack, 2016","https://osf.io/h85tz/","Price of an average new car (USD)","price",0,1,1,1,1,1,1,2,17157,1,1
"238",NA,NA,17000,1000,162,52162,"Bahník, Š., & Strack, F. (2016). Overlap of accessible information undermines the anchoring effect. Judgment and Decision Making, 11(1).","Bahník & Strack, 2016","https://osf.io/h85tz/","Price of an average new car (USD)","price",0,1,1,1,1,1,1,2,17157,0,1
"242",NA,NA,18000,1e+05,163,52163,"Bahník, Š., & Strack, F. (2016). Overlap of accessible information undermines the anchoring effect. Judgment and Decision Making, 11(1).","Bahník & Strack, 2016","https://osf.io/h85tz/","Price of an average new car (USD)","price",0,1,1,1,1,1,1,2,17157,1,1
"243",NA,NA,20000,1000,164,52164,"Bahník, Š., & Strack, F. (2016). Overlap of accessible information undermines the anchoring effect. Judgment and Decision Making, 11(1).","Bahník & Strack, 2016","https://osf.io/h85tz/","Price of an average new car (USD)","price",0,1,1,1,1,1,1,2,17157,0,1
"244",NA,NA,18000,1000,165,52165,"Bahník, Š., & Strack, F. (2016). Overlap of accessible information undermines the anchoring effect. Judgment and Decision Making, 11(1).","Bahník & Strack, 2016","https://osf.io/h85tz/","Price of an average new car (USD)","price",0,1,1,1,1,1,1,2,17157,0,1
"247",NA,NA,21000,1000,166,52166,"Bahník, Š., & Strack, F. (2016). Overlap of accessible information undermines the anchoring effect. Judgment and Decision Making, 11(1).","Bahník & Strack, 2016","https://osf.io/h85tz/","Price of an average new car (USD)","price",0,1,1,1,1,1,1,2,17157,0,1
"248",NA,NA,20000,1e+05,167,52167,"Bahník, Š., & Strack, F. (2016). Overlap of accessible information undermines the anchoring effect. Judgment and Decision Making, 11(1).","Bahník & Strack, 2016","https://osf.io/h85tz/","Price of an average new car (USD)","price",0,1,1,1,1,1,1,2,17157,1,1
"250",NA,NA,18000,1000,168,52168,"Bahník, Š., & Strack, F. (2016). Overlap of accessible information undermines the anchoring effect. Judgment and Decision Making, 11(1).","Bahník & Strack, 2016","https://osf.io/h85tz/","Price of an average new car (USD)","price",0,1,1,1,1,1,1,2,17157,0,1
"253",NA,NA,16000,1e+05,169,52169,"Bahník, Š., & Strack, F. (2016). Overlap of accessible information undermines the anchoring effect. Judgment and Decision Making, 11(1).","Bahník & Strack, 2016","https://osf.io/h85tz/","Price of an average new car (USD)","price",0,1,1,1,1,1,1,2,17157,1,1
"259",NA,NA,15000,1000,170,52170,"Bahník, Š., & Strack, F. (2016). Overlap of accessible information undermines the anchoring effect. Judgment and Decision Making, 11(1).","Bahník & Strack, 2016","https://osf.io/h85tz/","Price of an average new car (USD)","price",0,1,1,1,1,1,1,2,17157,0,1
"261",NA,NA,24000,1e+05,171,52171,"Bahník, Š., & Strack, F. (2016). Overlap of accessible information undermines the anchoring effect. Judgment and Decision Making, 11(1).","Bahník & Strack, 2016","https://osf.io/h85tz/","Price of an average new car (USD)","price",0,1,1,1,1,1,1,2,17157,1,1
"262",NA,NA,20000,1000,172,52172,"Bahník, Š., & Strack, F. (2016). Overlap of accessible information undermines the anchoring effect. Judgment and Decision Making, 11(1).","Bahník & Strack, 2016","https://osf.io/h85tz/","Price of an average new car (USD)","price",0,1,1,1,1,1,1,2,17157,0,1
"264",NA,NA,25000,1000,173,52173,"Bahník, Š., & Strack, F. (2016). Overlap of accessible information undermines the anchoring effect. Judgment and Decision Making, 11(1).","Bahník & Strack, 2016","https://osf.io/h85tz/","Price of an average new car (USD)","price",0,1,1,1,1,1,1,2,17157,0,1
"266",NA,NA,18000,1e+05,174,52174,"Bahník, Š., & Strack, F. (2016). Overlap of accessible information undermines the anchoring effect. Judgment and Decision Making, 11(1).","Bahník & Strack, 2016","https://osf.io/h85tz/","Price of an average new car (USD)","price",0,1,1,1,1,1,1,2,17157,1,1
"268",NA,NA,20000,1000,175,52175,"Bahník, Š., & Strack, F. (2016). Overlap of accessible information undermines the anchoring effect. Judgment and Decision Making, 11(1).","Bahník & Strack, 2016","https://osf.io/h85tz/","Price of an average new car (USD)","price",0,1,1,1,1,1,1,2,17157,0,1
"270",NA,NA,20000,1000,176,52176,"Bahník, Š., & Strack, F. (2016). Overlap of accessible information undermines the anchoring effect. Judgment and Decision Making, 11(1).","Bahník & Strack, 2016","https://osf.io/h85tz/","Price of an average new car (USD)","price",0,1,1,1,1,1,1,2,17157,0,1
"271",NA,NA,20000,1e+05,177,52177,"Bahník, Š., & Strack, F. (2016). Overlap of accessible information undermines the anchoring effect. Judgment and Decision Making, 11(1).","Bahník & Strack, 2016","https://osf.io/h85tz/","Price of an average new car (USD)","price",0,1,1,1,1,1,1,2,17157,1,1
"275",NA,NA,55000,1e+05,178,52178,"Bahník, Š., & Strack, F. (2016). Overlap of accessible information undermines the anchoring effect. Judgment and Decision Making, 11(1).","Bahník & Strack, 2016","https://osf.io/h85tz/","Price of an average new car (USD)","price",0,1,1,1,1,1,1,2,17157,1,1
"276",NA,NA,17500,1000,179,52179,"Bahník, Š., & Strack, F. (2016). Overlap of accessible information undermines the anchoring effect. Judgment and Decision Making, 11(1).","Bahník & Strack, 2016","https://osf.io/h85tz/","Price of an average new car (USD)","price",0,1,1,1,1,1,1,2,17157,0,1
"277",NA,NA,25000,1e+05,180,52180,"Bahník, Š., & Strack, F. (2016). Overlap of accessible information undermines the anchoring effect. Judgment and Decision Making, 11(1).","Bahník & Strack, 2016","https://osf.io/h85tz/","Price of an average new car (USD)","price",0,1,1,1,1,1,1,2,17157,1,1
"279",NA,NA,15000,1e+05,181,52181,"Bahník, Š., & Strack, F. (2016). Overlap of accessible information undermines the anchoring effect. Judgment and Decision Making, 11(1).","Bahník & Strack, 2016","https://osf.io/h85tz/","Price of an average new car (USD)","price",0,1,1,1,1,1,1,2,17157,1,1
"281",NA,NA,14000,1000,182,52182,"Bahník, Š., & Strack, F. (2016). Overlap of accessible information undermines the anchoring effect. Judgment and Decision Making, 11(1).","Bahník & Strack, 2016","https://osf.io/h85tz/","Price of an average new car (USD)","price",0,1,1,1,1,1,1,2,17157,0,1
"282",NA,NA,18000,1000,183,52183,"Bahník, Š., & Strack, F. (2016). Overlap of accessible information undermines the anchoring effect. Judgment and Decision Making, 11(1).","Bahník & Strack, 2016","https://osf.io/h85tz/","Price of an average new car (USD)","price",0,1,1,1,1,1,1,2,17157,0,1
"283",NA,NA,20000,1e+05,184,52184,"Bahník, Š., & Strack, F. (2016). Overlap of accessible information undermines the anchoring effect. Judgment and Decision Making, 11(1).","Bahník & Strack, 2016","https://osf.io/h85tz/","Price of an average new car (USD)","price",0,1,1,1,1,1,1,2,17157,1,1
"284",NA,NA,20000,1e+05,185,52185,"Bahník, Š., & Strack, F. (2016). Overlap of accessible information undermines the anchoring effect. Judgment and Decision Making, 11(1).","Bahník & Strack, 2016","https://osf.io/h85tz/","Price of an average new car (USD)","price",0,1,1,1,1,1,1,2,17157,1,1
"286",NA,NA,18000,1e+05,186,52186,"Bahník, Š., & Strack, F. (2016). Overlap of accessible information undermines the anchoring effect. Judgment and Decision Making, 11(1).","Bahník & Strack, 2016","https://osf.io/h85tz/","Price of an average new car (USD)","price",0,1,1,1,1,1,1,2,17157,1,1
"287",NA,NA,28000,1e+05,187,52187,"Bahník, Š., & Strack, F. (2016). Overlap of accessible information undermines the anchoring effect. Judgment and Decision Making, 11(1).","Bahník & Strack, 2016","https://osf.io/h85tz/","Price of an average new car (USD)","price",0,1,1,1,1,1,1,2,17157,1,1
"289",NA,NA,17000,1000,188,52188,"Bahník, Š., & Strack, F. (2016). Overlap of accessible information undermines the anchoring effect. Judgment and Decision Making, 11(1).","Bahník & Strack, 2016","https://osf.io/h85tz/","Price of an average new car (USD)","price",0,1,1,1,1,1,1,2,17157,0,1
"291",NA,NA,10000,1000,189,52189,"Bahník, Š., & Strack, F. (2016). Overlap of accessible information undermines the anchoring effect. Judgment and Decision Making, 11(1).","Bahník & Strack, 2016","https://osf.io/h85tz/","Price of an average new car (USD)","price",0,1,1,1,1,1,1,2,17157,0,1
"292",NA,NA,30000,1000,190,52190,"Bahník, Š., & Strack, F. (2016). Overlap of accessible information undermines the anchoring effect. Judgment and Decision Making, 11(1).","Bahník & Strack, 2016","https://osf.io/h85tz/","Price of an average new car (USD)","price",0,1,1,1,1,1,1,2,17157,0,1
"295",NA,NA,20000,1e+05,191,52191,"Bahník, Š., & Strack, F. (2016). Overlap of accessible information undermines the anchoring effect. Judgment and Decision Making, 11(1).","Bahník & Strack, 2016","https://osf.io/h85tz/","Price of an average new car (USD)","price",0,1,1,1,1,1,1,2,17157,1,1
"296",NA,NA,23000,1e+05,192,52192,"Bahník, Š., & Strack, F. (2016). Overlap of accessible information undermines the anchoring effect. Judgment and Decision Making, 11(1).","Bahník & Strack, 2016","https://osf.io/h85tz/","Price of an average new car (USD)","price",0,1,1,1,1,1,1,2,17157,1,1
"300",NA,NA,30000,1e+05,193,52193,"Bahník, Š., & Strack, F. (2016). Overlap of accessible information undermines the anchoring effect. Judgment and Decision Making, 11(1).","Bahník & Strack, 2016","https://osf.io/h85tz/","Price of an average new car (USD)","price",0,1,1,1,1,1,1,2,17157,1,1
"301",NA,NA,11000,1e+05,194,52194,"Bahník, Š., & Strack, F. (2016). Overlap of accessible information undermines the anchoring effect. Judgment and Decision Making, 11(1).","Bahník & Strack, 2016","https://osf.io/h85tz/","Price of an average new car (USD)","price",0,1,1,1,1,1,1,2,17157,1,1
"302",NA,NA,17000,1000,195,52195,"Bahník, Š., & Strack, F. (2016). Overlap of accessible information undermines the anchoring effect. Judgment and Decision Making, 11(1).","Bahník & Strack, 2016","https://osf.io/h85tz/","Price of an average new car (USD)","price",0,1,1,1,1,1,1,2,17157,0,1
"303",NA,NA,15000,1000,196,52196,"Bahník, Š., & Strack, F. (2016). Overlap of accessible information undermines the anchoring effect. Judgment and Decision Making, 11(1).","Bahník & Strack, 2016","https://osf.io/h85tz/","Price of an average new car (USD)","price",0,1,1,1,1,1,1,2,17157,0,1
"304",NA,NA,30000,1e+05,197,52197,"Bahník, Š., & Strack, F. (2016). Overlap of accessible information undermines the anchoring effect. Judgment and Decision Making, 11(1).","Bahník & Strack, 2016","https://osf.io/h85tz/","Price of an average new car (USD)","price",0,1,1,1,1,1,1,2,17157,1,1
"305",NA,NA,15000,1000,198,52198,"Bahník, Š., & Strack, F. (2016). Overlap of accessible information undermines the anchoring effect. Judgment and Decision Making, 11(1).","Bahník & Strack, 2016","https://osf.io/h85tz/","Price of an average new car (USD)","price",0,1,1,1,1,1,1,2,17157,0,1
"306",NA,NA,24000,1e+05,199,52199,"Bahník, Š., & Strack, F. (2016). Overlap of accessible information undermines the anchoring effect. Judgment and Decision Making, 11(1).","Bahník & Strack, 2016","https://osf.io/h85tz/","Price of an average new car (USD)","price",0,1,1,1,1,1,1,2,17157,1,1
"309",NA,NA,20000,1e+05,200,52200,"Bahník, Š., & Strack, F. (2016). Overlap of accessible information undermines the anchoring effect. Judgment and Decision Making, 11(1).","Bahník & Strack, 2016","https://osf.io/h85tz/","Price of an average new car (USD)","price",0,1,1,1,1,1,1,2,17157,1,1
"315",NA,NA,13000,1000,201,52201,"Bahník, Š., & Strack, F. (2016). Overlap of accessible information undermines the anchoring effect. Judgment and Decision Making, 11(1).","Bahník & Strack, 2016","https://osf.io/h85tz/","Price of an average new car (USD)","price",0,1,1,1,1,1,1,2,17157,0,1
"316",NA,NA,20000,1e+05,202,52202,"Bahník, Š., & Strack, F. (2016). Overlap of accessible information undermines the anchoring effect. Judgment and Decision Making, 11(1).","Bahník & Strack, 2016","https://osf.io/h85tz/","Price of an average new car (USD)","price",0,1,1,1,1,1,1,2,17157,1,1
"319",NA,NA,30000,1e+05,203,52203,"Bahník, Š., & Strack, F. (2016). Overlap of accessible information undermines the anchoring effect. Judgment and Decision Making, 11(1).","Bahník & Strack, 2016","https://osf.io/h85tz/","Price of an average new car (USD)","price",0,1,1,1,1,1,1,2,17157,1,1
"320",NA,NA,12000,1000,204,52204,"Bahník, Š., & Strack, F. (2016). Overlap of accessible information undermines the anchoring effect. Judgment and Decision Making, 11(1).","Bahník & Strack, 2016","https://osf.io/h85tz/","Price of an average new car (USD)","price",0,1,1,1,1,1,1,2,17157,0,1
"321",NA,NA,2000,1000,205,52205,"Bahník, Š., & Strack, F. (2016). Overlap of accessible information undermines the anchoring effect. Judgment and Decision Making, 11(1).","Bahník & Strack, 2016","https://osf.io/h85tz/","Price of an average new car (USD)","price",0,1,1,1,1,1,1,2,17157,0,1
"322",NA,NA,15000,1e+05,206,52206,"Bahník, Š., & Strack, F. (2016). Overlap of accessible information undermines the anchoring effect. Judgment and Decision Making, 11(1).","Bahník & Strack, 2016","https://osf.io/h85tz/","Price of an average new car (USD)","price",0,1,1,1,1,1,1,2,17157,1,1
"323",NA,NA,20000,1000,207,52207,"Bahník, Š., & Strack, F. (2016). Overlap of accessible information undermines the anchoring effect. Judgment and Decision Making, 11(1).","Bahník & Strack, 2016","https://osf.io/h85tz/","Price of an average new car (USD)","price",0,1,1,1,1,1,1,2,17157,0,1
"324",NA,NA,18000,1e+05,208,52208,"Bahník, Š., & Strack, F. (2016). Overlap of accessible information undermines the anchoring effect. Judgment and Decision Making, 11(1).","Bahník & Strack, 2016","https://osf.io/h85tz/","Price of an average new car (USD)","price",0,1,1,1,1,1,1,2,17157,1,1
"328",NA,NA,20000,1000,209,52209,"Bahník, Š., & Strack, F. (2016). Overlap of accessible information undermines the anchoring effect. Judgment and Decision Making, 11(1).","Bahník & Strack, 2016","https://osf.io/h85tz/","Price of an average new car (USD)","price",0,1,1,1,1,1,1,2,17157,0,1
"331",NA,NA,17000,1e+05,210,52210,"Bahník, Š., & Strack, F. (2016). Overlap of accessible information undermines the anchoring effect. Judgment and Decision Making, 11(1).","Bahník & Strack, 2016","https://osf.io/h85tz/","Price of an average new car (USD)","price",0,1,1,1,1,1,1,2,17157,1,1
"332",NA,NA,25000,1000,211,52211,"Bahník, Š., & Strack, F. (2016). Overlap of accessible information undermines the anchoring effect. Judgment and Decision Making, 11(1).","Bahník & Strack, 2016","https://osf.io/h85tz/","Price of an average new car (USD)","price",0,1,1,1,1,1,1,2,17157,0,1
"333",NA,NA,25000,1e+05,212,52212,"Bahník, Š., & Strack, F. (2016). Overlap of accessible information undermines the anchoring effect. Judgment and Decision Making, 11(1).","Bahník & Strack, 2016","https://osf.io/h85tz/","Price of an average new car (USD)","price",0,1,1,1,1,1,1,2,17157,1,1
"334",NA,NA,22000,1000,213,52213,"Bahník, Š., & Strack, F. (2016). Overlap of accessible information undermines the anchoring effect. Judgment and Decision Making, 11(1).","Bahník & Strack, 2016","https://osf.io/h85tz/","Price of an average new car (USD)","price",0,1,1,1,1,1,1,2,17157,0,1
"335",NA,NA,20000,1e+05,214,52214,"Bahník, Š., & Strack, F. (2016). Overlap of accessible information undermines the anchoring effect. Judgment and Decision Making, 11(1).","Bahník & Strack, 2016","https://osf.io/h85tz/","Price of an average new car (USD)","price",0,1,1,1,1,1,1,2,17157,1,1
"336",NA,NA,18000,1000,215,52215,"Bahník, Š., & Strack, F. (2016). Overlap of accessible information undermines the anchoring effect. Judgment and Decision Making, 11(1).","Bahník & Strack, 2016","https://osf.io/h85tz/","Price of an average new car (USD)","price",0,1,1,1,1,1,1,2,17157,0,1
"338",NA,NA,16000,1e+05,216,52216,"Bahník, Š., & Strack, F. (2016). Overlap of accessible information undermines the anchoring effect. Judgment and Decision Making, 11(1).","Bahník & Strack, 2016","https://osf.io/h85tz/","Price of an average new car (USD)","price",0,1,1,1,1,1,1,2,17157,1,1
"340",NA,NA,36000,1e+05,217,52217,"Bahník, Š., & Strack, F. (2016). Overlap of accessible information undermines the anchoring effect. Judgment and Decision Making, 11(1).","Bahník & Strack, 2016","https://osf.io/h85tz/","Price of an average new car (USD)","price",0,1,1,1,1,1,1,2,17157,1,1
"341",NA,NA,20000,1e+05,218,52218,"Bahník, Š., & Strack, F. (2016). Overlap of accessible information undermines the anchoring effect. Judgment and Decision Making, 11(1).","Bahník & Strack, 2016","https://osf.io/h85tz/","Price of an average new car (USD)","price",0,1,1,1,1,1,1,2,17157,1,1
"342",NA,NA,15000,1000,219,52219,"Bahník, Š., & Strack, F. (2016). Overlap of accessible information undermines the anchoring effect. Judgment and Decision Making, 11(1).","Bahník & Strack, 2016","https://osf.io/h85tz/","Price of an average new car (USD)","price",0,1,1,1,1,1,1,2,17157,0,1
"345",NA,NA,25000,1e+05,220,52220,"Bahník, Š., & Strack, F. (2016). Overlap of accessible information undermines the anchoring effect. Judgment and Decision Making, 11(1).","Bahník & Strack, 2016","https://osf.io/h85tz/","Price of an average new car (USD)","price",0,1,1,1,1,1,1,2,17157,1,1
"346",NA,NA,25000,1e+05,221,52221,"Bahník, Š., & Strack, F. (2016). Overlap of accessible information undermines the anchoring effect. Judgment and Decision Making, 11(1).","Bahník & Strack, 2016","https://osf.io/h85tz/","Price of an average new car (USD)","price",0,1,1,1,1,1,1,2,17157,1,1
"347",NA,NA,40000,1e+05,222,52222,"Bahník, Š., & Strack, F. (2016). Overlap of accessible information undermines the anchoring effect. Judgment and Decision Making, 11(1).","Bahník & Strack, 2016","https://osf.io/h85tz/","Price of an average new car (USD)","price",0,1,1,1,1,1,1,2,17157,1,1
"348",NA,NA,20000,1000,223,52223,"Bahník, Š., & Strack, F. (2016). Overlap of accessible information undermines the anchoring effect. Judgment and Decision Making, 11(1).","Bahník & Strack, 2016","https://osf.io/h85tz/","Price of an average new car (USD)","price",0,1,1,1,1,1,1,2,17157,0,1
"350",NA,NA,20000,1e+05,224,52224,"Bahník, Š., & Strack, F. (2016). Overlap of accessible information undermines the anchoring effect. Judgment and Decision Making, 11(1).","Bahník & Strack, 2016","https://osf.io/h85tz/","Price of an average new car (USD)","price",0,1,1,1,1,1,1,2,17157,1,1
"351",NA,NA,15000,1e+05,225,52225,"Bahník, Š., & Strack, F. (2016). Overlap of accessible information undermines the anchoring effect. Judgment and Decision Making, 11(1).","Bahník & Strack, 2016","https://osf.io/h85tz/","Price of an average new car (USD)","price",0,1,1,1,1,1,1,2,17157,1,1
"356",NA,NA,24000,1000,226,52226,"Bahník, Š., & Strack, F. (2016). Overlap of accessible information undermines the anchoring effect. Judgment and Decision Making, 11(1).","Bahník & Strack, 2016","https://osf.io/h85tz/","Price of an average new car (USD)","price",0,1,1,1,1,1,1,2,17157,0,1
"357",NA,NA,20000,1e+05,227,52227,"Bahník, Š., & Strack, F. (2016). Overlap of accessible information undermines the anchoring effect. Judgment and Decision Making, 11(1).","Bahník & Strack, 2016","https://osf.io/h85tz/","Price of an average new car (USD)","price",0,1,1,1,1,1,1,2,17157,1,1
"358",NA,NA,45000,1e+05,228,52228,"Bahník, Š., & Strack, F. (2016). Overlap of accessible information undermines the anchoring effect. Judgment and Decision Making, 11(1).","Bahník & Strack, 2016","https://osf.io/h85tz/","Price of an average new car (USD)","price",0,1,1,1,1,1,1,2,17157,1,1
"359",NA,NA,18000,1000,229,52229,"Bahník, Š., & Strack, F. (2016). Overlap of accessible information undermines the anchoring effect. Judgment and Decision Making, 11(1).","Bahník & Strack, 2016","https://osf.io/h85tz/","Price of an average new car (USD)","price",0,1,1,1,1,1,1,2,17157,0,1
"360",NA,NA,20000,1000,230,52230,"Bahník, Š., & Strack, F. (2016). Overlap of accessible information undermines the anchoring effect. Judgment and Decision Making, 11(1).","Bahník & Strack, 2016","https://osf.io/h85tz/","Price of an average new car (USD)","price",0,1,1,1,1,1,1,2,17157,0,1
"361",NA,NA,35000,1e+05,231,52231,"Bahník, Š., & Strack, F. (2016). Overlap of accessible information undermines the anchoring effect. Judgment and Decision Making, 11(1).","Bahník & Strack, 2016","https://osf.io/h85tz/","Price of an average new car (USD)","price",0,1,1,1,1,1,1,2,17157,1,1
"362",NA,NA,30000,1e+05,232,52232,"Bahník, Š., & Strack, F. (2016). Overlap of accessible information undermines the anchoring effect. Judgment and Decision Making, 11(1).","Bahník & Strack, 2016","https://osf.io/h85tz/","Price of an average new car (USD)","price",0,1,1,1,1,1,1,2,17157,1,1
"364",NA,NA,30000,1000,233,52233,"Bahník, Š., & Strack, F. (2016). Overlap of accessible information undermines the anchoring effect. Judgment and Decision Making, 11(1).","Bahník & Strack, 2016","https://osf.io/h85tz/","Price of an average new car (USD)","price",0,1,1,1,1,1,1,2,17157,0,1
"365",NA,NA,15000,1000,234,52234,"Bahník, Š., & Strack, F. (2016). Overlap of accessible information undermines the anchoring effect. Judgment and Decision Making, 11(1).","Bahník & Strack, 2016","https://osf.io/h85tz/","Price of an average new car (USD)","price",0,1,1,1,1,1,1,2,17157,0,1
"366",NA,NA,20000,1e+05,235,52235,"Bahník, Š., & Strack, F. (2016). Overlap of accessible information undermines the anchoring effect. Judgment and Decision Making, 11(1).","Bahník & Strack, 2016","https://osf.io/h85tz/","Price of an average new car (USD)","price",0,1,1,1,1,1,1,2,17157,1,1
"367",NA,NA,17000,1000,236,52236,"Bahník, Š., & Strack, F. (2016). Overlap of accessible information undermines the anchoring effect. Judgment and Decision Making, 11(1).","Bahník & Strack, 2016","https://osf.io/h85tz/","Price of an average new car (USD)","price",0,1,1,1,1,1,1,2,17157,0,1
"368",NA,NA,8000,1000,237,52237,"Bahník, Š., & Strack, F. (2016). Overlap of accessible information undermines the anchoring effect. Judgment and Decision Making, 11(1).","Bahník & Strack, 2016","https://osf.io/h85tz/","Price of an average new car (USD)","price",0,1,1,1,1,1,1,2,17157,0,1
"369",NA,NA,22000,1000,238,52238,"Bahník, Š., & Strack, F. (2016). Overlap of accessible information undermines the anchoring effect. Judgment and Decision Making, 11(1).","Bahník & Strack, 2016","https://osf.io/h85tz/","Price of an average new car (USD)","price",0,1,1,1,1,1,1,2,17157,0,1
"370",NA,NA,18000,1e+05,239,52239,"Bahník, Š., & Strack, F. (2016). Overlap of accessible information undermines the anchoring effect. Judgment and Decision Making, 11(1).","Bahník & Strack, 2016","https://osf.io/h85tz/","Price of an average new car (USD)","price",0,1,1,1,1,1,1,2,17157,1,1
"371",NA,NA,15000,1e+05,240,52240,"Bahník, Š., & Strack, F. (2016). Overlap of accessible information undermines the anchoring effect. Judgment and Decision Making, 11(1).","Bahník & Strack, 2016","https://osf.io/h85tz/","Price of an average new car (USD)","price",0,1,1,1,1,1,1,2,17157,1,1
"372",NA,NA,15000,1000,241,52241,"Bahník, Š., & Strack, F. (2016). Overlap of accessible information undermines the anchoring effect. Judgment and Decision Making, 11(1).","Bahník & Strack, 2016","https://osf.io/h85tz/","Price of an average new car (USD)","price",0,1,1,1,1,1,1,2,17157,0,1
"373",NA,NA,125000,1e+05,242,52242,"Bahník, Š., & Strack, F. (2016). Overlap of accessible information undermines the anchoring effect. Judgment and Decision Making, 11(1).","Bahník & Strack, 2016","https://osf.io/h85tz/","Price of an average new car (USD)","price",0,1,1,1,1,1,1,2,17157,1,1
"374",NA,NA,18000,1e+05,243,52243,"Bahník, Š., & Strack, F. (2016). Overlap of accessible information undermines the anchoring effect. Judgment and Decision Making, 11(1).","Bahník & Strack, 2016","https://osf.io/h85tz/","Price of an average new car (USD)","price",0,1,1,1,1,1,1,2,17157,1,1
"375",NA,NA,20000,1e+05,244,52244,"Bahník, Š., & Strack, F. (2016). Overlap of accessible information undermines the anchoring effect. Judgment and Decision Making, 11(1).","Bahník & Strack, 2016","https://osf.io/h85tz/","Price of an average new car (USD)","price",0,1,1,1,1,1,1,2,17157,1,1
"377",NA,NA,20000,1000,245,52245,"Bahník, Š., & Strack, F. (2016). Overlap of accessible information undermines the anchoring effect. Judgment and Decision Making, 11(1).","Bahník & Strack, 2016","https://osf.io/h85tz/","Price of an average new car (USD)","price",0,1,1,1,1,1,1,2,17157,0,1
"378",NA,NA,18000,1000,246,52246,"Bahník, Š., & Strack, F. (2016). Overlap of accessible information undermines the anchoring effect. Judgment and Decision Making, 11(1).","Bahník & Strack, 2016","https://osf.io/h85tz/","Price of an average new car (USD)","price",0,1,1,1,1,1,1,2,17157,0,1
"380",NA,NA,19000,1e+05,247,52247,"Bahník, Š., & Strack, F. (2016). Overlap of accessible information undermines the anchoring effect. Judgment and Decision Making, 11(1).","Bahník & Strack, 2016","https://osf.io/h85tz/","Price of an average new car (USD)","price",0,1,1,1,1,1,1,2,17157,1,1
"381",NA,NA,25000,1e+05,248,52248,"Bahník, Š., & Strack, F. (2016). Overlap of accessible information undermines the anchoring effect. Judgment and Decision Making, 11(1).","Bahník & Strack, 2016","https://osf.io/h85tz/","Price of an average new car (USD)","price",0,1,1,1,1,1,1,2,17157,1,1
"383",NA,NA,15000,1000,249,52249,"Bahník, Š., & Strack, F. (2016). Overlap of accessible information undermines the anchoring effect. Judgment and Decision Making, 11(1).","Bahník & Strack, 2016","https://osf.io/h85tz/","Price of an average new car (USD)","price",0,1,1,1,1,1,1,2,17157,0,1
"384",NA,NA,20000,1000,250,52250,"Bahník, Š., & Strack, F. (2016). Overlap of accessible information undermines the anchoring effect. Judgment and Decision Making, 11(1).","Bahník & Strack, 2016","https://osf.io/h85tz/","Price of an average new car (USD)","price",0,1,1,1,1,1,1,2,17157,0,1
"385",NA,NA,15000,1000,251,52251,"Bahník, Š., & Strack, F. (2016). Overlap of accessible information undermines the anchoring effect. Judgment and Decision Making, 11(1).","Bahník & Strack, 2016","https://osf.io/h85tz/","Price of an average new car (USD)","price",0,1,1,1,1,1,1,2,17157,0,1
"386",NA,NA,10000,1000,252,52252,"Bahník, Š., & Strack, F. (2016). Overlap of accessible information undermines the anchoring effect. Judgment and Decision Making, 11(1).","Bahník & Strack, 2016","https://osf.io/h85tz/","Price of an average new car (USD)","price",0,1,1,1,1,1,1,2,17157,0,1
"389",NA,NA,11000,1000,253,52253,"Bahník, Š., & Strack, F. (2016). Overlap of accessible information undermines the anchoring effect. Judgment and Decision Making, 11(1).","Bahník & Strack, 2016","https://osf.io/h85tz/","Price of an average new car (USD)","price",0,1,1,1,1,1,1,2,17157,0,1
"390",NA,NA,30000,1e+05,254,52254,"Bahník, Š., & Strack, F. (2016). Overlap of accessible information undermines the anchoring effect. Judgment and Decision Making, 11(1).","Bahník & Strack, 2016","https://osf.io/h85tz/","Price of an average new car (USD)","price",0,1,1,1,1,1,1,2,17157,1,1
"391",NA,NA,30000,1000,255,52255,"Bahník, Š., & Strack, F. (2016). Overlap of accessible information undermines the anchoring effect. Judgment and Decision Making, 11(1).","Bahník & Strack, 2016","https://osf.io/h85tz/","Price of an average new car (USD)","price",0,1,1,1,1,1,1,2,17157,0,1
"392",NA,NA,16000,1000,256,52256,"Bahník, Š., & Strack, F. (2016). Overlap of accessible information undermines the anchoring effect. Judgment and Decision Making, 11(1).","Bahník & Strack, 2016","https://osf.io/h85tz/","Price of an average new car (USD)","price",0,1,1,1,1,1,1,2,17157,0,1
"393",NA,NA,18000,1000,257,52257,"Bahník, Š., & Strack, F. (2016). Overlap of accessible information undermines the anchoring effect. Judgment and Decision Making, 11(1).","Bahník & Strack, 2016","https://osf.io/h85tz/","Price of an average new car (USD)","price",0,1,1,1,1,1,1,2,17157,0,1
"394",NA,NA,45000,1e+05,258,52258,"Bahník, Š., & Strack, F. (2016). Overlap of accessible information undermines the anchoring effect. Judgment and Decision Making, 11(1).","Bahník & Strack, 2016","https://osf.io/h85tz/","Price of an average new car (USD)","price",0,1,1,1,1,1,1,2,17157,1,1
"395",NA,NA,15000,1e+05,259,52259,"Bahník, Š., & Strack, F. (2016). Overlap of accessible information undermines the anchoring effect. Judgment and Decision Making, 11(1).","Bahník & Strack, 2016","https://osf.io/h85tz/","Price of an average new car (USD)","price",0,1,1,1,1,1,1,2,17157,1,1
"396",NA,NA,25000,1000,260,52260,"Bahník, Š., & Strack, F. (2016). Overlap of accessible information undermines the anchoring effect. Judgment and Decision Making, 11(1).","Bahník & Strack, 2016","https://osf.io/h85tz/","Price of an average new car (USD)","price",0,1,1,1,1,1,1,2,17157,0,1
"397",NA,NA,19000,1000,261,52261,"Bahník, Š., & Strack, F. (2016). Overlap of accessible information undermines the anchoring effect. Judgment and Decision Making, 11(1).","Bahník & Strack, 2016","https://osf.io/h85tz/","Price of an average new car (USD)","price",0,1,1,1,1,1,1,2,17157,0,1
"398",NA,NA,25000,1e+05,262,52262,"Bahník, Š., & Strack, F. (2016). Overlap of accessible information undermines the anchoring effect. Judgment and Decision Making, 11(1).","Bahník & Strack, 2016","https://osf.io/h85tz/","Price of an average new car (USD)","price",0,1,1,1,1,1,1,2,17157,1,1
"399",NA,NA,18000,1e+05,263,52263,"Bahník, Š., & Strack, F. (2016). Overlap of accessible information undermines the anchoring effect. Judgment and Decision Making, 11(1).","Bahník & Strack, 2016","https://osf.io/h85tz/","Price of an average new car (USD)","price",0,1,1,1,1,1,1,2,17157,1,1
"400",NA,NA,20000,1e+05,264,52264,"Bahník, Š., & Strack, F. (2016). Overlap of accessible information undermines the anchoring effect. Judgment and Decision Making, 11(1).","Bahník & Strack, 2016","https://osf.io/h85tz/","Price of an average new car (USD)","price",0,1,1,1,1,1,1,2,17157,1,1
"403",NA,NA,25000,1e+05,265,52265,"Bahník, Š., & Strack, F. (2016). Overlap of accessible information undermines the anchoring effect. Judgment and Decision Making, 11(1).","Bahník & Strack, 2016","https://osf.io/h85tz/","Price of an average new car (USD)","price",0,1,1,1,1,1,1,2,17157,1,1
"404",NA,NA,18000,1e+05,266,52266,"Bahník, Š., & Strack, F. (2016). Overlap of accessible information undermines the anchoring effect. Judgment and Decision Making, 11(1).","Bahník & Strack, 2016","https://osf.io/h85tz/","Price of an average new car (USD)","price",0,1,1,1,1,1,1,2,17157,1,1
"405",NA,NA,30000,1000,267,52267,"Bahník, Š., & Strack, F. (2016). Overlap of accessible information undermines the anchoring effect. Judgment and Decision Making, 11(1).","Bahník & Strack, 2016","https://osf.io/h85tz/","Price of an average new car (USD)","price",0,1,1,1,1,1,1,2,17157,0,1
"406",NA,NA,20000,1e+05,268,52268,"Bahník, Š., & Strack, F. (2016). Overlap of accessible information undermines the anchoring effect. Judgment and Decision Making, 11(1).","Bahník & Strack, 2016","https://osf.io/h85tz/","Price of an average new car (USD)","price",0,1,1,1,1,1,1,2,17157,1,1
"407",NA,NA,17500,1000,269,52269,"Bahník, Š., & Strack, F. (2016). Overlap of accessible information undermines the anchoring effect. Judgment and Decision Making, 11(1).","Bahník & Strack, 2016","https://osf.io/h85tz/","Price of an average new car (USD)","price",0,1,1,1,1,1,1,2,17157,0,1
"408",NA,NA,40000,1e+05,270,52270,"Bahník, Š., & Strack, F. (2016). Overlap of accessible information undermines the anchoring effect. Judgment and Decision Making, 11(1).","Bahník & Strack, 2016","https://osf.io/h85tz/","Price of an average new car (USD)","price",0,1,1,1,1,1,1,2,17157,1,1
"409",NA,NA,30000,1e+05,271,52271,"Bahník, Š., & Strack, F. (2016). Overlap of accessible information undermines the anchoring effect. Judgment and Decision Making, 11(1).","Bahník & Strack, 2016","https://osf.io/h85tz/","Price of an average new car (USD)","price",0,1,1,1,1,1,1,2,17157,1,1
"410",NA,NA,19000,1000,272,52272,"Bahník, Š., & Strack, F. (2016). Overlap of accessible information undermines the anchoring effect. Judgment and Decision Making, 11(1).","Bahník & Strack, 2016","https://osf.io/h85tz/","Price of an average new car (USD)","price",0,1,1,1,1,1,1,2,17157,0,1
"411",NA,NA,40000,1e+05,273,52273,"Bahník, Š., & Strack, F. (2016). Overlap of accessible information undermines the anchoring effect. Judgment and Decision Making, 11(1).","Bahník & Strack, 2016","https://osf.io/h85tz/","Price of an average new car (USD)","price",0,1,1,1,1,1,1,2,17157,1,1
"412",NA,NA,21000,1000,274,52274,"Bahník, Š., & Strack, F. (2016). Overlap of accessible information undermines the anchoring effect. Judgment and Decision Making, 11(1).","Bahník & Strack, 2016","https://osf.io/h85tz/","Price of an average new car (USD)","price",0,1,1,1,1,1,1,2,17157,0,1
"413",NA,NA,15000,1e+05,275,52275,"Bahník, Š., & Strack, F. (2016). Overlap of accessible information undermines the anchoring effect. Judgment and Decision Making, 11(1).","Bahník & Strack, 2016","https://osf.io/h85tz/","Price of an average new car (USD)","price",0,1,1,1,1,1,1,2,17157,1,1
"415",NA,NA,20000,1e+05,276,52276,"Bahník, Š., & Strack, F. (2016). Overlap of accessible information undermines the anchoring effect. Judgment and Decision Making, 11(1).","Bahník & Strack, 2016","https://osf.io/h85tz/","Price of an average new car (USD)","price",0,1,1,1,1,1,1,2,17157,1,1
"416",NA,NA,20000,1e+05,277,52277,"Bahník, Š., & Strack, F. (2016). Overlap of accessible information undermines the anchoring effect. Judgment and Decision Making, 11(1).","Bahník & Strack, 2016","https://osf.io/h85tz/","Price of an average new car (USD)","price",0,1,1,1,1,1,1,2,17157,1,1
"417",NA,NA,20000,1e+05,278,52278,"Bahník, Š., & Strack, F. (2016). Overlap of accessible information undermines the anchoring effect. Judgment and Decision Making, 11(1).","Bahník & Strack, 2016","https://osf.io/h85tz/","Price of an average new car (USD)","price",0,1,1,1,1,1,1,2,17157,1,1
"418",NA,NA,12500,1000,279,52279,"Bahník, Š., & Strack, F. (2016). Overlap of accessible information undermines the anchoring effect. Judgment and Decision Making, 11(1).","Bahník & Strack, 2016","https://osf.io/h85tz/","Price of an average new car (USD)","price",0,1,1,1,1,1,1,2,17157,0,1
"419",NA,NA,20000,1e+05,280,52280,"Bahník, Š., & Strack, F. (2016). Overlap of accessible information undermines the anchoring effect. Judgment and Decision Making, 11(1).","Bahník & Strack, 2016","https://osf.io/h85tz/","Price of an average new car (USD)","price",0,1,1,1,1,1,1,2,17157,1,1
"420",NA,NA,20000,1e+05,281,52281,"Bahník, Š., & Strack, F. (2016). Overlap of accessible information undermines the anchoring effect. Judgment and Decision Making, 11(1).","Bahník & Strack, 2016","https://osf.io/h85tz/","Price of an average new car (USD)","price",0,1,1,1,1,1,1,2,17157,1,1
"421",NA,NA,20000,1e+05,282,52282,"Bahník, Š., & Strack, F. (2016). Overlap of accessible information undermines the anchoring effect. Judgment and Decision Making, 11(1).","Bahník & Strack, 2016","https://osf.io/h85tz/","Price of an average new car (USD)","price",0,1,1,1,1,1,1,2,17157,1,1
"423",NA,NA,16,1000,283,52283,"Bahník, Š., & Strack, F. (2016). Overlap of accessible information undermines the anchoring effect. Judgment and Decision Making, 11(1).","Bahník & Strack, 2016","https://osf.io/h85tz/","Price of an average new car (USD)","price",0,1,1,1,1,1,1,2,17157,0,1
"424",NA,NA,15000,1e+05,284,52284,"Bahník, Š., & Strack, F. (2016). Overlap of accessible information undermines the anchoring effect. Judgment and Decision Making, 11(1).","Bahník & Strack, 2016","https://osf.io/h85tz/","Price of an average new car (USD)","price",0,1,1,1,1,1,1,2,17157,1,1
"425",NA,NA,20000,1000,285,52285,"Bahník, Š., & Strack, F. (2016). Overlap of accessible information undermines the anchoring effect. Judgment and Decision Making, 11(1).","Bahník & Strack, 2016","https://osf.io/h85tz/","Price of an average new car (USD)","price",0,1,1,1,1,1,1,2,17157,0,1
"426",NA,NA,20000,1000,286,52286,"Bahník, Š., & Strack, F. (2016). Overlap of accessible information undermines the anchoring effect. Judgment and Decision Making, 11(1).","Bahník & Strack, 2016","https://osf.io/h85tz/","Price of an average new car (USD)","price",0,1,1,1,1,1,1,2,17157,0,1
"428",NA,NA,15000,1e+05,287,52287,"Bahník, Š., & Strack, F. (2016). Overlap of accessible information undermines the anchoring effect. Judgment and Decision Making, 11(1).","Bahník & Strack, 2016","https://osf.io/h85tz/","Price of an average new car (USD)","price",0,1,1,1,1,1,1,2,17157,1,1
"429",NA,NA,15000,1000,288,52288,"Bahník, Š., & Strack, F. (2016). Overlap of accessible information undermines the anchoring effect. Judgment and Decision Making, 11(1).","Bahník & Strack, 2016","https://osf.io/h85tz/","Price of an average new car (USD)","price",0,1,1,1,1,1,1,2,17157,0,1
"430",NA,NA,18000,1000,289,52289,"Bahník, Š., & Strack, F. (2016). Overlap of accessible information undermines the anchoring effect. Judgment and Decision Making, 11(1).","Bahník & Strack, 2016","https://osf.io/h85tz/","Price of an average new car (USD)","price",0,1,1,1,1,1,1,2,17157,0,1
"432",NA,NA,30000,1000,290,52290,"Bahník, Š., & Strack, F. (2016). Overlap of accessible information undermines the anchoring effect. Judgment and Decision Making, 11(1).","Bahník & Strack, 2016","https://osf.io/h85tz/","Price of an average new car (USD)","price",0,1,1,1,1,1,1,2,17157,0,1
"435",NA,NA,25000,1e+05,291,52291,"Bahník, Š., & Strack, F. (2016). Overlap of accessible information undermines the anchoring effect. Judgment and Decision Making, 11(1).","Bahník & Strack, 2016","https://osf.io/h85tz/","Price of an average new car (USD)","price",0,1,1,1,1,1,1,2,17157,1,1
"436",NA,NA,16000,1000,292,52292,"Bahník, Š., & Strack, F. (2016). Overlap of accessible information undermines the anchoring effect. Judgment and Decision Making, 11(1).","Bahník & Strack, 2016","https://osf.io/h85tz/","Price of an average new car (USD)","price",0,1,1,1,1,1,1,2,17157,0,1
"437",NA,NA,20000,1e+05,293,52293,"Bahník, Š., & Strack, F. (2016). Overlap of accessible information undermines the anchoring effect. Judgment and Decision Making, 11(1).","Bahník & Strack, 2016","https://osf.io/h85tz/","Price of an average new car (USD)","price",0,1,1,1,1,1,1,2,17157,1,1
"438",NA,NA,30000,1e+05,294,52294,"Bahník, Š., & Strack, F. (2016). Overlap of accessible information undermines the anchoring effect. Judgment and Decision Making, 11(1).","Bahník & Strack, 2016","https://osf.io/h85tz/","Price of an average new car (USD)","price",0,1,1,1,1,1,1,2,17157,1,1
"439",NA,NA,75000,1e+05,295,52295,"Bahník, Š., & Strack, F. (2016). Overlap of accessible information undermines the anchoring effect. Judgment and Decision Making, 11(1).","Bahník & Strack, 2016","https://osf.io/h85tz/","Price of an average new car (USD)","price",0,1,1,1,1,1,1,2,17157,1,1
"440",NA,NA,25000,1000,296,52296,"Bahník, Š., & Strack, F. (2016). Overlap of accessible information undermines the anchoring effect. Judgment and Decision Making, 11(1).","Bahník & Strack, 2016","https://osf.io/h85tz/","Price of an average new car (USD)","price",0,1,1,1,1,1,1,2,17157,0,1
"442",NA,NA,18000,1e+05,297,52297,"Bahník, Š., & Strack, F. (2016). Overlap of accessible information undermines the anchoring effect. Judgment and Decision Making, 11(1).","Bahník & Strack, 2016","https://osf.io/h85tz/","Price of an average new car (USD)","price",0,1,1,1,1,1,1,2,17157,1,1
"443",NA,NA,20000,1000,298,52298,"Bahník, Š., & Strack, F. (2016). Overlap of accessible information undermines the anchoring effect. Judgment and Decision Making, 11(1).","Bahník & Strack, 2016","https://osf.io/h85tz/","Price of an average new car (USD)","price",0,1,1,1,1,1,1,2,17157,0,1
"445",NA,NA,10000,1e+05,299,52299,"Bahník, Š., & Strack, F. (2016). Overlap of accessible information undermines the anchoring effect. Judgment and Decision Making, 11(1).","Bahník & Strack, 2016","https://osf.io/h85tz/","Price of an average new car (USD)","price",0,1,1,1,1,1,1,2,17157,1,1
"446",NA,NA,20000,1000,300,52300,"Bahník, Š., & Strack, F. (2016). Overlap of accessible information undermines the anchoring effect. Judgment and Decision Making, 11(1).","Bahník & Strack, 2016","https://osf.io/h85tz/","Price of an average new car (USD)","price",0,1,1,1,1,1,1,2,17157,0,1
"447",NA,NA,25000,1000,301,52301,"Bahník, Š., & Strack, F. (2016). Overlap of accessible information undermines the anchoring effect. Judgment and Decision Making, 11(1).","Bahník & Strack, 2016","https://osf.io/h85tz/","Price of an average new car (USD)","price",0,1,1,1,1,1,1,2,17157,0,1
"448",NA,NA,11000,1e+05,302,52302,"Bahník, Š., & Strack, F. (2016). Overlap of accessible information undermines the anchoring effect. Judgment and Decision Making, 11(1).","Bahník & Strack, 2016","https://osf.io/h85tz/","Price of an average new car (USD)","price",0,1,1,1,1,1,1,2,17157,1,1
"450",NA,NA,4000,1000,303,52303,"Bahník, Š., & Strack, F. (2016). Overlap of accessible information undermines the anchoring effect. Judgment and Decision Making, 11(1).","Bahník & Strack, 2016","https://osf.io/h85tz/","Price of an average new car (USD)","price",0,1,1,1,1,1,1,2,17157,0,1
"451",NA,NA,18000,1000,304,52304,"Bahník, Š., & Strack, F. (2016). Overlap of accessible information undermines the anchoring effect. Judgment and Decision Making, 11(1).","Bahník & Strack, 2016","https://osf.io/h85tz/","Price of an average new car (USD)","price",0,1,1,1,1,1,1,2,17157,0,1
"452",NA,NA,25000,1e+05,305,52305,"Bahník, Š., & Strack, F. (2016). Overlap of accessible information undermines the anchoring effect. Judgment and Decision Making, 11(1).","Bahník & Strack, 2016","https://osf.io/h85tz/","Price of an average new car (USD)","price",0,1,1,1,1,1,1,2,17157,1,1
"453",NA,NA,25000,1e+05,306,52306,"Bahník, Š., & Strack, F. (2016). Overlap of accessible information undermines the anchoring effect. Judgment and Decision Making, 11(1).","Bahník & Strack, 2016","https://osf.io/h85tz/","Price of an average new car (USD)","price",0,1,1,1,1,1,1,2,17157,1,1
"455",NA,NA,50000,1e+05,307,52307,"Bahník, Š., & Strack, F. (2016). Overlap of accessible information undermines the anchoring effect. Judgment and Decision Making, 11(1).","Bahník & Strack, 2016","https://osf.io/h85tz/","Price of an average new car (USD)","price",0,1,1,1,1,1,1,2,17157,1,1
"456",NA,NA,26000,1000,308,52308,"Bahník, Š., & Strack, F. (2016). Overlap of accessible information undermines the anchoring effect. Judgment and Decision Making, 11(1).","Bahník & Strack, 2016","https://osf.io/h85tz/","Price of an average new car (USD)","price",0,1,1,1,1,1,1,2,17157,0,1
"457",NA,NA,31252,1000,309,52309,"Bahník, Š., & Strack, F. (2016). Overlap of accessible information undermines the anchoring effect. Judgment and Decision Making, 11(1).","Bahník & Strack, 2016","https://osf.io/h85tz/","Price of an average new car (USD)","price",0,1,1,1,1,1,1,2,17157,0,1
"459",NA,NA,21000,1e+05,310,52310,"Bahník, Š., & Strack, F. (2016). Overlap of accessible information undermines the anchoring effect. Judgment and Decision Making, 11(1).","Bahník & Strack, 2016","https://osf.io/h85tz/","Price of an average new car (USD)","price",0,1,1,1,1,1,1,2,17157,1,1
"460",NA,NA,40000,1000,311,52311,"Bahník, Š., & Strack, F. (2016). Overlap of accessible information undermines the anchoring effect. Judgment and Decision Making, 11(1).","Bahník & Strack, 2016","https://osf.io/h85tz/","Price of an average new car (USD)","price",0,1,1,1,1,1,1,2,17157,0,1
"461",NA,NA,20000,1e+05,312,52312,"Bahník, Š., & Strack, F. (2016). Overlap of accessible information undermines the anchoring effect. Judgment and Decision Making, 11(1).","Bahník & Strack, 2016","https://osf.io/h85tz/","Price of an average new car (USD)","price",0,1,1,1,1,1,1,2,17157,1,1
"462",NA,NA,17000,1000,313,52313,"Bahník, Š., & Strack, F. (2016). Overlap of accessible information undermines the anchoring effect. Judgment and Decision Making, 11(1).","Bahník & Strack, 2016","https://osf.io/h85tz/","Price of an average new car (USD)","price",0,1,1,1,1,1,1,2,17157,0,1
"463",NA,NA,25000,1e+05,314,52314,"Bahník, Š., & Strack, F. (2016). Overlap of accessible information undermines the anchoring effect. Judgment and Decision Making, 11(1).","Bahník & Strack, 2016","https://osf.io/h85tz/","Price of an average new car (USD)","price",0,1,1,1,1,1,1,2,17157,1,1
"464",NA,NA,20000,1000,315,52315,"Bahník, Š., & Strack, F. (2016). Overlap of accessible information undermines the anchoring effect. Judgment and Decision Making, 11(1).","Bahník & Strack, 2016","https://osf.io/h85tz/","Price of an average new car (USD)","price",0,1,1,1,1,1,1,2,17157,0,1
"465",NA,NA,14000,1000,316,52316,"Bahník, Š., & Strack, F. (2016). Overlap of accessible information undermines the anchoring effect. Judgment and Decision Making, 11(1).","Bahník & Strack, 2016","https://osf.io/h85tz/","Price of an average new car (USD)","price",0,1,1,1,1,1,1,2,17157,0,1
"467",NA,NA,18000,1e+05,317,52317,"Bahník, Š., & Strack, F. (2016). Overlap of accessible information undermines the anchoring effect. Judgment and Decision Making, 11(1).","Bahník & Strack, 2016","https://osf.io/h85tz/","Price of an average new car (USD)","price",0,1,1,1,1,1,1,2,17157,1,1
"470",NA,NA,17000,1000,318,52318,"Bahník, Š., & Strack, F. (2016). Overlap of accessible information undermines the anchoring effect. Judgment and Decision Making, 11(1).","Bahník & Strack, 2016","https://osf.io/h85tz/","Price of an average new car (USD)","price",0,1,1,1,1,1,1,2,17157,0,1
"471",NA,NA,22000,1e+05,319,52319,"Bahník, Š., & Strack, F. (2016). Overlap of accessible information undermines the anchoring effect. Judgment and Decision Making, 11(1).","Bahník & Strack, 2016","https://osf.io/h85tz/","Price of an average new car (USD)","price",0,1,1,1,1,1,1,2,17157,1,1
"472",NA,NA,25000,1e+05,320,52320,"Bahník, Š., & Strack, F. (2016). Overlap of accessible information undermines the anchoring effect. Judgment and Decision Making, 11(1).","Bahník & Strack, 2016","https://osf.io/h85tz/","Price of an average new car (USD)","price",0,1,1,1,1,1,1,2,17157,1,1
"473",NA,NA,30000,1e+05,321,52321,"Bahník, Š., & Strack, F. (2016). Overlap of accessible information undermines the anchoring effect. Judgment and Decision Making, 11(1).","Bahník & Strack, 2016","https://osf.io/h85tz/","Price of an average new car (USD)","price",0,1,1,1,1,1,1,2,17157,1,1
"474",NA,NA,15000,1000,322,52322,"Bahník, Š., & Strack, F. (2016). Overlap of accessible information undermines the anchoring effect. Judgment and Decision Making, 11(1).","Bahník & Strack, 2016","https://osf.io/h85tz/","Price of an average new car (USD)","price",0,1,1,1,1,1,1,2,17157,0,1
"475",NA,NA,20000,1000,323,52323,"Bahník, Š., & Strack, F. (2016). Overlap of accessible information undermines the anchoring effect. Judgment and Decision Making, 11(1).","Bahník & Strack, 2016","https://osf.io/h85tz/","Price of an average new car (USD)","price",0,1,1,1,1,1,1,2,17157,0,1
"476",NA,NA,25000,1000,324,52324,"Bahník, Š., & Strack, F. (2016). Overlap of accessible information undermines the anchoring effect. Judgment and Decision Making, 11(1).","Bahník & Strack, 2016","https://osf.io/h85tz/","Price of an average new car (USD)","price",0,1,1,1,1,1,1,2,17157,0,1
"477",NA,NA,17000,1000,325,52325,"Bahník, Š., & Strack, F. (2016). Overlap of accessible information undermines the anchoring effect. Judgment and Decision Making, 11(1).","Bahník & Strack, 2016","https://osf.io/h85tz/","Price of an average new car (USD)","price",0,1,1,1,1,1,1,2,17157,0,1
"479",NA,NA,8000,1000,326,52326,"Bahník, Š., & Strack, F. (2016). Overlap of accessible information undermines the anchoring effect. Judgment and Decision Making, 11(1).","Bahník & Strack, 2016","https://osf.io/h85tz/","Price of an average new car (USD)","price",0,1,1,1,1,1,1,2,17157,0,1
"480",NA,NA,13000,1000,327,52327,"Bahník, Š., & Strack, F. (2016). Overlap of accessible information undermines the anchoring effect. Judgment and Decision Making, 11(1).","Bahník & Strack, 2016","https://osf.io/h85tz/","Price of an average new car (USD)","price",0,1,1,1,1,1,1,2,17157,0,1
"481",NA,NA,15000,1000,328,52328,"Bahník, Š., & Strack, F. (2016). Overlap of accessible information undermines the anchoring effect. Judgment and Decision Making, 11(1).","Bahník & Strack, 2016","https://osf.io/h85tz/","Price of an average new car (USD)","price",0,1,1,1,1,1,1,2,17157,0,1
"482",NA,NA,20000,1000,329,52329,"Bahník, Š., & Strack, F. (2016). Overlap of accessible information undermines the anchoring effect. Judgment and Decision Making, 11(1).","Bahník & Strack, 2016","https://osf.io/h85tz/","Price of an average new car (USD)","price",0,1,1,1,1,1,1,2,17157,0,1
"483",NA,NA,25000,1e+05,330,52330,"Bahník, Š., & Strack, F. (2016). Overlap of accessible information undermines the anchoring effect. Judgment and Decision Making, 11(1).","Bahník & Strack, 2016","https://osf.io/h85tz/","Price of an average new car (USD)","price",0,1,1,1,1,1,1,2,17157,1,1
"484",NA,NA,17000,1000,331,52331,"Bahník, Š., & Strack, F. (2016). Overlap of accessible information undermines the anchoring effect. Judgment and Decision Making, 11(1).","Bahník & Strack, 2016","https://osf.io/h85tz/","Price of an average new car (USD)","price",0,1,1,1,1,1,1,2,17157,0,1
"485",NA,NA,18000,1000,332,52332,"Bahník, Š., & Strack, F. (2016). Overlap of accessible information undermines the anchoring effect. Judgment and Decision Making, 11(1).","Bahník & Strack, 2016","https://osf.io/h85tz/","Price of an average new car (USD)","price",0,1,1,1,1,1,1,2,17157,0,1
"486",NA,NA,15000,1e+05,333,52333,"Bahník, Š., & Strack, F. (2016). Overlap of accessible information undermines the anchoring effect. Judgment and Decision Making, 11(1).","Bahník & Strack, 2016","https://osf.io/h85tz/","Price of an average new car (USD)","price",0,1,1,1,1,1,1,2,17157,1,1
"488",NA,NA,18000,1000,334,52334,"Bahník, Š., & Strack, F. (2016). Overlap of accessible information undermines the anchoring effect. Judgment and Decision Making, 11(1).","Bahník & Strack, 2016","https://osf.io/h85tz/","Price of an average new car (USD)","price",0,1,1,1,1,1,1,2,17157,0,1
"489",NA,NA,25000,1e+05,335,52335,"Bahník, Š., & Strack, F. (2016). Overlap of accessible information undermines the anchoring effect. Judgment and Decision Making, 11(1).","Bahník & Strack, 2016","https://osf.io/h85tz/","Price of an average new car (USD)","price",0,1,1,1,1,1,1,2,17157,1,1
"490",NA,NA,20000,1000,336,52336,"Bahník, Š., & Strack, F. (2016). Overlap of accessible information undermines the anchoring effect. Judgment and Decision Making, 11(1).","Bahník & Strack, 2016","https://osf.io/h85tz/","Price of an average new car (USD)","price",0,1,1,1,1,1,1,2,17157,0,1
"491",NA,NA,15000,1000,337,52337,"Bahník, Š., & Strack, F. (2016). Overlap of accessible information undermines the anchoring effect. Judgment and Decision Making, 11(1).","Bahník & Strack, 2016","https://osf.io/h85tz/","Price of an average new car (USD)","price",0,1,1,1,1,1,1,2,17157,0,1
"492",NA,NA,30000,1e+05,338,52338,"Bahník, Š., & Strack, F. (2016). Overlap of accessible information undermines the anchoring effect. Judgment and Decision Making, 11(1).","Bahník & Strack, 2016","https://osf.io/h85tz/","Price of an average new car (USD)","price",0,1,1,1,1,1,1,2,17157,1,1
"494",NA,NA,10000,1000,339,52339,"Bahník, Š., & Strack, F. (2016). Overlap of accessible information undermines the anchoring effect. Judgment and Decision Making, 11(1).","Bahník & Strack, 2016","https://osf.io/h85tz/","Price of an average new car (USD)","price",0,1,1,1,1,1,1,2,17157,0,1
"495",NA,NA,25000,1000,340,52340,"Bahník, Š., & Strack, F. (2016). Overlap of accessible information undermines the anchoring effect. Judgment and Decision Making, 11(1).","Bahník & Strack, 2016","https://osf.io/h85tz/","Price of an average new car (USD)","price",0,1,1,1,1,1,1,2,17157,0,1
"496",NA,NA,31252,1e+05,341,52341,"Bahník, Š., & Strack, F. (2016). Overlap of accessible information undermines the anchoring effect. Judgment and Decision Making, 11(1).","Bahník & Strack, 2016","https://osf.io/h85tz/","Price of an average new car (USD)","price",0,1,1,1,1,1,1,2,17157,1,1
"497",NA,NA,25000,1e+05,342,52342,"Bahník, Š., & Strack, F. (2016). Overlap of accessible information undermines the anchoring effect. Judgment and Decision Making, 11(1).","Bahník & Strack, 2016","https://osf.io/h85tz/","Price of an average new car (USD)","price",0,1,1,1,1,1,1,2,17157,1,1
"499",NA,NA,30000,1e+05,343,52343,"Bahník, Š., & Strack, F. (2016). Overlap of accessible information undermines the anchoring effect. Judgment and Decision Making, 11(1).","Bahník & Strack, 2016","https://osf.io/h85tz/","Price of an average new car (USD)","price",0,1,1,1,1,1,1,2,17157,1,1
"500",NA,NA,20000,1e+05,344,52344,"Bahník, Š., & Strack, F. (2016). Overlap of accessible information undermines the anchoring effect. Judgment and Decision Making, 11(1).","Bahník & Strack, 2016","https://osf.io/h85tz/","Price of an average new car (USD)","price",0,1,1,1,1,1,1,2,17157,1,1
"502",NA,NA,20000,1e+05,345,52345,"Bahník, Š., & Strack, F. (2016). Overlap of accessible information undermines the anchoring effect. Judgment and Decision Making, 11(1).","Bahník & Strack, 2016","https://osf.io/h85tz/","Price of an average new car (USD)","price",0,1,1,1,1,1,1,2,17157,1,1
"503",NA,NA,15000,1e+05,346,52346,"Bahník, Š., & Strack, F. (2016). Overlap of accessible information undermines the anchoring effect. Judgment and Decision Making, 11(1).","Bahník & Strack, 2016","https://osf.io/h85tz/","Price of an average new car (USD)","price",0,1,1,1,1,1,1,2,17157,1,1
"504",NA,NA,23000,1000,347,52347,"Bahník, Š., & Strack, F. (2016). Overlap of accessible information undermines the anchoring effect. Judgment and Decision Making, 11(1).","Bahník & Strack, 2016","https://osf.io/h85tz/","Price of an average new car (USD)","price",0,1,1,1,1,1,1,2,17157,0,1
"505",NA,NA,25000,1000,348,52348,"Bahník, Š., & Strack, F. (2016). Overlap of accessible information undermines the anchoring effect. Judgment and Decision Making, 11(1).","Bahník & Strack, 2016","https://osf.io/h85tz/","Price of an average new car (USD)","price",0,1,1,1,1,1,1,2,17157,0,1
"506",NA,NA,18000,1000,349,52349,"Bahník, Š., & Strack, F. (2016). Overlap of accessible information undermines the anchoring effect. Judgment and Decision Making, 11(1).","Bahník & Strack, 2016","https://osf.io/h85tz/","Price of an average new car (USD)","price",0,1,1,1,1,1,1,2,17157,0,1
"508",NA,NA,40000,1e+05,350,52350,"Bahník, Š., & Strack, F. (2016). Overlap of accessible information undermines the anchoring effect. Judgment and Decision Making, 11(1).","Bahník & Strack, 2016","https://osf.io/h85tz/","Price of an average new car (USD)","price",0,1,1,1,1,1,1,2,17157,1,1
"511",NA,NA,18000,1e+05,351,52351,"Bahník, Š., & Strack, F. (2016). Overlap of accessible information undermines the anchoring effect. Judgment and Decision Making, 11(1).","Bahník & Strack, 2016","https://osf.io/h85tz/","Price of an average new car (USD)","price",0,1,1,1,1,1,1,2,17157,1,1
"513",NA,NA,10000,1e+05,352,52352,"Bahník, Š., & Strack, F. (2016). Overlap of accessible information undermines the anchoring effect. Judgment and Decision Making, 11(1).","Bahník & Strack, 2016","https://osf.io/h85tz/","Price of an average new car (USD)","price",0,1,1,1,1,1,1,2,17157,1,1
"515",NA,NA,30000,1e+05,353,52353,"Bahník, Š., & Strack, F. (2016). Overlap of accessible information undermines the anchoring effect. Judgment and Decision Making, 11(1).","Bahník & Strack, 2016","https://osf.io/h85tz/","Price of an average new car (USD)","price",0,1,1,1,1,1,1,2,17157,1,1
"516",NA,NA,20000,1000,354,52354,"Bahník, Š., & Strack, F. (2016). Overlap of accessible information undermines the anchoring effect. Judgment and Decision Making, 11(1).","Bahník & Strack, 2016","https://osf.io/h85tz/","Price of an average new car (USD)","price",0,1,1,1,1,1,1,2,17157,0,1
"517",NA,NA,30000,1e+05,355,52355,"Bahník, Š., & Strack, F. (2016). Overlap of accessible information undermines the anchoring effect. Judgment and Decision Making, 11(1).","Bahník & Strack, 2016","https://osf.io/h85tz/","Price of an average new car (USD)","price",0,1,1,1,1,1,1,2,17157,1,1
"519",NA,NA,20000,1000,356,52356,"Bahník, Š., & Strack, F. (2016). Overlap of accessible information undermines the anchoring effect. Judgment and Decision Making, 11(1).","Bahník & Strack, 2016","https://osf.io/h85tz/","Price of an average new car (USD)","price",0,1,1,1,1,1,1,2,17157,0,1
"521",NA,NA,15000,1e+05,357,52357,"Bahník, Š., & Strack, F. (2016). Overlap of accessible information undermines the anchoring effect. Judgment and Decision Making, 11(1).","Bahník & Strack, 2016","https://osf.io/h85tz/","Price of an average new car (USD)","price",0,1,1,1,1,1,1,2,17157,1,1
"523",NA,NA,23000,1000,358,52358,"Bahník, Š., & Strack, F. (2016). Overlap of accessible information undermines the anchoring effect. Judgment and Decision Making, 11(1).","Bahník & Strack, 2016","https://osf.io/h85tz/","Price of an average new car (USD)","price",0,1,1,1,1,1,1,2,17157,0,1
"524",NA,NA,2e+05,1e+05,359,52359,"Bahník, Š., & Strack, F. (2016). Overlap of accessible information undermines the anchoring effect. Judgment and Decision Making, 11(1).","Bahník & Strack, 2016","https://osf.io/h85tz/","Price of an average new car (USD)","price",0,1,1,1,1,1,1,2,17157,1,1
"525",NA,NA,15000,1000,360,52360,"Bahník, Š., & Strack, F. (2016). Overlap of accessible information undermines the anchoring effect. Judgment and Decision Making, 11(1).","Bahník & Strack, 2016","https://osf.io/h85tz/","Price of an average new car (USD)","price",0,1,1,1,1,1,1,2,17157,0,1
"527",NA,NA,17000,1000,361,52361,"Bahník, Š., & Strack, F. (2016). Overlap of accessible information undermines the anchoring effect. Judgment and Decision Making, 11(1).","Bahník & Strack, 2016","https://osf.io/h85tz/","Price of an average new car (USD)","price",0,1,1,1,1,1,1,2,17157,0,1
"529",NA,NA,18000,1e+05,362,52362,"Bahník, Š., & Strack, F. (2016). Overlap of accessible information undermines the anchoring effect. Judgment and Decision Making, 11(1).","Bahník & Strack, 2016","https://osf.io/h85tz/","Price of an average new car (USD)","price",0,1,1,1,1,1,1,2,17157,1,1
"530",NA,NA,16000,1e+05,363,52363,"Bahník, Š., & Strack, F. (2016). Overlap of accessible information undermines the anchoring effect. Judgment and Decision Making, 11(1).","Bahník & Strack, 2016","https://osf.io/h85tz/","Price of an average new car (USD)","price",0,1,1,1,1,1,1,2,17157,1,1
"532",NA,NA,20000,1e+05,364,52364,"Bahník, Š., & Strack, F. (2016). Overlap of accessible information undermines the anchoring effect. Judgment and Decision Making, 11(1).","Bahník & Strack, 2016","https://osf.io/h85tz/","Price of an average new car (USD)","price",0,1,1,1,1,1,1,2,17157,1,1
"538",NA,NA,15000,1000,365,52365,"Bahník, Š., & Strack, F. (2016). Overlap of accessible information undermines the anchoring effect. Judgment and Decision Making, 11(1).","Bahník & Strack, 2016","https://osf.io/h85tz/","Price of an average new car (USD)","price",0,1,1,1,1,1,1,2,17157,0,1
"539",NA,NA,16000,1e+05,366,52366,"Bahník, Š., & Strack, F. (2016). Overlap of accessible information undermines the anchoring effect. Judgment and Decision Making, 11(1).","Bahník & Strack, 2016","https://osf.io/h85tz/","Price of an average new car (USD)","price",0,1,1,1,1,1,1,2,17157,1,1
"540",NA,NA,13600,1e+05,367,52367,"Bahník, Š., & Strack, F. (2016). Overlap of accessible information undermines the anchoring effect. Judgment and Decision Making, 11(1).","Bahník & Strack, 2016","https://osf.io/h85tz/","Price of an average new car (USD)","price",0,1,1,1,1,1,1,2,17157,1,1
"541",NA,NA,35000,1e+05,368,52368,"Bahník, Š., & Strack, F. (2016). Overlap of accessible information undermines the anchoring effect. Judgment and Decision Making, 11(1).","Bahník & Strack, 2016","https://osf.io/h85tz/","Price of an average new car (USD)","price",0,1,1,1,1,1,1,2,17157,1,1
"542",NA,NA,12000,1000,369,52369,"Bahník, Š., & Strack, F. (2016). Overlap of accessible information undermines the anchoring effect. Judgment and Decision Making, 11(1).","Bahník & Strack, 2016","https://osf.io/h85tz/","Price of an average new car (USD)","price",0,1,1,1,1,1,1,2,17157,0,1
"543",NA,NA,112333,1e+05,370,52370,"Bahník, Š., & Strack, F. (2016). Overlap of accessible information undermines the anchoring effect. Judgment and Decision Making, 11(1).","Bahník & Strack, 2016","https://osf.io/h85tz/","Price of an average new car (USD)","price",0,1,1,1,1,1,1,2,17157,1,1
"544",NA,NA,30000,1e+05,371,52371,"Bahník, Š., & Strack, F. (2016). Overlap of accessible information undermines the anchoring effect. Judgment and Decision Making, 11(1).","Bahník & Strack, 2016","https://osf.io/h85tz/","Price of an average new car (USD)","price",0,1,1,1,1,1,1,2,17157,1,1
"545",NA,NA,16000,1e+05,372,52372,"Bahník, Š., & Strack, F. (2016). Overlap of accessible information undermines the anchoring effect. Judgment and Decision Making, 11(1).","Bahník & Strack, 2016","https://osf.io/h85tz/","Price of an average new car (USD)","price",0,1,1,1,1,1,1,2,17157,1,1
"546",NA,NA,13000,1e+05,373,52373,"Bahník, Š., & Strack, F. (2016). Overlap of accessible information undermines the anchoring effect. Judgment and Decision Making, 11(1).","Bahník & Strack, 2016","https://osf.io/h85tz/","Price of an average new car (USD)","price",0,1,1,1,1,1,1,2,17157,1,1
"547",NA,NA,15000,1000,374,52374,"Bahník, Š., & Strack, F. (2016). Overlap of accessible information undermines the anchoring effect. Judgment and Decision Making, 11(1).","Bahník & Strack, 2016","https://osf.io/h85tz/","Price of an average new car (USD)","price",0,1,1,1,1,1,1,2,17157,0,1
"548",NA,NA,20000,1000,375,52375,"Bahník, Š., & Strack, F. (2016). Overlap of accessible information undermines the anchoring effect. Judgment and Decision Making, 11(1).","Bahník & Strack, 2016","https://osf.io/h85tz/","Price of an average new car (USD)","price",0,1,1,1,1,1,1,2,17157,0,1
"549",NA,NA,15000,1e+05,376,52376,"Bahník, Š., & Strack, F. (2016). Overlap of accessible information undermines the anchoring effect. Judgment and Decision Making, 11(1).","Bahník & Strack, 2016","https://osf.io/h85tz/","Price of an average new car (USD)","price",0,1,1,1,1,1,1,2,17157,1,1
"550",NA,NA,28000,1e+05,377,52377,"Bahník, Š., & Strack, F. (2016). Overlap of accessible information undermines the anchoring effect. Judgment and Decision Making, 11(1).","Bahník & Strack, 2016","https://osf.io/h85tz/","Price of an average new car (USD)","price",0,1,1,1,1,1,1,2,17157,1,1
"552",NA,NA,20000,1000,378,52378,"Bahník, Š., & Strack, F. (2016). Overlap of accessible information undermines the anchoring effect. Judgment and Decision Making, 11(1).","Bahník & Strack, 2016","https://osf.io/h85tz/","Price of an average new car (USD)","price",0,1,1,1,1,1,1,2,17157,0,1
"553",NA,NA,30000,1e+05,379,52379,"Bahník, Š., & Strack, F. (2016). Overlap of accessible information undermines the anchoring effect. Judgment and Decision Making, 11(1).","Bahník & Strack, 2016","https://osf.io/h85tz/","Price of an average new car (USD)","price",0,1,1,1,1,1,1,2,17157,1,1
"554",NA,NA,13000,1e+05,380,52380,"Bahník, Š., & Strack, F. (2016). Overlap of accessible information undermines the anchoring effect. Judgment and Decision Making, 11(1).","Bahník & Strack, 2016","https://osf.io/h85tz/","Price of an average new car (USD)","price",0,1,1,1,1,1,1,2,17157,1,1
"555",NA,NA,27000,1e+05,381,52381,"Bahník, Š., & Strack, F. (2016). Overlap of accessible information undermines the anchoring effect. Judgment and Decision Making, 11(1).","Bahník & Strack, 2016","https://osf.io/h85tz/","Price of an average new car (USD)","price",0,1,1,1,1,1,1,2,17157,1,1
"557",NA,NA,30000,1e+05,382,52382,"Bahník, Š., & Strack, F. (2016). Overlap of accessible information undermines the anchoring effect. Judgment and Decision Making, 11(1).","Bahník & Strack, 2016","https://osf.io/h85tz/","Price of an average new car (USD)","price",0,1,1,1,1,1,1,2,17157,1,1
"558",NA,NA,41000,1e+05,383,52383,"Bahník, Š., & Strack, F. (2016). Overlap of accessible information undermines the anchoring effect. Judgment and Decision Making, 11(1).","Bahník & Strack, 2016","https://osf.io/h85tz/","Price of an average new car (USD)","price",0,1,1,1,1,1,1,2,17157,1,1
"559",NA,NA,20000,1e+05,384,52384,"Bahník, Š., & Strack, F. (2016). Overlap of accessible information undermines the anchoring effect. Judgment and Decision Making, 11(1).","Bahník & Strack, 2016","https://osf.io/h85tz/","Price of an average new car (USD)","price",0,1,1,1,1,1,1,2,17157,1,1
"560",NA,NA,50000,1e+05,385,52385,"Bahník, Š., & Strack, F. (2016). Overlap of accessible information undermines the anchoring effect. Judgment and Decision Making, 11(1).","Bahník & Strack, 2016","https://osf.io/h85tz/","Price of an average new car (USD)","price",0,1,1,1,1,1,1,2,17157,1,1
"562",NA,NA,23500,1000,386,52386,"Bahník, Š., & Strack, F. (2016). Overlap of accessible information undermines the anchoring effect. Judgment and Decision Making, 11(1).","Bahník & Strack, 2016","https://osf.io/h85tz/","Price of an average new car (USD)","price",0,1,1,1,1,1,1,2,17157,0,1
"563",NA,NA,12000,1000,387,52387,"Bahník, Š., & Strack, F. (2016). Overlap of accessible information undermines the anchoring effect. Judgment and Decision Making, 11(1).","Bahník & Strack, 2016","https://osf.io/h85tz/","Price of an average new car (USD)","price",0,1,1,1,1,1,1,2,17157,0,1
"564",NA,NA,20000,1e+05,388,52388,"Bahník, Š., & Strack, F. (2016). Overlap of accessible information undermines the anchoring effect. Judgment and Decision Making, 11(1).","Bahník & Strack, 2016","https://osf.io/h85tz/","Price of an average new car (USD)","price",0,1,1,1,1,1,1,2,17157,1,1
"565",NA,NA,25499,1000,389,52389,"Bahník, Š., & Strack, F. (2016). Overlap of accessible information undermines the anchoring effect. Judgment and Decision Making, 11(1).","Bahník & Strack, 2016","https://osf.io/h85tz/","Price of an average new car (USD)","price",0,1,1,1,1,1,1,2,17157,0,1
"566",NA,NA,24000,1000,390,52390,"Bahník, Š., & Strack, F. (2016). Overlap of accessible information undermines the anchoring effect. Judgment and Decision Making, 11(1).","Bahník & Strack, 2016","https://osf.io/h85tz/","Price of an average new car (USD)","price",0,1,1,1,1,1,1,2,17157,0,1
"571",NA,NA,20000,1000,391,52391,"Bahník, Š., & Strack, F. (2016). Overlap of accessible information undermines the anchoring effect. Judgment and Decision Making, 11(1).","Bahník & Strack, 2016","https://osf.io/h85tz/","Price of an average new car (USD)","price",0,1,1,1,1,1,1,2,17157,0,1
"573",NA,NA,25000,1e+05,392,52392,"Bahník, Š., & Strack, F. (2016). Overlap of accessible information undermines the anchoring effect. Judgment and Decision Making, 11(1).","Bahník & Strack, 2016","https://osf.io/h85tz/","Price of an average new car (USD)","price",0,1,1,1,1,1,1,2,17157,1,1
"575",NA,NA,22000,1000,393,52393,"Bahník, Š., & Strack, F. (2016). Overlap of accessible information undermines the anchoring effect. Judgment and Decision Making, 11(1).","Bahník & Strack, 2016","https://osf.io/h85tz/","Price of an average new car (USD)","price",0,1,1,1,1,1,1,2,17157,0,1
"576",NA,NA,30000,1e+05,394,52394,"Bahník, Š., & Strack, F. (2016). Overlap of accessible information undermines the anchoring effect. Judgment and Decision Making, 11(1).","Bahník & Strack, 2016","https://osf.io/h85tz/","Price of an average new car (USD)","price",0,1,1,1,1,1,1,2,17157,1,1
"578",NA,NA,12000,1000,395,52395,"Bahník, Š., & Strack, F. (2016). Overlap of accessible information undermines the anchoring effect. Judgment and Decision Making, 11(1).","Bahník & Strack, 2016","https://osf.io/h85tz/","Price of an average new car (USD)","price",0,1,1,1,1,1,1,2,17157,0,1
"579",NA,NA,18000,1000,396,52396,"Bahník, Š., & Strack, F. (2016). Overlap of accessible information undermines the anchoring effect. Judgment and Decision Making, 11(1).","Bahník & Strack, 2016","https://osf.io/h85tz/","Price of an average new car (USD)","price",0,1,1,1,1,1,1,2,17157,0,1
"580",NA,NA,40000,1e+05,397,52397,"Bahník, Š., & Strack, F. (2016). Overlap of accessible information undermines the anchoring effect. Judgment and Decision Making, 11(1).","Bahník & Strack, 2016","https://osf.io/h85tz/","Price of an average new car (USD)","price",0,1,1,1,1,1,1,2,17157,1,1
"581",NA,NA,17000,1000,398,52398,"Bahník, Š., & Strack, F. (2016). Overlap of accessible information undermines the anchoring effect. Judgment and Decision Making, 11(1).","Bahník & Strack, 2016","https://osf.io/h85tz/","Price of an average new car (USD)","price",0,1,1,1,1,1,1,2,17157,0,1
"582",NA,NA,15,1000,399,52399,"Bahník, Š., & Strack, F. (2016). Overlap of accessible information undermines the anchoring effect. Judgment and Decision Making, 11(1).","Bahník & Strack, 2016","https://osf.io/h85tz/","Price of an average new car (USD)","price",0,1,1,1,1,1,1,2,17157,0,1
"583",NA,NA,13,1000,400,52400,"Bahník, Š., & Strack, F. (2016). Overlap of accessible information undermines the anchoring effect. Judgment and Decision Making, 11(1).","Bahník & Strack, 2016","https://osf.io/h85tz/","Price of an average new car (USD)","price",0,1,1,1,1,1,1,2,17157,0,1
"584",NA,NA,12500,1e+05,401,52401,"Bahník, Š., & Strack, F. (2016). Overlap of accessible information undermines the anchoring effect. Judgment and Decision Making, 11(1).","Bahník & Strack, 2016","https://osf.io/h85tz/","Price of an average new car (USD)","price",0,1,1,1,1,1,1,2,17157,1,1
"585",NA,NA,16000,1e+05,402,52402,"Bahník, Š., & Strack, F. (2016). Overlap of accessible information undermines the anchoring effect. Judgment and Decision Making, 11(1).","Bahník & Strack, 2016","https://osf.io/h85tz/","Price of an average new car (USD)","price",0,1,1,1,1,1,1,2,17157,1,1
"586",NA,NA,12000,1e+05,403,52403,"Bahník, Š., & Strack, F. (2016). Overlap of accessible information undermines the anchoring effect. Judgment and Decision Making, 11(1).","Bahník & Strack, 2016","https://osf.io/h85tz/","Price of an average new car (USD)","price",0,1,1,1,1,1,1,2,17157,1,1
"587",NA,NA,17000,1000,404,52404,"Bahník, Š., & Strack, F. (2016). Overlap of accessible information undermines the anchoring effect. Judgment and Decision Making, 11(1).","Bahník & Strack, 2016","https://osf.io/h85tz/","Price of an average new car (USD)","price",0,1,1,1,1,1,1,2,17157,0,1
"588",NA,NA,20000,1000,405,52405,"Bahník, Š., & Strack, F. (2016). Overlap of accessible information undermines the anchoring effect. Judgment and Decision Making, 11(1).","Bahník & Strack, 2016","https://osf.io/h85tz/","Price of an average new car (USD)","price",0,1,1,1,1,1,1,2,17157,0,1
"589",NA,NA,12999,1000,406,52406,"Bahník, Š., & Strack, F. (2016). Overlap of accessible information undermines the anchoring effect. Judgment and Decision Making, 11(1).","Bahník & Strack, 2016","https://osf.io/h85tz/","Price of an average new car (USD)","price",0,1,1,1,1,1,1,2,17157,0,1
"590",NA,NA,22000,1e+05,407,52407,"Bahník, Š., & Strack, F. (2016). Overlap of accessible information undermines the anchoring effect. Judgment and Decision Making, 11(1).","Bahník & Strack, 2016","https://osf.io/h85tz/","Price of an average new car (USD)","price",0,1,1,1,1,1,1,2,17157,1,1
"591",NA,NA,20000,1000,408,52408,"Bahník, Š., & Strack, F. (2016). Overlap of accessible information undermines the anchoring effect. Judgment and Decision Making, 11(1).","Bahník & Strack, 2016","https://osf.io/h85tz/","Price of an average new car (USD)","price",0,1,1,1,1,1,1,2,17157,0,1
"592",NA,NA,21000,1e+05,409,52409,"Bahník, Š., & Strack, F. (2016). Overlap of accessible information undermines the anchoring effect. Judgment and Decision Making, 11(1).","Bahník & Strack, 2016","https://osf.io/h85tz/","Price of an average new car (USD)","price",0,1,1,1,1,1,1,2,17157,1,1
"593",NA,NA,15000,1000,410,52410,"Bahník, Š., & Strack, F. (2016). Overlap of accessible information undermines the anchoring effect. Judgment and Decision Making, 11(1).","Bahník & Strack, 2016","https://osf.io/h85tz/","Price of an average new car (USD)","price",0,1,1,1,1,1,1,2,17157,0,1
"594",NA,NA,15000,1e+05,411,52411,"Bahník, Š., & Strack, F. (2016). Overlap of accessible information undermines the anchoring effect. Judgment and Decision Making, 11(1).","Bahník & Strack, 2016","https://osf.io/h85tz/","Price of an average new car (USD)","price",0,1,1,1,1,1,1,2,17157,1,1
"597",NA,NA,20000,1e+05,412,52412,"Bahník, Š., & Strack, F. (2016). Overlap of accessible information undermines the anchoring effect. Judgment and Decision Making, 11(1).","Bahník & Strack, 2016","https://osf.io/h85tz/","Price of an average new car (USD)","price",0,1,1,1,1,1,1,2,17157,1,1
"598",NA,NA,20000,1e+05,413,52413,"Bahník, Š., & Strack, F. (2016). Overlap of accessible information undermines the anchoring effect. Judgment and Decision Making, 11(1).","Bahník & Strack, 2016","https://osf.io/h85tz/","Price of an average new car (USD)","price",0,1,1,1,1,1,1,2,17157,1,1
"600",NA,NA,18000,1e+05,414,52414,"Bahník, Š., & Strack, F. (2016). Overlap of accessible information undermines the anchoring effect. Judgment and Decision Making, 11(1).","Bahník & Strack, 2016","https://osf.io/h85tz/","Price of an average new car (USD)","price",0,1,1,1,1,1,1,2,17157,1,1
"601",NA,NA,30000,1000,415,52415,"Bahník, Š., & Strack, F. (2016). Overlap of accessible information undermines the anchoring effect. Judgment and Decision Making, 11(1).","Bahník & Strack, 2016","https://osf.io/h85tz/","Price of an average new car (USD)","price",0,1,1,1,1,1,1,2,17157,0,1
"602",NA,NA,15000,1e+05,416,52416,"Bahník, Š., & Strack, F. (2016). Overlap of accessible information undermines the anchoring effect. Judgment and Decision Making, 11(1).","Bahník & Strack, 2016","https://osf.io/h85tz/","Price of an average new car (USD)","price",0,1,1,1,1,1,1,2,17157,1,1
"603",NA,NA,20000,1e+05,417,52417,"Bahník, Š., & Strack, F. (2016). Overlap of accessible information undermines the anchoring effect. Judgment and Decision Making, 11(1).","Bahník & Strack, 2016","https://osf.io/h85tz/","Price of an average new car (USD)","price",0,1,1,1,1,1,1,2,17157,1,1
