"","age","sex","estimate","anchor","participant_id","id","reference","reference_short","link","anchoring_item","tasktype","direction","incentive","comparative_question","experiment_type","stimulitype","sampletype","scaletype","anchortype","true_value","anchorhigh","published"
"1",NA,1,6,1,171,75171,"Röseler, L., Schütz, A., Dolling, I. K., Friedinger, K., Hösch, Y., Hügel, J. C., … Röseler, J. J. (2020, July 24). The Stepwise Anchoring Paradigm: Measuring Reliable Components of Anchoring and Adjustment as the Next Step in Moderator Research. https://doi.org/10.31234/osf.io/hjbwp","Röseler et al., 2020","https://osf.io/uac2t/","Weight of a rabbit (kg)","weight",1,0,0,1,1,1,3,3,4.5,0,1
"2",NA,1,4,8,171,75171,"Röseler, L., Schütz, A., Dolling, I. K., Friedinger, K., Hösch, Y., Hügel, J. C., … Röseler, J. J. (2020, July 24). The Stepwise Anchoring Paradigm: Measuring Reliable Components of Anchoring and Adjustment as the Next Step in Moderator Research. https://doi.org/10.31234/osf.io/hjbwp","Röseler et al., 2020","https://osf.io/uac2t/","Weight of a cat (kg)","weight",1,0,0,1,1,1,3,3,4.25,1,1
"3",NA,1,8,2,171,75171,"Röseler, L., Schütz, A., Dolling, I. K., Friedinger, K., Hösch, Y., Hügel, J. C., … Röseler, J. J. (2020, July 24). The Stepwise Anchoring Paradigm: Measuring Reliable Components of Anchoring and Adjustment as the Next Step in Moderator Research. https://doi.org/10.31234/osf.io/hjbwp","Röseler et al., 2020","https://osf.io/uac2t/","Weight of a fox (kg)","weight",1,0,0,1,1,1,3,3,8,0,1
"4",NA,1,23,14,171,75171,"Röseler, L., Schütz, A., Dolling, I. K., Friedinger, K., Hösch, Y., Hügel, J. C., … Röseler, J. J. (2020, July 24). The Stepwise Anchoring Paradigm: Measuring Reliable Components of Anchoring and Adjustment as the Next Step in Moderator Research. https://doi.org/10.31234/osf.io/hjbwp","Röseler et al., 2020","https://osf.io/uac2t/","Weight of a racoon (kg)","weight",1,0,0,1,1,1,3,3,8,1,1
"5",NA,1,31,4,171,75171,"Röseler, L., Schütz, A., Dolling, I. K., Friedinger, K., Hösch, Y., Hügel, J. C., … Röseler, J. J. (2020, July 24). The Stepwise Anchoring Paradigm: Measuring Reliable Components of Anchoring and Adjustment as the Next Step in Moderator Research. https://doi.org/10.31234/osf.io/hjbwp","Röseler et al., 2020","https://osf.io/uac2t/","Weight of a badger (kg)","weight",1,0,0,1,1,1,3,3,15,0,1
"6",NA,1,12,26,171,75171,"Röseler, L., Schütz, A., Dolling, I. K., Friedinger, K., Hösch, Y., Hügel, J. C., … Röseler, J. J. (2020, July 24). The Stepwise Anchoring Paradigm: Measuring Reliable Components of Anchoring and Adjustment as the Next Step in Moderator Research. https://doi.org/10.31234/osf.io/hjbwp","Röseler et al., 2020","https://osf.io/uac2t/","Weight of a pelican (kg)","weight",1,0,0,1,1,1,3,3,15,1,1
"7",NA,1,17,10,171,75171,"Röseler, L., Schütz, A., Dolling, I. K., Friedinger, K., Hösch, Y., Hügel, J. C., … Röseler, J. J. (2020, July 24). The Stepwise Anchoring Paradigm: Measuring Reliable Components of Anchoring and Adjustment as the Next Step in Moderator Research. https://doi.org/10.31234/osf.io/hjbwp","Röseler et al., 2020","https://osf.io/uac2t/","Weight of a beaver (kg)","weight",1,0,0,1,1,1,3,3,25,0,1
"8",NA,1,8,40,171,75171,"Röseler, L., Schütz, A., Dolling, I. K., Friedinger, K., Hösch, Y., Hügel, J. C., … Röseler, J. J. (2020, July 24). The Stepwise Anchoring Paradigm: Measuring Reliable Components of Anchoring and Adjustment as the Next Step in Moderator Research. https://doi.org/10.31234/osf.io/hjbwp","Röseler et al., 2020","https://osf.io/uac2t/","Weight of a deer (kg)","weight",1,0,0,1,1,1,3,3,25,1,1
"9",NA,1,99,25,171,75171,"Röseler, L., Schütz, A., Dolling, I. K., Friedinger, K., Hösch, Y., Hügel, J. C., … Röseler, J. J. (2020, July 24). The Stepwise Anchoring Paradigm: Measuring Reliable Components of Anchoring and Adjustment as the Next Step in Moderator Research. https://doi.org/10.31234/osf.io/hjbwp","Röseler et al., 2020","https://osf.io/uac2t/","Weight of a wolf (kg)","weight",1,0,0,1,1,1,3,3,50,0,1
"10",NA,1,51,75,171,75171,"Röseler, L., Schütz, A., Dolling, I. K., Friedinger, K., Hösch, Y., Hügel, J. C., … Röseler, J. J. (2020, July 24). The Stepwise Anchoring Paradigm: Measuring Reliable Components of Anchoring and Adjustment as the Next Step in Moderator Research. https://doi.org/10.31234/osf.io/hjbwp","Röseler et al., 2020","https://osf.io/uac2t/","Weight of a goat (kg)","weight",1,0,0,1,1,1,3,3,50,1,1
"11",NA,1,94,36,171,75171,"Röseler, L., Schütz, A., Dolling, I. K., Friedinger, K., Hösch, Y., Hügel, J. C., … Röseler, J. J. (2020, July 24). The Stepwise Anchoring Paradigm: Measuring Reliable Components of Anchoring and Adjustment as the Next Step in Moderator Research. https://doi.org/10.31234/osf.io/hjbwp","Röseler et al., 2020","https://osf.io/uac2t/","Weight of a hyena (kg)","weight",1,0,0,1,1,1,3,3,60,0,1
"12",NA,1,54,84,171,75171,"Röseler, L., Schütz, A., Dolling, I. K., Friedinger, K., Hösch, Y., Hügel, J. C., … Röseler, J. J. (2020, July 24). The Stepwise Anchoring Paradigm: Measuring Reliable Components of Anchoring and Adjustment as the Next Step in Moderator Research. https://doi.org/10.31234/osf.io/hjbwp","Röseler et al., 2020","https://osf.io/uac2t/","Weight of a warthog (kg)","weight",1,0,0,1,1,1,3,3,60,1,1
"13",NA,1,8,1,172,75172,"Röseler, L., Schütz, A., Dolling, I. K., Friedinger, K., Hösch, Y., Hügel, J. C., … Röseler, J. J. (2020, July 24). The Stepwise Anchoring Paradigm: Measuring Reliable Components of Anchoring and Adjustment as the Next Step in Moderator Research. https://doi.org/10.31234/osf.io/hjbwp","Röseler et al., 2020","https://osf.io/uac2t/","Weight of a rabbit (kg)","weight",1,0,0,1,1,1,3,3,4.5,0,1
"14",NA,1,4,8,172,75172,"Röseler, L., Schütz, A., Dolling, I. K., Friedinger, K., Hösch, Y., Hügel, J. C., … Röseler, J. J. (2020, July 24). The Stepwise Anchoring Paradigm: Measuring Reliable Components of Anchoring and Adjustment as the Next Step in Moderator Research. https://doi.org/10.31234/osf.io/hjbwp","Röseler et al., 2020","https://osf.io/uac2t/","Weight of a cat (kg)","weight",1,0,0,1,1,1,3,3,4.25,1,1
"15",NA,1,16,2,172,75172,"Röseler, L., Schütz, A., Dolling, I. K., Friedinger, K., Hösch, Y., Hügel, J. C., … Röseler, J. J. (2020, July 24). The Stepwise Anchoring Paradigm: Measuring Reliable Components of Anchoring and Adjustment as the Next Step in Moderator Research. https://doi.org/10.31234/osf.io/hjbwp","Röseler et al., 2020","https://osf.io/uac2t/","Weight of a fox (kg)","weight",1,0,0,1,1,1,3,3,8,0,1
"16",NA,1,15,14,172,75172,"Röseler, L., Schütz, A., Dolling, I. K., Friedinger, K., Hösch, Y., Hügel, J. C., … Röseler, J. J. (2020, July 24). The Stepwise Anchoring Paradigm: Measuring Reliable Components of Anchoring and Adjustment as the Next Step in Moderator Research. https://doi.org/10.31234/osf.io/hjbwp","Röseler et al., 2020","https://osf.io/uac2t/","Weight of a racoon (kg)","weight",1,0,0,1,1,1,3,3,8,1,1
"17",NA,1,9,4,172,75172,"Röseler, L., Schütz, A., Dolling, I. K., Friedinger, K., Hösch, Y., Hügel, J. C., … Röseler, J. J. (2020, July 24). The Stepwise Anchoring Paradigm: Measuring Reliable Components of Anchoring and Adjustment as the Next Step in Moderator Research. https://doi.org/10.31234/osf.io/hjbwp","Röseler et al., 2020","https://osf.io/uac2t/","Weight of a badger (kg)","weight",1,0,0,1,1,1,3,3,15,0,1
"18",NA,1,10,26,172,75172,"Röseler, L., Schütz, A., Dolling, I. K., Friedinger, K., Hösch, Y., Hügel, J. C., … Röseler, J. J. (2020, July 24). The Stepwise Anchoring Paradigm: Measuring Reliable Components of Anchoring and Adjustment as the Next Step in Moderator Research. https://doi.org/10.31234/osf.io/hjbwp","Röseler et al., 2020","https://osf.io/uac2t/","Weight of a pelican (kg)","weight",1,0,0,1,1,1,3,3,15,1,1
"19",NA,1,20,10,172,75172,"Röseler, L., Schütz, A., Dolling, I. K., Friedinger, K., Hösch, Y., Hügel, J. C., … Röseler, J. J. (2020, July 24). The Stepwise Anchoring Paradigm: Measuring Reliable Components of Anchoring and Adjustment as the Next Step in Moderator Research. https://doi.org/10.31234/osf.io/hjbwp","Röseler et al., 2020","https://osf.io/uac2t/","Weight of a beaver (kg)","weight",1,0,0,1,1,1,3,3,25,0,1
"20",NA,1,16,40,172,75172,"Röseler, L., Schütz, A., Dolling, I. K., Friedinger, K., Hösch, Y., Hügel, J. C., … Röseler, J. J. (2020, July 24). The Stepwise Anchoring Paradigm: Measuring Reliable Components of Anchoring and Adjustment as the Next Step in Moderator Research. https://doi.org/10.31234/osf.io/hjbwp","Röseler et al., 2020","https://osf.io/uac2t/","Weight of a deer (kg)","weight",1,0,0,1,1,1,3,3,25,1,1
"21",NA,1,44,25,172,75172,"Röseler, L., Schütz, A., Dolling, I. K., Friedinger, K., Hösch, Y., Hügel, J. C., … Röseler, J. J. (2020, July 24). The Stepwise Anchoring Paradigm: Measuring Reliable Components of Anchoring and Adjustment as the Next Step in Moderator Research. https://doi.org/10.31234/osf.io/hjbwp","Röseler et al., 2020","https://osf.io/uac2t/","Weight of a wolf (kg)","weight",1,0,0,1,1,1,3,3,50,0,1
"22",NA,1,50,75,172,75172,"Röseler, L., Schütz, A., Dolling, I. K., Friedinger, K., Hösch, Y., Hügel, J. C., … Röseler, J. J. (2020, July 24). The Stepwise Anchoring Paradigm: Measuring Reliable Components of Anchoring and Adjustment as the Next Step in Moderator Research. https://doi.org/10.31234/osf.io/hjbwp","Röseler et al., 2020","https://osf.io/uac2t/","Weight of a goat (kg)","weight",1,0,0,1,1,1,3,3,50,1,1
"23",NA,1,56,36,172,75172,"Röseler, L., Schütz, A., Dolling, I. K., Friedinger, K., Hösch, Y., Hügel, J. C., … Röseler, J. J. (2020, July 24). The Stepwise Anchoring Paradigm: Measuring Reliable Components of Anchoring and Adjustment as the Next Step in Moderator Research. https://doi.org/10.31234/osf.io/hjbwp","Röseler et al., 2020","https://osf.io/uac2t/","Weight of a hyena (kg)","weight",1,0,0,1,1,1,3,3,60,0,1
"24",NA,1,31,84,172,75172,"Röseler, L., Schütz, A., Dolling, I. K., Friedinger, K., Hösch, Y., Hügel, J. C., … Röseler, J. J. (2020, July 24). The Stepwise Anchoring Paradigm: Measuring Reliable Components of Anchoring and Adjustment as the Next Step in Moderator Research. https://doi.org/10.31234/osf.io/hjbwp","Röseler et al., 2020","https://osf.io/uac2t/","Weight of a warthog (kg)","weight",1,0,0,1,1,1,3,3,60,1,1
"25",NA,1,4,8,174,75174,"Röseler, L., Schütz, A., Dolling, I. K., Friedinger, K., Hösch, Y., Hügel, J. C., … Röseler, J. J. (2020, July 24). The Stepwise Anchoring Paradigm: Measuring Reliable Components of Anchoring and Adjustment as the Next Step in Moderator Research. https://doi.org/10.31234/osf.io/hjbwp","Röseler et al., 2020","https://osf.io/uac2t/","Weight of a rabbit (kg)","weight",1,0,0,1,1,1,3,3,4.5,1,1
"26",NA,1,11,1,174,75174,"Röseler, L., Schütz, A., Dolling, I. K., Friedinger, K., Hösch, Y., Hügel, J. C., … Röseler, J. J. (2020, July 24). The Stepwise Anchoring Paradigm: Measuring Reliable Components of Anchoring and Adjustment as the Next Step in Moderator Research. https://doi.org/10.31234/osf.io/hjbwp","Röseler et al., 2020","https://osf.io/uac2t/","Weight of a cat (kg)","weight",1,0,0,1,1,1,3,3,4.25,0,1
"27",NA,1,9,14,174,75174,"Röseler, L., Schütz, A., Dolling, I. K., Friedinger, K., Hösch, Y., Hügel, J. C., … Röseler, J. J. (2020, July 24). The Stepwise Anchoring Paradigm: Measuring Reliable Components of Anchoring and Adjustment as the Next Step in Moderator Research. https://doi.org/10.31234/osf.io/hjbwp","Röseler et al., 2020","https://osf.io/uac2t/","Weight of a fox (kg)","weight",1,0,0,1,1,1,3,3,8,1,1
"28",NA,1,7,2,174,75174,"Röseler, L., Schütz, A., Dolling, I. K., Friedinger, K., Hösch, Y., Hügel, J. C., … Röseler, J. J. (2020, July 24). The Stepwise Anchoring Paradigm: Measuring Reliable Components of Anchoring and Adjustment as the Next Step in Moderator Research. https://doi.org/10.31234/osf.io/hjbwp","Röseler et al., 2020","https://osf.io/uac2t/","Weight of a racoon (kg)","weight",1,0,0,1,1,1,3,3,8,0,1
"29",NA,1,10,26,174,75174,"Röseler, L., Schütz, A., Dolling, I. K., Friedinger, K., Hösch, Y., Hügel, J. C., … Röseler, J. J. (2020, July 24). The Stepwise Anchoring Paradigm: Measuring Reliable Components of Anchoring and Adjustment as the Next Step in Moderator Research. https://doi.org/10.31234/osf.io/hjbwp","Röseler et al., 2020","https://osf.io/uac2t/","Weight of a badger (kg)","weight",1,0,0,1,1,1,3,3,15,1,1
"30",NA,1,13,4,174,75174,"Röseler, L., Schütz, A., Dolling, I. K., Friedinger, K., Hösch, Y., Hügel, J. C., … Röseler, J. J. (2020, July 24). The Stepwise Anchoring Paradigm: Measuring Reliable Components of Anchoring and Adjustment as the Next Step in Moderator Research. https://doi.org/10.31234/osf.io/hjbwp","Röseler et al., 2020","https://osf.io/uac2t/","Weight of a pelican (kg)","weight",1,0,0,1,1,1,3,3,15,0,1
"31",NA,1,32,40,174,75174,"Röseler, L., Schütz, A., Dolling, I. K., Friedinger, K., Hösch, Y., Hügel, J. C., … Röseler, J. J. (2020, July 24). The Stepwise Anchoring Paradigm: Measuring Reliable Components of Anchoring and Adjustment as the Next Step in Moderator Research. https://doi.org/10.31234/osf.io/hjbwp","Röseler et al., 2020","https://osf.io/uac2t/","Weight of a beaver (kg)","weight",1,0,0,1,1,1,3,3,25,1,1
"32",NA,1,21,10,174,75174,"Röseler, L., Schütz, A., Dolling, I. K., Friedinger, K., Hösch, Y., Hügel, J. C., … Röseler, J. J. (2020, July 24). The Stepwise Anchoring Paradigm: Measuring Reliable Components of Anchoring and Adjustment as the Next Step in Moderator Research. https://doi.org/10.31234/osf.io/hjbwp","Röseler et al., 2020","https://osf.io/uac2t/","Weight of a deer (kg)","weight",1,0,0,1,1,1,3,3,25,0,1
"33",NA,1,55,75,174,75174,"Röseler, L., Schütz, A., Dolling, I. K., Friedinger, K., Hösch, Y., Hügel, J. C., … Röseler, J. J. (2020, July 24). The Stepwise Anchoring Paradigm: Measuring Reliable Components of Anchoring and Adjustment as the Next Step in Moderator Research. https://doi.org/10.31234/osf.io/hjbwp","Röseler et al., 2020","https://osf.io/uac2t/","Weight of a wolf (kg)","weight",1,0,0,1,1,1,3,3,50,1,1
"34",NA,1,66,25,174,75174,"Röseler, L., Schütz, A., Dolling, I. K., Friedinger, K., Hösch, Y., Hügel, J. C., … Röseler, J. J. (2020, July 24). The Stepwise Anchoring Paradigm: Measuring Reliable Components of Anchoring and Adjustment as the Next Step in Moderator Research. https://doi.org/10.31234/osf.io/hjbwp","Röseler et al., 2020","https://osf.io/uac2t/","Weight of a goat (kg)","weight",1,0,0,1,1,1,3,3,50,0,1
"35",NA,1,49,84,174,75174,"Röseler, L., Schütz, A., Dolling, I. K., Friedinger, K., Hösch, Y., Hügel, J. C., … Röseler, J. J. (2020, July 24). The Stepwise Anchoring Paradigm: Measuring Reliable Components of Anchoring and Adjustment as the Next Step in Moderator Research. https://doi.org/10.31234/osf.io/hjbwp","Röseler et al., 2020","https://osf.io/uac2t/","Weight of a hyena (kg)","weight",1,0,0,1,1,1,3,3,60,1,1
"36",NA,1,54,36,174,75174,"Röseler, L., Schütz, A., Dolling, I. K., Friedinger, K., Hösch, Y., Hügel, J. C., … Röseler, J. J. (2020, July 24). The Stepwise Anchoring Paradigm: Measuring Reliable Components of Anchoring and Adjustment as the Next Step in Moderator Research. https://doi.org/10.31234/osf.io/hjbwp","Röseler et al., 2020","https://osf.io/uac2t/","Weight of a warthog (kg)","weight",1,0,0,1,1,1,3,3,60,0,1
"37",NA,2,6,8,175,75175,"Röseler, L., Schütz, A., Dolling, I. K., Friedinger, K., Hösch, Y., Hügel, J. C., … Röseler, J. J. (2020, July 24). The Stepwise Anchoring Paradigm: Measuring Reliable Components of Anchoring and Adjustment as the Next Step in Moderator Research. https://doi.org/10.31234/osf.io/hjbwp","Röseler et al., 2020","https://osf.io/uac2t/","Weight of a rabbit (kg)","weight",1,0,0,1,1,1,3,3,4.5,1,1
"38",NA,2,5,1,175,75175,"Röseler, L., Schütz, A., Dolling, I. K., Friedinger, K., Hösch, Y., Hügel, J. C., … Röseler, J. J. (2020, July 24). The Stepwise Anchoring Paradigm: Measuring Reliable Components of Anchoring and Adjustment as the Next Step in Moderator Research. https://doi.org/10.31234/osf.io/hjbwp","Röseler et al., 2020","https://osf.io/uac2t/","Weight of a cat (kg)","weight",1,0,0,1,1,1,3,3,4.25,0,1
"39",NA,2,10,14,175,75175,"Röseler, L., Schütz, A., Dolling, I. K., Friedinger, K., Hösch, Y., Hügel, J. C., … Röseler, J. J. (2020, July 24). The Stepwise Anchoring Paradigm: Measuring Reliable Components of Anchoring and Adjustment as the Next Step in Moderator Research. https://doi.org/10.31234/osf.io/hjbwp","Röseler et al., 2020","https://osf.io/uac2t/","Weight of a fox (kg)","weight",1,0,0,1,1,1,3,3,8,1,1
"40",NA,2,6,2,175,75175,"Röseler, L., Schütz, A., Dolling, I. K., Friedinger, K., Hösch, Y., Hügel, J. C., … Röseler, J. J. (2020, July 24). The Stepwise Anchoring Paradigm: Measuring Reliable Components of Anchoring and Adjustment as the Next Step in Moderator Research. https://doi.org/10.31234/osf.io/hjbwp","Röseler et al., 2020","https://osf.io/uac2t/","Weight of a racoon (kg)","weight",1,0,0,1,1,1,3,3,8,0,1
"41",NA,2,19,26,175,75175,"Röseler, L., Schütz, A., Dolling, I. K., Friedinger, K., Hösch, Y., Hügel, J. C., … Röseler, J. J. (2020, July 24). The Stepwise Anchoring Paradigm: Measuring Reliable Components of Anchoring and Adjustment as the Next Step in Moderator Research. https://doi.org/10.31234/osf.io/hjbwp","Röseler et al., 2020","https://osf.io/uac2t/","Weight of a badger (kg)","weight",1,0,0,1,1,1,3,3,15,1,1
"42",NA,2,12,4,175,75175,"Röseler, L., Schütz, A., Dolling, I. K., Friedinger, K., Hösch, Y., Hügel, J. C., … Röseler, J. J. (2020, July 24). The Stepwise Anchoring Paradigm: Measuring Reliable Components of Anchoring and Adjustment as the Next Step in Moderator Research. https://doi.org/10.31234/osf.io/hjbwp","Röseler et al., 2020","https://osf.io/uac2t/","Weight of a pelican (kg)","weight",1,0,0,1,1,1,3,3,15,0,1
"43",NA,2,10,40,175,75175,"Röseler, L., Schütz, A., Dolling, I. K., Friedinger, K., Hösch, Y., Hügel, J. C., … Röseler, J. J. (2020, July 24). The Stepwise Anchoring Paradigm: Measuring Reliable Components of Anchoring and Adjustment as the Next Step in Moderator Research. https://doi.org/10.31234/osf.io/hjbwp","Röseler et al., 2020","https://osf.io/uac2t/","Weight of a beaver (kg)","weight",1,0,0,1,1,1,3,3,25,1,1
"44",NA,2,30,10,175,75175,"Röseler, L., Schütz, A., Dolling, I. K., Friedinger, K., Hösch, Y., Hügel, J. C., … Röseler, J. J. (2020, July 24). The Stepwise Anchoring Paradigm: Measuring Reliable Components of Anchoring and Adjustment as the Next Step in Moderator Research. https://doi.org/10.31234/osf.io/hjbwp","Röseler et al., 2020","https://osf.io/uac2t/","Weight of a deer (kg)","weight",1,0,0,1,1,1,3,3,25,0,1
"45",NA,2,60,75,175,75175,"Röseler, L., Schütz, A., Dolling, I. K., Friedinger, K., Hösch, Y., Hügel, J. C., … Röseler, J. J. (2020, July 24). The Stepwise Anchoring Paradigm: Measuring Reliable Components of Anchoring and Adjustment as the Next Step in Moderator Research. https://doi.org/10.31234/osf.io/hjbwp","Röseler et al., 2020","https://osf.io/uac2t/","Weight of a wolf (kg)","weight",1,0,0,1,1,1,3,3,50,1,1
"46",NA,2,26,25,175,75175,"Röseler, L., Schütz, A., Dolling, I. K., Friedinger, K., Hösch, Y., Hügel, J. C., … Röseler, J. J. (2020, July 24). The Stepwise Anchoring Paradigm: Measuring Reliable Components of Anchoring and Adjustment as the Next Step in Moderator Research. https://doi.org/10.31234/osf.io/hjbwp","Röseler et al., 2020","https://osf.io/uac2t/","Weight of a goat (kg)","weight",1,0,0,1,1,1,3,3,50,0,1
"47",NA,2,40,84,175,75175,"Röseler, L., Schütz, A., Dolling, I. K., Friedinger, K., Hösch, Y., Hügel, J. C., … Röseler, J. J. (2020, July 24). The Stepwise Anchoring Paradigm: Measuring Reliable Components of Anchoring and Adjustment as the Next Step in Moderator Research. https://doi.org/10.31234/osf.io/hjbwp","Röseler et al., 2020","https://osf.io/uac2t/","Weight of a hyena (kg)","weight",1,0,0,1,1,1,3,3,60,1,1
"48",NA,2,50,36,175,75175,"Röseler, L., Schütz, A., Dolling, I. K., Friedinger, K., Hösch, Y., Hügel, J. C., … Röseler, J. J. (2020, July 24). The Stepwise Anchoring Paradigm: Measuring Reliable Components of Anchoring and Adjustment as the Next Step in Moderator Research. https://doi.org/10.31234/osf.io/hjbwp","Röseler et al., 2020","https://osf.io/uac2t/","Weight of a warthog (kg)","weight",1,0,0,1,1,1,3,3,60,0,1
"49",NA,3,95,1,180,75180,"Röseler, L., Schütz, A., Dolling, I. K., Friedinger, K., Hösch, Y., Hügel, J. C., … Röseler, J. J. (2020, July 24). The Stepwise Anchoring Paradigm: Measuring Reliable Components of Anchoring and Adjustment as the Next Step in Moderator Research. https://doi.org/10.31234/osf.io/hjbwp","Röseler et al., 2020","https://osf.io/uac2t/","Weight of a rabbit (kg)","weight",1,0,0,1,1,1,3,3,4.5,0,1
"50",NA,3,12,8,180,75180,"Röseler, L., Schütz, A., Dolling, I. K., Friedinger, K., Hösch, Y., Hügel, J. C., … Röseler, J. J. (2020, July 24). The Stepwise Anchoring Paradigm: Measuring Reliable Components of Anchoring and Adjustment as the Next Step in Moderator Research. https://doi.org/10.31234/osf.io/hjbwp","Röseler et al., 2020","https://osf.io/uac2t/","Weight of a cat (kg)","weight",1,0,0,1,1,1,3,3,4.25,1,1
"51",NA,3,95,2,180,75180,"Röseler, L., Schütz, A., Dolling, I. K., Friedinger, K., Hösch, Y., Hügel, J. C., … Röseler, J. J. (2020, July 24). The Stepwise Anchoring Paradigm: Measuring Reliable Components of Anchoring and Adjustment as the Next Step in Moderator Research. https://doi.org/10.31234/osf.io/hjbwp","Röseler et al., 2020","https://osf.io/uac2t/","Weight of a fox (kg)","weight",1,0,0,1,1,1,3,3,8,0,1
"52",NA,3,98,14,180,75180,"Röseler, L., Schütz, A., Dolling, I. K., Friedinger, K., Hösch, Y., Hügel, J. C., … Röseler, J. J. (2020, July 24). The Stepwise Anchoring Paradigm: Measuring Reliable Components of Anchoring and Adjustment as the Next Step in Moderator Research. https://doi.org/10.31234/osf.io/hjbwp","Röseler et al., 2020","https://osf.io/uac2t/","Weight of a racoon (kg)","weight",1,0,0,1,1,1,3,3,8,1,1
"53",NA,3,97,4,180,75180,"Röseler, L., Schütz, A., Dolling, I. K., Friedinger, K., Hösch, Y., Hügel, J. C., … Röseler, J. J. (2020, July 24). The Stepwise Anchoring Paradigm: Measuring Reliable Components of Anchoring and Adjustment as the Next Step in Moderator Research. https://doi.org/10.31234/osf.io/hjbwp","Röseler et al., 2020","https://osf.io/uac2t/","Weight of a badger (kg)","weight",1,0,0,1,1,1,3,3,15,0,1
"54",NA,3,98,26,180,75180,"Röseler, L., Schütz, A., Dolling, I. K., Friedinger, K., Hösch, Y., Hügel, J. C., … Röseler, J. J. (2020, July 24). The Stepwise Anchoring Paradigm: Measuring Reliable Components of Anchoring and Adjustment as the Next Step in Moderator Research. https://doi.org/10.31234/osf.io/hjbwp","Röseler et al., 2020","https://osf.io/uac2t/","Weight of a pelican (kg)","weight",1,0,0,1,1,1,3,3,15,1,1
"55",NA,3,99,10,180,75180,"Röseler, L., Schütz, A., Dolling, I. K., Friedinger, K., Hösch, Y., Hügel, J. C., … Röseler, J. J. (2020, July 24). The Stepwise Anchoring Paradigm: Measuring Reliable Components of Anchoring and Adjustment as the Next Step in Moderator Research. https://doi.org/10.31234/osf.io/hjbwp","Röseler et al., 2020","https://osf.io/uac2t/","Weight of a beaver (kg)","weight",1,0,0,1,1,1,3,3,25,0,1
"56",NA,3,30,40,180,75180,"Röseler, L., Schütz, A., Dolling, I. K., Friedinger, K., Hösch, Y., Hügel, J. C., … Röseler, J. J. (2020, July 24). The Stepwise Anchoring Paradigm: Measuring Reliable Components of Anchoring and Adjustment as the Next Step in Moderator Research. https://doi.org/10.31234/osf.io/hjbwp","Röseler et al., 2020","https://osf.io/uac2t/","Weight of a deer (kg)","weight",1,0,0,1,1,1,3,3,25,1,1
"57",NA,3,98,25,180,75180,"Röseler, L., Schütz, A., Dolling, I. K., Friedinger, K., Hösch, Y., Hügel, J. C., … Röseler, J. J. (2020, July 24). The Stepwise Anchoring Paradigm: Measuring Reliable Components of Anchoring and Adjustment as the Next Step in Moderator Research. https://doi.org/10.31234/osf.io/hjbwp","Röseler et al., 2020","https://osf.io/uac2t/","Weight of a wolf (kg)","weight",1,0,0,1,1,1,3,3,50,0,1
"58",NA,3,97,75,180,75180,"Röseler, L., Schütz, A., Dolling, I. K., Friedinger, K., Hösch, Y., Hügel, J. C., … Röseler, J. J. (2020, July 24). The Stepwise Anchoring Paradigm: Measuring Reliable Components of Anchoring and Adjustment as the Next Step in Moderator Research. https://doi.org/10.31234/osf.io/hjbwp","Röseler et al., 2020","https://osf.io/uac2t/","Weight of a goat (kg)","weight",1,0,0,1,1,1,3,3,50,1,1
"59",NA,3,99,36,180,75180,"Röseler, L., Schütz, A., Dolling, I. K., Friedinger, K., Hösch, Y., Hügel, J. C., … Röseler, J. J. (2020, July 24). The Stepwise Anchoring Paradigm: Measuring Reliable Components of Anchoring and Adjustment as the Next Step in Moderator Research. https://doi.org/10.31234/osf.io/hjbwp","Röseler et al., 2020","https://osf.io/uac2t/","Weight of a hyena (kg)","weight",1,0,0,1,1,1,3,3,60,0,1
"60",NA,3,23,84,180,75180,"Röseler, L., Schütz, A., Dolling, I. K., Friedinger, K., Hösch, Y., Hügel, J. C., … Röseler, J. J. (2020, July 24). The Stepwise Anchoring Paradigm: Measuring Reliable Components of Anchoring and Adjustment as the Next Step in Moderator Research. https://doi.org/10.31234/osf.io/hjbwp","Röseler et al., 2020","https://osf.io/uac2t/","Weight of a warthog (kg)","weight",1,0,0,1,1,1,3,3,60,1,1
"61",22,1,7,8,184,75184,"Röseler, L., Schütz, A., Dolling, I. K., Friedinger, K., Hösch, Y., Hügel, J. C., … Röseler, J. J. (2020, July 24). The Stepwise Anchoring Paradigm: Measuring Reliable Components of Anchoring and Adjustment as the Next Step in Moderator Research. https://doi.org/10.31234/osf.io/hjbwp","Röseler et al., 2020","https://osf.io/uac2t/","Weight of a rabbit (kg)","weight",1,0,0,1,1,1,3,3,4.5,1,1
"62",22,1,16,1,184,75184,"Röseler, L., Schütz, A., Dolling, I. K., Friedinger, K., Hösch, Y., Hügel, J. C., … Röseler, J. J. (2020, July 24). The Stepwise Anchoring Paradigm: Measuring Reliable Components of Anchoring and Adjustment as the Next Step in Moderator Research. https://doi.org/10.31234/osf.io/hjbwp","Röseler et al., 2020","https://osf.io/uac2t/","Weight of a cat (kg)","weight",1,0,0,1,1,1,3,3,4.25,0,1
"63",22,1,10,14,184,75184,"Röseler, L., Schütz, A., Dolling, I. K., Friedinger, K., Hösch, Y., Hügel, J. C., … Röseler, J. J. (2020, July 24). The Stepwise Anchoring Paradigm: Measuring Reliable Components of Anchoring and Adjustment as the Next Step in Moderator Research. https://doi.org/10.31234/osf.io/hjbwp","Röseler et al., 2020","https://osf.io/uac2t/","Weight of a fox (kg)","weight",1,0,0,1,1,1,3,3,8,1,1
"64",22,1,9,2,184,75184,"Röseler, L., Schütz, A., Dolling, I. K., Friedinger, K., Hösch, Y., Hügel, J. C., … Röseler, J. J. (2020, July 24). The Stepwise Anchoring Paradigm: Measuring Reliable Components of Anchoring and Adjustment as the Next Step in Moderator Research. https://doi.org/10.31234/osf.io/hjbwp","Röseler et al., 2020","https://osf.io/uac2t/","Weight of a racoon (kg)","weight",1,0,0,1,1,1,3,3,8,0,1
"65",22,1,12,26,184,75184,"Röseler, L., Schütz, A., Dolling, I. K., Friedinger, K., Hösch, Y., Hügel, J. C., … Röseler, J. J. (2020, July 24). The Stepwise Anchoring Paradigm: Measuring Reliable Components of Anchoring and Adjustment as the Next Step in Moderator Research. https://doi.org/10.31234/osf.io/hjbwp","Röseler et al., 2020","https://osf.io/uac2t/","Weight of a badger (kg)","weight",1,0,0,1,1,1,3,3,15,1,1
"66",22,1,10,4,184,75184,"Röseler, L., Schütz, A., Dolling, I. K., Friedinger, K., Hösch, Y., Hügel, J. C., … Röseler, J. J. (2020, July 24). The Stepwise Anchoring Paradigm: Measuring Reliable Components of Anchoring and Adjustment as the Next Step in Moderator Research. https://doi.org/10.31234/osf.io/hjbwp","Röseler et al., 2020","https://osf.io/uac2t/","Weight of a pelican (kg)","weight",1,0,0,1,1,1,3,3,15,0,1
"67",22,1,24,40,184,75184,"Röseler, L., Schütz, A., Dolling, I. K., Friedinger, K., Hösch, Y., Hügel, J. C., … Röseler, J. J. (2020, July 24). The Stepwise Anchoring Paradigm: Measuring Reliable Components of Anchoring and Adjustment as the Next Step in Moderator Research. https://doi.org/10.31234/osf.io/hjbwp","Röseler et al., 2020","https://osf.io/uac2t/","Weight of a beaver (kg)","weight",1,0,0,1,1,1,3,3,25,1,1
"68",22,1,42,10,184,75184,"Röseler, L., Schütz, A., Dolling, I. K., Friedinger, K., Hösch, Y., Hügel, J. C., … Röseler, J. J. (2020, July 24). The Stepwise Anchoring Paradigm: Measuring Reliable Components of Anchoring and Adjustment as the Next Step in Moderator Research. https://doi.org/10.31234/osf.io/hjbwp","Röseler et al., 2020","https://osf.io/uac2t/","Weight of a deer (kg)","weight",1,0,0,1,1,1,3,3,25,0,1
"69",22,1,51,75,184,75184,"Röseler, L., Schütz, A., Dolling, I. K., Friedinger, K., Hösch, Y., Hügel, J. C., … Röseler, J. J. (2020, July 24). The Stepwise Anchoring Paradigm: Measuring Reliable Components of Anchoring and Adjustment as the Next Step in Moderator Research. https://doi.org/10.31234/osf.io/hjbwp","Röseler et al., 2020","https://osf.io/uac2t/","Weight of a wolf (kg)","weight",1,0,0,1,1,1,3,3,50,1,1
"70",22,1,43,25,184,75184,"Röseler, L., Schütz, A., Dolling, I. K., Friedinger, K., Hösch, Y., Hügel, J. C., … Röseler, J. J. (2020, July 24). The Stepwise Anchoring Paradigm: Measuring Reliable Components of Anchoring and Adjustment as the Next Step in Moderator Research. https://doi.org/10.31234/osf.io/hjbwp","Röseler et al., 2020","https://osf.io/uac2t/","Weight of a goat (kg)","weight",1,0,0,1,1,1,3,3,50,0,1
"71",22,1,41,84,184,75184,"Röseler, L., Schütz, A., Dolling, I. K., Friedinger, K., Hösch, Y., Hügel, J. C., … Röseler, J. J. (2020, July 24). The Stepwise Anchoring Paradigm: Measuring Reliable Components of Anchoring and Adjustment as the Next Step in Moderator Research. https://doi.org/10.31234/osf.io/hjbwp","Röseler et al., 2020","https://osf.io/uac2t/","Weight of a hyena (kg)","weight",1,0,0,1,1,1,3,3,60,1,1
"72",22,1,72,36,184,75184,"Röseler, L., Schütz, A., Dolling, I. K., Friedinger, K., Hösch, Y., Hügel, J. C., … Röseler, J. J. (2020, July 24). The Stepwise Anchoring Paradigm: Measuring Reliable Components of Anchoring and Adjustment as the Next Step in Moderator Research. https://doi.org/10.31234/osf.io/hjbwp","Röseler et al., 2020","https://osf.io/uac2t/","Weight of a warthog (kg)","weight",1,0,0,1,1,1,3,3,60,0,1
"73",24,1,4,8,191,75191,"Röseler, L., Schütz, A., Dolling, I. K., Friedinger, K., Hösch, Y., Hügel, J. C., … Röseler, J. J. (2020, July 24). The Stepwise Anchoring Paradigm: Measuring Reliable Components of Anchoring and Adjustment as the Next Step in Moderator Research. https://doi.org/10.31234/osf.io/hjbwp","Röseler et al., 2020","https://osf.io/uac2t/","Weight of a rabbit (kg)","weight",1,0,0,1,1,1,3,3,4.5,1,1
"74",24,1,3,1,191,75191,"Röseler, L., Schütz, A., Dolling, I. K., Friedinger, K., Hösch, Y., Hügel, J. C., … Röseler, J. J. (2020, July 24). The Stepwise Anchoring Paradigm: Measuring Reliable Components of Anchoring and Adjustment as the Next Step in Moderator Research. https://doi.org/10.31234/osf.io/hjbwp","Röseler et al., 2020","https://osf.io/uac2t/","Weight of a cat (kg)","weight",1,0,0,1,1,1,3,3,4.25,0,1
"75",24,1,12,14,191,75191,"Röseler, L., Schütz, A., Dolling, I. K., Friedinger, K., Hösch, Y., Hügel, J. C., … Röseler, J. J. (2020, July 24). The Stepwise Anchoring Paradigm: Measuring Reliable Components of Anchoring and Adjustment as the Next Step in Moderator Research. https://doi.org/10.31234/osf.io/hjbwp","Röseler et al., 2020","https://osf.io/uac2t/","Weight of a fox (kg)","weight",1,0,0,1,1,1,3,3,8,1,1
"76",24,1,12,2,191,75191,"Röseler, L., Schütz, A., Dolling, I. K., Friedinger, K., Hösch, Y., Hügel, J. C., … Röseler, J. J. (2020, July 24). The Stepwise Anchoring Paradigm: Measuring Reliable Components of Anchoring and Adjustment as the Next Step in Moderator Research. https://doi.org/10.31234/osf.io/hjbwp","Röseler et al., 2020","https://osf.io/uac2t/","Weight of a racoon (kg)","weight",1,0,0,1,1,1,3,3,8,0,1
"77",24,1,13,26,191,75191,"Röseler, L., Schütz, A., Dolling, I. K., Friedinger, K., Hösch, Y., Hügel, J. C., … Röseler, J. J. (2020, July 24). The Stepwise Anchoring Paradigm: Measuring Reliable Components of Anchoring and Adjustment as the Next Step in Moderator Research. https://doi.org/10.31234/osf.io/hjbwp","Röseler et al., 2020","https://osf.io/uac2t/","Weight of a badger (kg)","weight",1,0,0,1,1,1,3,3,15,1,1
"78",24,1,6,4,191,75191,"Röseler, L., Schütz, A., Dolling, I. K., Friedinger, K., Hösch, Y., Hügel, J. C., … Röseler, J. J. (2020, July 24). The Stepwise Anchoring Paradigm: Measuring Reliable Components of Anchoring and Adjustment as the Next Step in Moderator Research. https://doi.org/10.31234/osf.io/hjbwp","Röseler et al., 2020","https://osf.io/uac2t/","Weight of a pelican (kg)","weight",1,0,0,1,1,1,3,3,15,0,1
"79",24,1,12,40,191,75191,"Röseler, L., Schütz, A., Dolling, I. K., Friedinger, K., Hösch, Y., Hügel, J. C., … Röseler, J. J. (2020, July 24). The Stepwise Anchoring Paradigm: Measuring Reliable Components of Anchoring and Adjustment as the Next Step in Moderator Research. https://doi.org/10.31234/osf.io/hjbwp","Röseler et al., 2020","https://osf.io/uac2t/","Weight of a beaver (kg)","weight",1,0,0,1,1,1,3,3,25,1,1
"80",24,1,24,10,191,75191,"Röseler, L., Schütz, A., Dolling, I. K., Friedinger, K., Hösch, Y., Hügel, J. C., … Röseler, J. J. (2020, July 24). The Stepwise Anchoring Paradigm: Measuring Reliable Components of Anchoring and Adjustment as the Next Step in Moderator Research. https://doi.org/10.31234/osf.io/hjbwp","Röseler et al., 2020","https://osf.io/uac2t/","Weight of a deer (kg)","weight",1,0,0,1,1,1,3,3,25,0,1
"81",24,1,55,75,191,75191,"Röseler, L., Schütz, A., Dolling, I. K., Friedinger, K., Hösch, Y., Hügel, J. C., … Röseler, J. J. (2020, July 24). The Stepwise Anchoring Paradigm: Measuring Reliable Components of Anchoring and Adjustment as the Next Step in Moderator Research. https://doi.org/10.31234/osf.io/hjbwp","Röseler et al., 2020","https://osf.io/uac2t/","Weight of a wolf (kg)","weight",1,0,0,1,1,1,3,3,50,1,1
"82",24,1,30,25,191,75191,"Röseler, L., Schütz, A., Dolling, I. K., Friedinger, K., Hösch, Y., Hügel, J. C., … Röseler, J. J. (2020, July 24). The Stepwise Anchoring Paradigm: Measuring Reliable Components of Anchoring and Adjustment as the Next Step in Moderator Research. https://doi.org/10.31234/osf.io/hjbwp","Röseler et al., 2020","https://osf.io/uac2t/","Weight of a goat (kg)","weight",1,0,0,1,1,1,3,3,50,0,1
"83",24,1,43,84,191,75191,"Röseler, L., Schütz, A., Dolling, I. K., Friedinger, K., Hösch, Y., Hügel, J. C., … Röseler, J. J. (2020, July 24). The Stepwise Anchoring Paradigm: Measuring Reliable Components of Anchoring and Adjustment as the Next Step in Moderator Research. https://doi.org/10.31234/osf.io/hjbwp","Röseler et al., 2020","https://osf.io/uac2t/","Weight of a hyena (kg)","weight",1,0,0,1,1,1,3,3,60,1,1
"84",24,1,54,36,191,75191,"Röseler, L., Schütz, A., Dolling, I. K., Friedinger, K., Hösch, Y., Hügel, J. C., … Röseler, J. J. (2020, July 24). The Stepwise Anchoring Paradigm: Measuring Reliable Components of Anchoring and Adjustment as the Next Step in Moderator Research. https://doi.org/10.31234/osf.io/hjbwp","Röseler et al., 2020","https://osf.io/uac2t/","Weight of a warthog (kg)","weight",1,0,0,1,1,1,3,3,60,0,1
"85",26,2,9,1,193,75193,"Röseler, L., Schütz, A., Dolling, I. K., Friedinger, K., Hösch, Y., Hügel, J. C., … Röseler, J. J. (2020, July 24). The Stepwise Anchoring Paradigm: Measuring Reliable Components of Anchoring and Adjustment as the Next Step in Moderator Research. https://doi.org/10.31234/osf.io/hjbwp","Röseler et al., 2020","https://osf.io/uac2t/","Weight of a rabbit (kg)","weight",1,0,0,1,1,1,3,3,4.5,0,1
"86",26,2,5,8,193,75193,"Röseler, L., Schütz, A., Dolling, I. K., Friedinger, K., Hösch, Y., Hügel, J. C., … Röseler, J. J. (2020, July 24). The Stepwise Anchoring Paradigm: Measuring Reliable Components of Anchoring and Adjustment as the Next Step in Moderator Research. https://doi.org/10.31234/osf.io/hjbwp","Röseler et al., 2020","https://osf.io/uac2t/","Weight of a cat (kg)","weight",1,0,0,1,1,1,3,3,4.25,1,1
"87",26,2,8,2,193,75193,"Röseler, L., Schütz, A., Dolling, I. K., Friedinger, K., Hösch, Y., Hügel, J. C., … Röseler, J. J. (2020, July 24). The Stepwise Anchoring Paradigm: Measuring Reliable Components of Anchoring and Adjustment as the Next Step in Moderator Research. https://doi.org/10.31234/osf.io/hjbwp","Röseler et al., 2020","https://osf.io/uac2t/","Weight of a fox (kg)","weight",1,0,0,1,1,1,3,3,8,0,1
"88",26,2,21,14,193,75193,"Röseler, L., Schütz, A., Dolling, I. K., Friedinger, K., Hösch, Y., Hügel, J. C., … Röseler, J. J. (2020, July 24). The Stepwise Anchoring Paradigm: Measuring Reliable Components of Anchoring and Adjustment as the Next Step in Moderator Research. https://doi.org/10.31234/osf.io/hjbwp","Röseler et al., 2020","https://osf.io/uac2t/","Weight of a racoon (kg)","weight",1,0,0,1,1,1,3,3,8,1,1
"89",26,2,10,4,193,75193,"Röseler, L., Schütz, A., Dolling, I. K., Friedinger, K., Hösch, Y., Hügel, J. C., … Röseler, J. J. (2020, July 24). The Stepwise Anchoring Paradigm: Measuring Reliable Components of Anchoring and Adjustment as the Next Step in Moderator Research. https://doi.org/10.31234/osf.io/hjbwp","Röseler et al., 2020","https://osf.io/uac2t/","Weight of a badger (kg)","weight",1,0,0,1,1,1,3,3,15,0,1
"90",26,2,15,26,193,75193,"Röseler, L., Schütz, A., Dolling, I. K., Friedinger, K., Hösch, Y., Hügel, J. C., … Röseler, J. J. (2020, July 24). The Stepwise Anchoring Paradigm: Measuring Reliable Components of Anchoring and Adjustment as the Next Step in Moderator Research. https://doi.org/10.31234/osf.io/hjbwp","Röseler et al., 2020","https://osf.io/uac2t/","Weight of a pelican (kg)","weight",1,0,0,1,1,1,3,3,15,1,1
"91",26,2,14,10,193,75193,"Röseler, L., Schütz, A., Dolling, I. K., Friedinger, K., Hösch, Y., Hügel, J. C., … Röseler, J. J. (2020, July 24). The Stepwise Anchoring Paradigm: Measuring Reliable Components of Anchoring and Adjustment as the Next Step in Moderator Research. https://doi.org/10.31234/osf.io/hjbwp","Röseler et al., 2020","https://osf.io/uac2t/","Weight of a beaver (kg)","weight",1,0,0,1,1,1,3,3,25,0,1
"92",26,2,29,40,193,75193,"Röseler, L., Schütz, A., Dolling, I. K., Friedinger, K., Hösch, Y., Hügel, J. C., … Röseler, J. J. (2020, July 24). The Stepwise Anchoring Paradigm: Measuring Reliable Components of Anchoring and Adjustment as the Next Step in Moderator Research. https://doi.org/10.31234/osf.io/hjbwp","Röseler et al., 2020","https://osf.io/uac2t/","Weight of a deer (kg)","weight",1,0,0,1,1,1,3,3,25,1,1
"93",26,2,33,25,193,75193,"Röseler, L., Schütz, A., Dolling, I. K., Friedinger, K., Hösch, Y., Hügel, J. C., … Röseler, J. J. (2020, July 24). The Stepwise Anchoring Paradigm: Measuring Reliable Components of Anchoring and Adjustment as the Next Step in Moderator Research. https://doi.org/10.31234/osf.io/hjbwp","Röseler et al., 2020","https://osf.io/uac2t/","Weight of a wolf (kg)","weight",1,0,0,1,1,1,3,3,50,0,1
"94",26,2,21,75,193,75193,"Röseler, L., Schütz, A., Dolling, I. K., Friedinger, K., Hösch, Y., Hügel, J. C., … Röseler, J. J. (2020, July 24). The Stepwise Anchoring Paradigm: Measuring Reliable Components of Anchoring and Adjustment as the Next Step in Moderator Research. https://doi.org/10.31234/osf.io/hjbwp","Röseler et al., 2020","https://osf.io/uac2t/","Weight of a goat (kg)","weight",1,0,0,1,1,1,3,3,50,1,1
"95",26,2,46,36,193,75193,"Röseler, L., Schütz, A., Dolling, I. K., Friedinger, K., Hösch, Y., Hügel, J. C., … Röseler, J. J. (2020, July 24). The Stepwise Anchoring Paradigm: Measuring Reliable Components of Anchoring and Adjustment as the Next Step in Moderator Research. https://doi.org/10.31234/osf.io/hjbwp","Röseler et al., 2020","https://osf.io/uac2t/","Weight of a hyena (kg)","weight",1,0,0,1,1,1,3,3,60,0,1
"96",26,2,61,84,193,75193,"Röseler, L., Schütz, A., Dolling, I. K., Friedinger, K., Hösch, Y., Hügel, J. C., … Röseler, J. J. (2020, July 24). The Stepwise Anchoring Paradigm: Measuring Reliable Components of Anchoring and Adjustment as the Next Step in Moderator Research. https://doi.org/10.31234/osf.io/hjbwp","Röseler et al., 2020","https://osf.io/uac2t/","Weight of a warthog (kg)","weight",1,0,0,1,1,1,3,3,60,1,1
"97",61,2,18,1,207,75207,"Röseler, L., Schütz, A., Dolling, I. K., Friedinger, K., Hösch, Y., Hügel, J. C., … Röseler, J. J. (2020, July 24). The Stepwise Anchoring Paradigm: Measuring Reliable Components of Anchoring and Adjustment as the Next Step in Moderator Research. https://doi.org/10.31234/osf.io/hjbwp","Röseler et al., 2020","https://osf.io/uac2t/","Weight of a rabbit (kg)","weight",1,0,0,1,1,1,3,3,4.5,0,1
"98",61,2,4,8,207,75207,"Röseler, L., Schütz, A., Dolling, I. K., Friedinger, K., Hösch, Y., Hügel, J. C., … Röseler, J. J. (2020, July 24). The Stepwise Anchoring Paradigm: Measuring Reliable Components of Anchoring and Adjustment as the Next Step in Moderator Research. https://doi.org/10.31234/osf.io/hjbwp","Röseler et al., 2020","https://osf.io/uac2t/","Weight of a cat (kg)","weight",1,0,0,1,1,1,3,3,4.25,1,1
"99",61,2,25,2,207,75207,"Röseler, L., Schütz, A., Dolling, I. K., Friedinger, K., Hösch, Y., Hügel, J. C., … Röseler, J. J. (2020, July 24). The Stepwise Anchoring Paradigm: Measuring Reliable Components of Anchoring and Adjustment as the Next Step in Moderator Research. https://doi.org/10.31234/osf.io/hjbwp","Röseler et al., 2020","https://osf.io/uac2t/","Weight of a fox (kg)","weight",1,0,0,1,1,1,3,3,8,0,1
"100",61,2,35,14,207,75207,"Röseler, L., Schütz, A., Dolling, I. K., Friedinger, K., Hösch, Y., Hügel, J. C., … Röseler, J. J. (2020, July 24). The Stepwise Anchoring Paradigm: Measuring Reliable Components of Anchoring and Adjustment as the Next Step in Moderator Research. https://doi.org/10.31234/osf.io/hjbwp","Röseler et al., 2020","https://osf.io/uac2t/","Weight of a racoon (kg)","weight",1,0,0,1,1,1,3,3,8,1,1
"101",61,2,17,4,207,75207,"Röseler, L., Schütz, A., Dolling, I. K., Friedinger, K., Hösch, Y., Hügel, J. C., … Röseler, J. J. (2020, July 24). The Stepwise Anchoring Paradigm: Measuring Reliable Components of Anchoring and Adjustment as the Next Step in Moderator Research. https://doi.org/10.31234/osf.io/hjbwp","Röseler et al., 2020","https://osf.io/uac2t/","Weight of a badger (kg)","weight",1,0,0,1,1,1,3,3,15,0,1
"102",61,2,18,26,207,75207,"Röseler, L., Schütz, A., Dolling, I. K., Friedinger, K., Hösch, Y., Hügel, J. C., … Röseler, J. J. (2020, July 24). The Stepwise Anchoring Paradigm: Measuring Reliable Components of Anchoring and Adjustment as the Next Step in Moderator Research. https://doi.org/10.31234/osf.io/hjbwp","Röseler et al., 2020","https://osf.io/uac2t/","Weight of a pelican (kg)","weight",1,0,0,1,1,1,3,3,15,1,1
"103",61,2,21,10,207,75207,"Röseler, L., Schütz, A., Dolling, I. K., Friedinger, K., Hösch, Y., Hügel, J. C., … Röseler, J. J. (2020, July 24). The Stepwise Anchoring Paradigm: Measuring Reliable Components of Anchoring and Adjustment as the Next Step in Moderator Research. https://doi.org/10.31234/osf.io/hjbwp","Röseler et al., 2020","https://osf.io/uac2t/","Weight of a beaver (kg)","weight",1,0,0,1,1,1,3,3,25,0,1
"104",61,2,30,40,207,75207,"Röseler, L., Schütz, A., Dolling, I. K., Friedinger, K., Hösch, Y., Hügel, J. C., … Röseler, J. J. (2020, July 24). The Stepwise Anchoring Paradigm: Measuring Reliable Components of Anchoring and Adjustment as the Next Step in Moderator Research. https://doi.org/10.31234/osf.io/hjbwp","Röseler et al., 2020","https://osf.io/uac2t/","Weight of a deer (kg)","weight",1,0,0,1,1,1,3,3,25,1,1
"105",61,2,55,25,207,75207,"Röseler, L., Schütz, A., Dolling, I. K., Friedinger, K., Hösch, Y., Hügel, J. C., … Röseler, J. J. (2020, July 24). The Stepwise Anchoring Paradigm: Measuring Reliable Components of Anchoring and Adjustment as the Next Step in Moderator Research. https://doi.org/10.31234/osf.io/hjbwp","Röseler et al., 2020","https://osf.io/uac2t/","Weight of a wolf (kg)","weight",1,0,0,1,1,1,3,3,50,0,1
"106",61,2,46,75,207,75207,"Röseler, L., Schütz, A., Dolling, I. K., Friedinger, K., Hösch, Y., Hügel, J. C., … Röseler, J. J. (2020, July 24). The Stepwise Anchoring Paradigm: Measuring Reliable Components of Anchoring and Adjustment as the Next Step in Moderator Research. https://doi.org/10.31234/osf.io/hjbwp","Röseler et al., 2020","https://osf.io/uac2t/","Weight of a goat (kg)","weight",1,0,0,1,1,1,3,3,50,1,1
"107",61,2,49,36,207,75207,"Röseler, L., Schütz, A., Dolling, I. K., Friedinger, K., Hösch, Y., Hügel, J. C., … Röseler, J. J. (2020, July 24). The Stepwise Anchoring Paradigm: Measuring Reliable Components of Anchoring and Adjustment as the Next Step in Moderator Research. https://doi.org/10.31234/osf.io/hjbwp","Röseler et al., 2020","https://osf.io/uac2t/","Weight of a hyena (kg)","weight",1,0,0,1,1,1,3,3,60,0,1
"108",61,2,58,84,207,75207,"Röseler, L., Schütz, A., Dolling, I. K., Friedinger, K., Hösch, Y., Hügel, J. C., … Röseler, J. J. (2020, July 24). The Stepwise Anchoring Paradigm: Measuring Reliable Components of Anchoring and Adjustment as the Next Step in Moderator Research. https://doi.org/10.31234/osf.io/hjbwp","Röseler et al., 2020","https://osf.io/uac2t/","Weight of a warthog (kg)","weight",1,0,0,1,1,1,3,3,60,1,1
"109",34,1,5,8,208,75208,"Röseler, L., Schütz, A., Dolling, I. K., Friedinger, K., Hösch, Y., Hügel, J. C., … Röseler, J. J. (2020, July 24). The Stepwise Anchoring Paradigm: Measuring Reliable Components of Anchoring and Adjustment as the Next Step in Moderator Research. https://doi.org/10.31234/osf.io/hjbwp","Röseler et al., 2020","https://osf.io/uac2t/","Weight of a rabbit (kg)","weight",1,0,0,1,1,1,3,3,4.5,1,1
"110",34,1,NA,1,208,75208,"Röseler, L., Schütz, A., Dolling, I. K., Friedinger, K., Hösch, Y., Hügel, J. C., … Röseler, J. J. (2020, July 24). The Stepwise Anchoring Paradigm: Measuring Reliable Components of Anchoring and Adjustment as the Next Step in Moderator Research. https://doi.org/10.31234/osf.io/hjbwp","Röseler et al., 2020","https://osf.io/uac2t/","Weight of a cat (kg)","weight",1,0,0,1,1,1,3,3,4.25,0,1
"111",34,1,9,14,208,75208,"Röseler, L., Schütz, A., Dolling, I. K., Friedinger, K., Hösch, Y., Hügel, J. C., … Röseler, J. J. (2020, July 24). The Stepwise Anchoring Paradigm: Measuring Reliable Components of Anchoring and Adjustment as the Next Step in Moderator Research. https://doi.org/10.31234/osf.io/hjbwp","Röseler et al., 2020","https://osf.io/uac2t/","Weight of a fox (kg)","weight",1,0,0,1,1,1,3,3,8,1,1
"112",34,1,46,2,208,75208,"Röseler, L., Schütz, A., Dolling, I. K., Friedinger, K., Hösch, Y., Hügel, J. C., … Röseler, J. J. (2020, July 24). The Stepwise Anchoring Paradigm: Measuring Reliable Components of Anchoring and Adjustment as the Next Step in Moderator Research. https://doi.org/10.31234/osf.io/hjbwp","Röseler et al., 2020","https://osf.io/uac2t/","Weight of a racoon (kg)","weight",1,0,0,1,1,1,3,3,8,0,1
"113",34,1,29,26,208,75208,"Röseler, L., Schütz, A., Dolling, I. K., Friedinger, K., Hösch, Y., Hügel, J. C., … Röseler, J. J. (2020, July 24). The Stepwise Anchoring Paradigm: Measuring Reliable Components of Anchoring and Adjustment as the Next Step in Moderator Research. https://doi.org/10.31234/osf.io/hjbwp","Röseler et al., 2020","https://osf.io/uac2t/","Weight of a badger (kg)","weight",1,0,0,1,1,1,3,3,15,1,1
"114",34,1,53,4,208,75208,"Röseler, L., Schütz, A., Dolling, I. K., Friedinger, K., Hösch, Y., Hügel, J. C., … Röseler, J. J. (2020, July 24). The Stepwise Anchoring Paradigm: Measuring Reliable Components of Anchoring and Adjustment as the Next Step in Moderator Research. https://doi.org/10.31234/osf.io/hjbwp","Röseler et al., 2020","https://osf.io/uac2t/","Weight of a pelican (kg)","weight",1,0,0,1,1,1,3,3,15,0,1
"115",34,1,32,40,208,75208,"Röseler, L., Schütz, A., Dolling, I. K., Friedinger, K., Hösch, Y., Hügel, J. C., … Röseler, J. J. (2020, July 24). The Stepwise Anchoring Paradigm: Measuring Reliable Components of Anchoring and Adjustment as the Next Step in Moderator Research. https://doi.org/10.31234/osf.io/hjbwp","Röseler et al., 2020","https://osf.io/uac2t/","Weight of a beaver (kg)","weight",1,0,0,1,1,1,3,3,25,1,1
"116",34,1,30,10,208,75208,"Röseler, L., Schütz, A., Dolling, I. K., Friedinger, K., Hösch, Y., Hügel, J. C., … Röseler, J. J. (2020, July 24). The Stepwise Anchoring Paradigm: Measuring Reliable Components of Anchoring and Adjustment as the Next Step in Moderator Research. https://doi.org/10.31234/osf.io/hjbwp","Röseler et al., 2020","https://osf.io/uac2t/","Weight of a deer (kg)","weight",1,0,0,1,1,1,3,3,25,0,1
"117",34,1,50,75,208,75208,"Röseler, L., Schütz, A., Dolling, I. K., Friedinger, K., Hösch, Y., Hügel, J. C., … Röseler, J. J. (2020, July 24). The Stepwise Anchoring Paradigm: Measuring Reliable Components of Anchoring and Adjustment as the Next Step in Moderator Research. https://doi.org/10.31234/osf.io/hjbwp","Röseler et al., 2020","https://osf.io/uac2t/","Weight of a wolf (kg)","weight",1,0,0,1,1,1,3,3,50,1,1
"118",34,1,30,25,208,75208,"Röseler, L., Schütz, A., Dolling, I. K., Friedinger, K., Hösch, Y., Hügel, J. C., … Röseler, J. J. (2020, July 24). The Stepwise Anchoring Paradigm: Measuring Reliable Components of Anchoring and Adjustment as the Next Step in Moderator Research. https://doi.org/10.31234/osf.io/hjbwp","Röseler et al., 2020","https://osf.io/uac2t/","Weight of a goat (kg)","weight",1,0,0,1,1,1,3,3,50,0,1
"119",34,1,58,84,208,75208,"Röseler, L., Schütz, A., Dolling, I. K., Friedinger, K., Hösch, Y., Hügel, J. C., … Röseler, J. J. (2020, July 24). The Stepwise Anchoring Paradigm: Measuring Reliable Components of Anchoring and Adjustment as the Next Step in Moderator Research. https://doi.org/10.31234/osf.io/hjbwp","Röseler et al., 2020","https://osf.io/uac2t/","Weight of a hyena (kg)","weight",1,0,0,1,1,1,3,3,60,1,1
"120",34,1,50,36,208,75208,"Röseler, L., Schütz, A., Dolling, I. K., Friedinger, K., Hösch, Y., Hügel, J. C., … Röseler, J. J. (2020, July 24). The Stepwise Anchoring Paradigm: Measuring Reliable Components of Anchoring and Adjustment as the Next Step in Moderator Research. https://doi.org/10.31234/osf.io/hjbwp","Röseler et al., 2020","https://osf.io/uac2t/","Weight of a warthog (kg)","weight",1,0,0,1,1,1,3,3,60,0,1
"121",20,2,4,8,210,75210,"Röseler, L., Schütz, A., Dolling, I. K., Friedinger, K., Hösch, Y., Hügel, J. C., … Röseler, J. J. (2020, July 24). The Stepwise Anchoring Paradigm: Measuring Reliable Components of Anchoring and Adjustment as the Next Step in Moderator Research. https://doi.org/10.31234/osf.io/hjbwp","Röseler et al., 2020","https://osf.io/uac2t/","Weight of a rabbit (kg)","weight",1,0,0,1,1,1,3,3,4.5,1,1
"122",20,2,10,1,210,75210,"Röseler, L., Schütz, A., Dolling, I. K., Friedinger, K., Hösch, Y., Hügel, J. C., … Röseler, J. J. (2020, July 24). The Stepwise Anchoring Paradigm: Measuring Reliable Components of Anchoring and Adjustment as the Next Step in Moderator Research. https://doi.org/10.31234/osf.io/hjbwp","Röseler et al., 2020","https://osf.io/uac2t/","Weight of a cat (kg)","weight",1,0,0,1,1,1,3,3,4.25,0,1
"123",20,2,6,14,210,75210,"Röseler, L., Schütz, A., Dolling, I. K., Friedinger, K., Hösch, Y., Hügel, J. C., … Röseler, J. J. (2020, July 24). The Stepwise Anchoring Paradigm: Measuring Reliable Components of Anchoring and Adjustment as the Next Step in Moderator Research. https://doi.org/10.31234/osf.io/hjbwp","Röseler et al., 2020","https://osf.io/uac2t/","Weight of a fox (kg)","weight",1,0,0,1,1,1,3,3,8,1,1
"124",20,2,9,2,210,75210,"Röseler, L., Schütz, A., Dolling, I. K., Friedinger, K., Hösch, Y., Hügel, J. C., … Röseler, J. J. (2020, July 24). The Stepwise Anchoring Paradigm: Measuring Reliable Components of Anchoring and Adjustment as the Next Step in Moderator Research. https://doi.org/10.31234/osf.io/hjbwp","Röseler et al., 2020","https://osf.io/uac2t/","Weight of a racoon (kg)","weight",1,0,0,1,1,1,3,3,8,0,1
"125",20,2,17,26,210,75210,"Röseler, L., Schütz, A., Dolling, I. K., Friedinger, K., Hösch, Y., Hügel, J. C., … Röseler, J. J. (2020, July 24). The Stepwise Anchoring Paradigm: Measuring Reliable Components of Anchoring and Adjustment as the Next Step in Moderator Research. https://doi.org/10.31234/osf.io/hjbwp","Röseler et al., 2020","https://osf.io/uac2t/","Weight of a badger (kg)","weight",1,0,0,1,1,1,3,3,15,1,1
"126",20,2,8,4,210,75210,"Röseler, L., Schütz, A., Dolling, I. K., Friedinger, K., Hösch, Y., Hügel, J. C., … Röseler, J. J. (2020, July 24). The Stepwise Anchoring Paradigm: Measuring Reliable Components of Anchoring and Adjustment as the Next Step in Moderator Research. https://doi.org/10.31234/osf.io/hjbwp","Röseler et al., 2020","https://osf.io/uac2t/","Weight of a pelican (kg)","weight",1,0,0,1,1,1,3,3,15,0,1
"127",20,2,15,40,210,75210,"Röseler, L., Schütz, A., Dolling, I. K., Friedinger, K., Hösch, Y., Hügel, J. C., … Röseler, J. J. (2020, July 24). The Stepwise Anchoring Paradigm: Measuring Reliable Components of Anchoring and Adjustment as the Next Step in Moderator Research. https://doi.org/10.31234/osf.io/hjbwp","Röseler et al., 2020","https://osf.io/uac2t/","Weight of a beaver (kg)","weight",1,0,0,1,1,1,3,3,25,1,1
"128",20,2,21,10,210,75210,"Röseler, L., Schütz, A., Dolling, I. K., Friedinger, K., Hösch, Y., Hügel, J. C., … Röseler, J. J. (2020, July 24). The Stepwise Anchoring Paradigm: Measuring Reliable Components of Anchoring and Adjustment as the Next Step in Moderator Research. https://doi.org/10.31234/osf.io/hjbwp","Röseler et al., 2020","https://osf.io/uac2t/","Weight of a deer (kg)","weight",1,0,0,1,1,1,3,3,25,0,1
"129",20,2,16,75,210,75210,"Röseler, L., Schütz, A., Dolling, I. K., Friedinger, K., Hösch, Y., Hügel, J. C., … Röseler, J. J. (2020, July 24). The Stepwise Anchoring Paradigm: Measuring Reliable Components of Anchoring and Adjustment as the Next Step in Moderator Research. https://doi.org/10.31234/osf.io/hjbwp","Röseler et al., 2020","https://osf.io/uac2t/","Weight of a wolf (kg)","weight",1,0,0,1,1,1,3,3,50,1,1
"130",20,2,29,25,210,75210,"Röseler, L., Schütz, A., Dolling, I. K., Friedinger, K., Hösch, Y., Hügel, J. C., … Röseler, J. J. (2020, July 24). The Stepwise Anchoring Paradigm: Measuring Reliable Components of Anchoring and Adjustment as the Next Step in Moderator Research. https://doi.org/10.31234/osf.io/hjbwp","Röseler et al., 2020","https://osf.io/uac2t/","Weight of a goat (kg)","weight",1,0,0,1,1,1,3,3,50,0,1
"131",20,2,17,84,210,75210,"Röseler, L., Schütz, A., Dolling, I. K., Friedinger, K., Hösch, Y., Hügel, J. C., … Röseler, J. J. (2020, July 24). The Stepwise Anchoring Paradigm: Measuring Reliable Components of Anchoring and Adjustment as the Next Step in Moderator Research. https://doi.org/10.31234/osf.io/hjbwp","Röseler et al., 2020","https://osf.io/uac2t/","Weight of a hyena (kg)","weight",1,0,0,1,1,1,3,3,60,1,1
"132",20,2,41,36,210,75210,"Röseler, L., Schütz, A., Dolling, I. K., Friedinger, K., Hösch, Y., Hügel, J. C., … Röseler, J. J. (2020, July 24). The Stepwise Anchoring Paradigm: Measuring Reliable Components of Anchoring and Adjustment as the Next Step in Moderator Research. https://doi.org/10.31234/osf.io/hjbwp","Röseler et al., 2020","https://osf.io/uac2t/","Weight of a warthog (kg)","weight",1,0,0,1,1,1,3,3,60,0,1
"133",22,2,1,8,212,75212,"Röseler, L., Schütz, A., Dolling, I. K., Friedinger, K., Hösch, Y., Hügel, J. C., … Röseler, J. J. (2020, July 24). The Stepwise Anchoring Paradigm: Measuring Reliable Components of Anchoring and Adjustment as the Next Step in Moderator Research. https://doi.org/10.31234/osf.io/hjbwp","Röseler et al., 2020","https://osf.io/uac2t/","Weight of a rabbit (kg)","weight",1,0,0,1,1,1,3,3,4.5,1,1
"134",22,2,2,1,212,75212,"Röseler, L., Schütz, A., Dolling, I. K., Friedinger, K., Hösch, Y., Hügel, J. C., … Röseler, J. J. (2020, July 24). The Stepwise Anchoring Paradigm: Measuring Reliable Components of Anchoring and Adjustment as the Next Step in Moderator Research. https://doi.org/10.31234/osf.io/hjbwp","Röseler et al., 2020","https://osf.io/uac2t/","Weight of a cat (kg)","weight",1,0,0,1,1,1,3,3,4.25,0,1
"135",22,2,9,14,212,75212,"Röseler, L., Schütz, A., Dolling, I. K., Friedinger, K., Hösch, Y., Hügel, J. C., … Röseler, J. J. (2020, July 24). The Stepwise Anchoring Paradigm: Measuring Reliable Components of Anchoring and Adjustment as the Next Step in Moderator Research. https://doi.org/10.31234/osf.io/hjbwp","Röseler et al., 2020","https://osf.io/uac2t/","Weight of a fox (kg)","weight",1,0,0,1,1,1,3,3,8,1,1
"136",22,2,5,2,212,75212,"Röseler, L., Schütz, A., Dolling, I. K., Friedinger, K., Hösch, Y., Hügel, J. C., … Röseler, J. J. (2020, July 24). The Stepwise Anchoring Paradigm: Measuring Reliable Components of Anchoring and Adjustment as the Next Step in Moderator Research. https://doi.org/10.31234/osf.io/hjbwp","Röseler et al., 2020","https://osf.io/uac2t/","Weight of a racoon (kg)","weight",1,0,0,1,1,1,3,3,8,0,1
"137",22,2,20,26,212,75212,"Röseler, L., Schütz, A., Dolling, I. K., Friedinger, K., Hösch, Y., Hügel, J. C., … Röseler, J. J. (2020, July 24). The Stepwise Anchoring Paradigm: Measuring Reliable Components of Anchoring and Adjustment as the Next Step in Moderator Research. https://doi.org/10.31234/osf.io/hjbwp","Röseler et al., 2020","https://osf.io/uac2t/","Weight of a badger (kg)","weight",1,0,0,1,1,1,3,3,15,1,1
"138",22,2,9,4,212,75212,"Röseler, L., Schütz, A., Dolling, I. K., Friedinger, K., Hösch, Y., Hügel, J. C., … Röseler, J. J. (2020, July 24). The Stepwise Anchoring Paradigm: Measuring Reliable Components of Anchoring and Adjustment as the Next Step in Moderator Research. https://doi.org/10.31234/osf.io/hjbwp","Röseler et al., 2020","https://osf.io/uac2t/","Weight of a pelican (kg)","weight",1,0,0,1,1,1,3,3,15,0,1
"139",22,2,15,40,212,75212,"Röseler, L., Schütz, A., Dolling, I. K., Friedinger, K., Hösch, Y., Hügel, J. C., … Röseler, J. J. (2020, July 24). The Stepwise Anchoring Paradigm: Measuring Reliable Components of Anchoring and Adjustment as the Next Step in Moderator Research. https://doi.org/10.31234/osf.io/hjbwp","Röseler et al., 2020","https://osf.io/uac2t/","Weight of a beaver (kg)","weight",1,0,0,1,1,1,3,3,25,1,1
"140",22,2,20,10,212,75212,"Röseler, L., Schütz, A., Dolling, I. K., Friedinger, K., Hösch, Y., Hügel, J. C., … Röseler, J. J. (2020, July 24). The Stepwise Anchoring Paradigm: Measuring Reliable Components of Anchoring and Adjustment as the Next Step in Moderator Research. https://doi.org/10.31234/osf.io/hjbwp","Röseler et al., 2020","https://osf.io/uac2t/","Weight of a deer (kg)","weight",1,0,0,1,1,1,3,3,25,0,1
"141",22,2,42,75,212,75212,"Röseler, L., Schütz, A., Dolling, I. K., Friedinger, K., Hösch, Y., Hügel, J. C., … Röseler, J. J. (2020, July 24). The Stepwise Anchoring Paradigm: Measuring Reliable Components of Anchoring and Adjustment as the Next Step in Moderator Research. https://doi.org/10.31234/osf.io/hjbwp","Röseler et al., 2020","https://osf.io/uac2t/","Weight of a wolf (kg)","weight",1,0,0,1,1,1,3,3,50,1,1
"142",22,2,32,25,212,75212,"Röseler, L., Schütz, A., Dolling, I. K., Friedinger, K., Hösch, Y., Hügel, J. C., … Röseler, J. J. (2020, July 24). The Stepwise Anchoring Paradigm: Measuring Reliable Components of Anchoring and Adjustment as the Next Step in Moderator Research. https://doi.org/10.31234/osf.io/hjbwp","Röseler et al., 2020","https://osf.io/uac2t/","Weight of a goat (kg)","weight",1,0,0,1,1,1,3,3,50,0,1
"143",22,2,65,84,212,75212,"Röseler, L., Schütz, A., Dolling, I. K., Friedinger, K., Hösch, Y., Hügel, J. C., … Röseler, J. J. (2020, July 24). The Stepwise Anchoring Paradigm: Measuring Reliable Components of Anchoring and Adjustment as the Next Step in Moderator Research. https://doi.org/10.31234/osf.io/hjbwp","Röseler et al., 2020","https://osf.io/uac2t/","Weight of a hyena (kg)","weight",1,0,0,1,1,1,3,3,60,1,1
"144",22,2,55,36,212,75212,"Röseler, L., Schütz, A., Dolling, I. K., Friedinger, K., Hösch, Y., Hügel, J. C., … Röseler, J. J. (2020, July 24). The Stepwise Anchoring Paradigm: Measuring Reliable Components of Anchoring and Adjustment as the Next Step in Moderator Research. https://doi.org/10.31234/osf.io/hjbwp","Röseler et al., 2020","https://osf.io/uac2t/","Weight of a warthog (kg)","weight",1,0,0,1,1,1,3,3,60,0,1
"145",21,2,9,1,214,75214,"Röseler, L., Schütz, A., Dolling, I. K., Friedinger, K., Hösch, Y., Hügel, J. C., … Röseler, J. J. (2020, July 24). The Stepwise Anchoring Paradigm: Measuring Reliable Components of Anchoring and Adjustment as the Next Step in Moderator Research. https://doi.org/10.31234/osf.io/hjbwp","Röseler et al., 2020","https://osf.io/uac2t/","Weight of a rabbit (kg)","weight",1,0,0,1,1,1,3,3,4.5,0,1
"146",21,2,4,8,214,75214,"Röseler, L., Schütz, A., Dolling, I. K., Friedinger, K., Hösch, Y., Hügel, J. C., … Röseler, J. J. (2020, July 24). The Stepwise Anchoring Paradigm: Measuring Reliable Components of Anchoring and Adjustment as the Next Step in Moderator Research. https://doi.org/10.31234/osf.io/hjbwp","Röseler et al., 2020","https://osf.io/uac2t/","Weight of a cat (kg)","weight",1,0,0,1,1,1,3,3,4.25,1,1
"147",21,2,16,2,214,75214,"Röseler, L., Schütz, A., Dolling, I. K., Friedinger, K., Hösch, Y., Hügel, J. C., … Röseler, J. J. (2020, July 24). The Stepwise Anchoring Paradigm: Measuring Reliable Components of Anchoring and Adjustment as the Next Step in Moderator Research. https://doi.org/10.31234/osf.io/hjbwp","Röseler et al., 2020","https://osf.io/uac2t/","Weight of a fox (kg)","weight",1,0,0,1,1,1,3,3,8,0,1
"148",21,2,23,14,214,75214,"Röseler, L., Schütz, A., Dolling, I. K., Friedinger, K., Hösch, Y., Hügel, J. C., … Röseler, J. J. (2020, July 24). The Stepwise Anchoring Paradigm: Measuring Reliable Components of Anchoring and Adjustment as the Next Step in Moderator Research. https://doi.org/10.31234/osf.io/hjbwp","Röseler et al., 2020","https://osf.io/uac2t/","Weight of a racoon (kg)","weight",1,0,0,1,1,1,3,3,8,1,1
"149",21,2,14,4,214,75214,"Röseler, L., Schütz, A., Dolling, I. K., Friedinger, K., Hösch, Y., Hügel, J. C., … Röseler, J. J. (2020, July 24). The Stepwise Anchoring Paradigm: Measuring Reliable Components of Anchoring and Adjustment as the Next Step in Moderator Research. https://doi.org/10.31234/osf.io/hjbwp","Röseler et al., 2020","https://osf.io/uac2t/","Weight of a badger (kg)","weight",1,0,0,1,1,1,3,3,15,0,1
"150",21,2,18,26,214,75214,"Röseler, L., Schütz, A., Dolling, I. K., Friedinger, K., Hösch, Y., Hügel, J. C., … Röseler, J. J. (2020, July 24). The Stepwise Anchoring Paradigm: Measuring Reliable Components of Anchoring and Adjustment as the Next Step in Moderator Research. https://doi.org/10.31234/osf.io/hjbwp","Röseler et al., 2020","https://osf.io/uac2t/","Weight of a pelican (kg)","weight",1,0,0,1,1,1,3,3,15,1,1
"151",21,2,13,10,214,75214,"Röseler, L., Schütz, A., Dolling, I. K., Friedinger, K., Hösch, Y., Hügel, J. C., … Röseler, J. J. (2020, July 24). The Stepwise Anchoring Paradigm: Measuring Reliable Components of Anchoring and Adjustment as the Next Step in Moderator Research. https://doi.org/10.31234/osf.io/hjbwp","Röseler et al., 2020","https://osf.io/uac2t/","Weight of a beaver (kg)","weight",1,0,0,1,1,1,3,3,25,0,1
"152",21,2,29,40,214,75214,"Röseler, L., Schütz, A., Dolling, I. K., Friedinger, K., Hösch, Y., Hügel, J. C., … Röseler, J. J. (2020, July 24). The Stepwise Anchoring Paradigm: Measuring Reliable Components of Anchoring and Adjustment as the Next Step in Moderator Research. https://doi.org/10.31234/osf.io/hjbwp","Röseler et al., 2020","https://osf.io/uac2t/","Weight of a deer (kg)","weight",1,0,0,1,1,1,3,3,25,1,1
"153",21,2,35,25,214,75214,"Röseler, L., Schütz, A., Dolling, I. K., Friedinger, K., Hösch, Y., Hügel, J. C., … Röseler, J. J. (2020, July 24). The Stepwise Anchoring Paradigm: Measuring Reliable Components of Anchoring and Adjustment as the Next Step in Moderator Research. https://doi.org/10.31234/osf.io/hjbwp","Röseler et al., 2020","https://osf.io/uac2t/","Weight of a wolf (kg)","weight",1,0,0,1,1,1,3,3,50,0,1
"154",21,2,30,75,214,75214,"Röseler, L., Schütz, A., Dolling, I. K., Friedinger, K., Hösch, Y., Hügel, J. C., … Röseler, J. J. (2020, July 24). The Stepwise Anchoring Paradigm: Measuring Reliable Components of Anchoring and Adjustment as the Next Step in Moderator Research. https://doi.org/10.31234/osf.io/hjbwp","Röseler et al., 2020","https://osf.io/uac2t/","Weight of a goat (kg)","weight",1,0,0,1,1,1,3,3,50,1,1
"155",21,2,43,36,214,75214,"Röseler, L., Schütz, A., Dolling, I. K., Friedinger, K., Hösch, Y., Hügel, J. C., … Röseler, J. J. (2020, July 24). The Stepwise Anchoring Paradigm: Measuring Reliable Components of Anchoring and Adjustment as the Next Step in Moderator Research. https://doi.org/10.31234/osf.io/hjbwp","Röseler et al., 2020","https://osf.io/uac2t/","Weight of a hyena (kg)","weight",1,0,0,1,1,1,3,3,60,0,1
"156",21,2,65,84,214,75214,"Röseler, L., Schütz, A., Dolling, I. K., Friedinger, K., Hösch, Y., Hügel, J. C., … Röseler, J. J. (2020, July 24). The Stepwise Anchoring Paradigm: Measuring Reliable Components of Anchoring and Adjustment as the Next Step in Moderator Research. https://doi.org/10.31234/osf.io/hjbwp","Röseler et al., 2020","https://osf.io/uac2t/","Weight of a warthog (kg)","weight",1,0,0,1,1,1,3,3,60,1,1
"157",23,1,4,8,218,75218,"Röseler, L., Schütz, A., Dolling, I. K., Friedinger, K., Hösch, Y., Hügel, J. C., … Röseler, J. J. (2020, July 24). The Stepwise Anchoring Paradigm: Measuring Reliable Components of Anchoring and Adjustment as the Next Step in Moderator Research. https://doi.org/10.31234/osf.io/hjbwp","Röseler et al., 2020","https://osf.io/uac2t/","Weight of a rabbit (kg)","weight",1,0,0,1,1,1,3,3,4.5,1,1
"158",23,1,5,1,218,75218,"Röseler, L., Schütz, A., Dolling, I. K., Friedinger, K., Hösch, Y., Hügel, J. C., … Röseler, J. J. (2020, July 24). The Stepwise Anchoring Paradigm: Measuring Reliable Components of Anchoring and Adjustment as the Next Step in Moderator Research. https://doi.org/10.31234/osf.io/hjbwp","Röseler et al., 2020","https://osf.io/uac2t/","Weight of a cat (kg)","weight",1,0,0,1,1,1,3,3,4.25,0,1
"159",23,1,19,14,218,75218,"Röseler, L., Schütz, A., Dolling, I. K., Friedinger, K., Hösch, Y., Hügel, J. C., … Röseler, J. J. (2020, July 24). The Stepwise Anchoring Paradigm: Measuring Reliable Components of Anchoring and Adjustment as the Next Step in Moderator Research. https://doi.org/10.31234/osf.io/hjbwp","Röseler et al., 2020","https://osf.io/uac2t/","Weight of a fox (kg)","weight",1,0,0,1,1,1,3,3,8,1,1
"160",23,1,6,2,218,75218,"Röseler, L., Schütz, A., Dolling, I. K., Friedinger, K., Hösch, Y., Hügel, J. C., … Röseler, J. J. (2020, July 24). The Stepwise Anchoring Paradigm: Measuring Reliable Components of Anchoring and Adjustment as the Next Step in Moderator Research. https://doi.org/10.31234/osf.io/hjbwp","Röseler et al., 2020","https://osf.io/uac2t/","Weight of a racoon (kg)","weight",1,0,0,1,1,1,3,3,8,0,1
"161",23,1,12,26,218,75218,"Röseler, L., Schütz, A., Dolling, I. K., Friedinger, K., Hösch, Y., Hügel, J. C., … Röseler, J. J. (2020, July 24). The Stepwise Anchoring Paradigm: Measuring Reliable Components of Anchoring and Adjustment as the Next Step in Moderator Research. https://doi.org/10.31234/osf.io/hjbwp","Röseler et al., 2020","https://osf.io/uac2t/","Weight of a badger (kg)","weight",1,0,0,1,1,1,3,3,15,1,1
"162",23,1,7,4,218,75218,"Röseler, L., Schütz, A., Dolling, I. K., Friedinger, K., Hösch, Y., Hügel, J. C., … Röseler, J. J. (2020, July 24). The Stepwise Anchoring Paradigm: Measuring Reliable Components of Anchoring and Adjustment as the Next Step in Moderator Research. https://doi.org/10.31234/osf.io/hjbwp","Röseler et al., 2020","https://osf.io/uac2t/","Weight of a pelican (kg)","weight",1,0,0,1,1,1,3,3,15,0,1
"163",23,1,25,40,218,75218,"Röseler, L., Schütz, A., Dolling, I. K., Friedinger, K., Hösch, Y., Hügel, J. C., … Röseler, J. J. (2020, July 24). The Stepwise Anchoring Paradigm: Measuring Reliable Components of Anchoring and Adjustment as the Next Step in Moderator Research. https://doi.org/10.31234/osf.io/hjbwp","Röseler et al., 2020","https://osf.io/uac2t/","Weight of a beaver (kg)","weight",1,0,0,1,1,1,3,3,25,1,1
"164",23,1,19,10,218,75218,"Röseler, L., Schütz, A., Dolling, I. K., Friedinger, K., Hösch, Y., Hügel, J. C., … Röseler, J. J. (2020, July 24). The Stepwise Anchoring Paradigm: Measuring Reliable Components of Anchoring and Adjustment as the Next Step in Moderator Research. https://doi.org/10.31234/osf.io/hjbwp","Röseler et al., 2020","https://osf.io/uac2t/","Weight of a deer (kg)","weight",1,0,0,1,1,1,3,3,25,0,1
"165",23,1,63,75,218,75218,"Röseler, L., Schütz, A., Dolling, I. K., Friedinger, K., Hösch, Y., Hügel, J. C., … Röseler, J. J. (2020, July 24). The Stepwise Anchoring Paradigm: Measuring Reliable Components of Anchoring and Adjustment as the Next Step in Moderator Research. https://doi.org/10.31234/osf.io/hjbwp","Röseler et al., 2020","https://osf.io/uac2t/","Weight of a wolf (kg)","weight",1,0,0,1,1,1,3,3,50,1,1
"166",23,1,30,25,218,75218,"Röseler, L., Schütz, A., Dolling, I. K., Friedinger, K., Hösch, Y., Hügel, J. C., … Röseler, J. J. (2020, July 24). The Stepwise Anchoring Paradigm: Measuring Reliable Components of Anchoring and Adjustment as the Next Step in Moderator Research. https://doi.org/10.31234/osf.io/hjbwp","Röseler et al., 2020","https://osf.io/uac2t/","Weight of a goat (kg)","weight",1,0,0,1,1,1,3,3,50,0,1
"167",23,1,68,84,218,75218,"Röseler, L., Schütz, A., Dolling, I. K., Friedinger, K., Hösch, Y., Hügel, J. C., … Röseler, J. J. (2020, July 24). The Stepwise Anchoring Paradigm: Measuring Reliable Components of Anchoring and Adjustment as the Next Step in Moderator Research. https://doi.org/10.31234/osf.io/hjbwp","Röseler et al., 2020","https://osf.io/uac2t/","Weight of a hyena (kg)","weight",1,0,0,1,1,1,3,3,60,1,1
"168",23,1,43,36,218,75218,"Röseler, L., Schütz, A., Dolling, I. K., Friedinger, K., Hösch, Y., Hügel, J. C., … Röseler, J. J. (2020, July 24). The Stepwise Anchoring Paradigm: Measuring Reliable Components of Anchoring and Adjustment as the Next Step in Moderator Research. https://doi.org/10.31234/osf.io/hjbwp","Röseler et al., 2020","https://osf.io/uac2t/","Weight of a warthog (kg)","weight",1,0,0,1,1,1,3,3,60,0,1
"169",24,1,3,8,222,75222,"Röseler, L., Schütz, A., Dolling, I. K., Friedinger, K., Hösch, Y., Hügel, J. C., … Röseler, J. J. (2020, July 24). The Stepwise Anchoring Paradigm: Measuring Reliable Components of Anchoring and Adjustment as the Next Step in Moderator Research. https://doi.org/10.31234/osf.io/hjbwp","Röseler et al., 2020","https://osf.io/uac2t/","Weight of a rabbit (kg)","weight",1,0,0,1,1,1,3,3,4.5,1,1
"170",24,1,15,1,222,75222,"Röseler, L., Schütz, A., Dolling, I. K., Friedinger, K., Hösch, Y., Hügel, J. C., … Röseler, J. J. (2020, July 24). The Stepwise Anchoring Paradigm: Measuring Reliable Components of Anchoring and Adjustment as the Next Step in Moderator Research. https://doi.org/10.31234/osf.io/hjbwp","Röseler et al., 2020","https://osf.io/uac2t/","Weight of a cat (kg)","weight",1,0,0,1,1,1,3,3,4.25,0,1
"171",24,1,11,14,222,75222,"Röseler, L., Schütz, A., Dolling, I. K., Friedinger, K., Hösch, Y., Hügel, J. C., … Röseler, J. J. (2020, July 24). The Stepwise Anchoring Paradigm: Measuring Reliable Components of Anchoring and Adjustment as the Next Step in Moderator Research. https://doi.org/10.31234/osf.io/hjbwp","Röseler et al., 2020","https://osf.io/uac2t/","Weight of a fox (kg)","weight",1,0,0,1,1,1,3,3,8,1,1
"172",24,1,6,2,222,75222,"Röseler, L., Schütz, A., Dolling, I. K., Friedinger, K., Hösch, Y., Hügel, J. C., … Röseler, J. J. (2020, July 24). The Stepwise Anchoring Paradigm: Measuring Reliable Components of Anchoring and Adjustment as the Next Step in Moderator Research. https://doi.org/10.31234/osf.io/hjbwp","Röseler et al., 2020","https://osf.io/uac2t/","Weight of a racoon (kg)","weight",1,0,0,1,1,1,3,3,8,0,1
"173",24,1,8,26,222,75222,"Röseler, L., Schütz, A., Dolling, I. K., Friedinger, K., Hösch, Y., Hügel, J. C., … Röseler, J. J. (2020, July 24). The Stepwise Anchoring Paradigm: Measuring Reliable Components of Anchoring and Adjustment as the Next Step in Moderator Research. https://doi.org/10.31234/osf.io/hjbwp","Röseler et al., 2020","https://osf.io/uac2t/","Weight of a badger (kg)","weight",1,0,0,1,1,1,3,3,15,1,1
"174",24,1,19,4,222,75222,"Röseler, L., Schütz, A., Dolling, I. K., Friedinger, K., Hösch, Y., Hügel, J. C., … Röseler, J. J. (2020, July 24). The Stepwise Anchoring Paradigm: Measuring Reliable Components of Anchoring and Adjustment as the Next Step in Moderator Research. https://doi.org/10.31234/osf.io/hjbwp","Röseler et al., 2020","https://osf.io/uac2t/","Weight of a pelican (kg)","weight",1,0,0,1,1,1,3,3,15,0,1
"175",24,1,16,40,222,75222,"Röseler, L., Schütz, A., Dolling, I. K., Friedinger, K., Hösch, Y., Hügel, J. C., … Röseler, J. J. (2020, July 24). The Stepwise Anchoring Paradigm: Measuring Reliable Components of Anchoring and Adjustment as the Next Step in Moderator Research. https://doi.org/10.31234/osf.io/hjbwp","Röseler et al., 2020","https://osf.io/uac2t/","Weight of a beaver (kg)","weight",1,0,0,1,1,1,3,3,25,1,1
"176",24,1,64,10,222,75222,"Röseler, L., Schütz, A., Dolling, I. K., Friedinger, K., Hösch, Y., Hügel, J. C., … Röseler, J. J. (2020, July 24). The Stepwise Anchoring Paradigm: Measuring Reliable Components of Anchoring and Adjustment as the Next Step in Moderator Research. https://doi.org/10.31234/osf.io/hjbwp","Röseler et al., 2020","https://osf.io/uac2t/","Weight of a deer (kg)","weight",1,0,0,1,1,1,3,3,25,0,1
"177",24,1,60,75,222,75222,"Röseler, L., Schütz, A., Dolling, I. K., Friedinger, K., Hösch, Y., Hügel, J. C., … Röseler, J. J. (2020, July 24). The Stepwise Anchoring Paradigm: Measuring Reliable Components of Anchoring and Adjustment as the Next Step in Moderator Research. https://doi.org/10.31234/osf.io/hjbwp","Röseler et al., 2020","https://osf.io/uac2t/","Weight of a wolf (kg)","weight",1,0,0,1,1,1,3,3,50,1,1
"178",24,1,70,25,222,75222,"Röseler, L., Schütz, A., Dolling, I. K., Friedinger, K., Hösch, Y., Hügel, J. C., … Röseler, J. J. (2020, July 24). The Stepwise Anchoring Paradigm: Measuring Reliable Components of Anchoring and Adjustment as the Next Step in Moderator Research. https://doi.org/10.31234/osf.io/hjbwp","Röseler et al., 2020","https://osf.io/uac2t/","Weight of a goat (kg)","weight",1,0,0,1,1,1,3,3,50,0,1
"179",24,1,75,84,222,75222,"Röseler, L., Schütz, A., Dolling, I. K., Friedinger, K., Hösch, Y., Hügel, J. C., … Röseler, J. J. (2020, July 24). The Stepwise Anchoring Paradigm: Measuring Reliable Components of Anchoring and Adjustment as the Next Step in Moderator Research. https://doi.org/10.31234/osf.io/hjbwp","Röseler et al., 2020","https://osf.io/uac2t/","Weight of a hyena (kg)","weight",1,0,0,1,1,1,3,3,60,1,1
"180",24,1,66,36,222,75222,"Röseler, L., Schütz, A., Dolling, I. K., Friedinger, K., Hösch, Y., Hügel, J. C., … Röseler, J. J. (2020, July 24). The Stepwise Anchoring Paradigm: Measuring Reliable Components of Anchoring and Adjustment as the Next Step in Moderator Research. https://doi.org/10.31234/osf.io/hjbwp","Röseler et al., 2020","https://osf.io/uac2t/","Weight of a warthog (kg)","weight",1,0,0,1,1,1,3,3,60,0,1
"181",20,2,2,1,224,75224,"Röseler, L., Schütz, A., Dolling, I. K., Friedinger, K., Hösch, Y., Hügel, J. C., … Röseler, J. J. (2020, July 24). The Stepwise Anchoring Paradigm: Measuring Reliable Components of Anchoring and Adjustment as the Next Step in Moderator Research. https://doi.org/10.31234/osf.io/hjbwp","Röseler et al., 2020","https://osf.io/uac2t/","Weight of a rabbit (kg)","weight",1,0,0,1,1,1,3,3,4.5,0,1
"182",20,2,4,8,224,75224,"Röseler, L., Schütz, A., Dolling, I. K., Friedinger, K., Hösch, Y., Hügel, J. C., … Röseler, J. J. (2020, July 24). The Stepwise Anchoring Paradigm: Measuring Reliable Components of Anchoring and Adjustment as the Next Step in Moderator Research. https://doi.org/10.31234/osf.io/hjbwp","Röseler et al., 2020","https://osf.io/uac2t/","Weight of a cat (kg)","weight",1,0,0,1,1,1,3,3,4.25,1,1
"183",20,2,16,2,224,75224,"Röseler, L., Schütz, A., Dolling, I. K., Friedinger, K., Hösch, Y., Hügel, J. C., … Röseler, J. J. (2020, July 24). The Stepwise Anchoring Paradigm: Measuring Reliable Components of Anchoring and Adjustment as the Next Step in Moderator Research. https://doi.org/10.31234/osf.io/hjbwp","Röseler et al., 2020","https://osf.io/uac2t/","Weight of a fox (kg)","weight",1,0,0,1,1,1,3,3,8,0,1
"184",20,2,22,14,224,75224,"Röseler, L., Schütz, A., Dolling, I. K., Friedinger, K., Hösch, Y., Hügel, J. C., … Röseler, J. J. (2020, July 24). The Stepwise Anchoring Paradigm: Measuring Reliable Components of Anchoring and Adjustment as the Next Step in Moderator Research. https://doi.org/10.31234/osf.io/hjbwp","Röseler et al., 2020","https://osf.io/uac2t/","Weight of a racoon (kg)","weight",1,0,0,1,1,1,3,3,8,1,1
"185",20,2,5,4,224,75224,"Röseler, L., Schütz, A., Dolling, I. K., Friedinger, K., Hösch, Y., Hügel, J. C., … Röseler, J. J. (2020, July 24). The Stepwise Anchoring Paradigm: Measuring Reliable Components of Anchoring and Adjustment as the Next Step in Moderator Research. https://doi.org/10.31234/osf.io/hjbwp","Röseler et al., 2020","https://osf.io/uac2t/","Weight of a badger (kg)","weight",1,0,0,1,1,1,3,3,15,0,1
"186",20,2,16,26,224,75224,"Röseler, L., Schütz, A., Dolling, I. K., Friedinger, K., Hösch, Y., Hügel, J. C., … Röseler, J. J. (2020, July 24). The Stepwise Anchoring Paradigm: Measuring Reliable Components of Anchoring and Adjustment as the Next Step in Moderator Research. https://doi.org/10.31234/osf.io/hjbwp","Röseler et al., 2020","https://osf.io/uac2t/","Weight of a pelican (kg)","weight",1,0,0,1,1,1,3,3,15,1,1
"187",20,2,18,10,224,75224,"Röseler, L., Schütz, A., Dolling, I. K., Friedinger, K., Hösch, Y., Hügel, J. C., … Röseler, J. J. (2020, July 24). The Stepwise Anchoring Paradigm: Measuring Reliable Components of Anchoring and Adjustment as the Next Step in Moderator Research. https://doi.org/10.31234/osf.io/hjbwp","Röseler et al., 2020","https://osf.io/uac2t/","Weight of a beaver (kg)","weight",1,0,0,1,1,1,3,3,25,0,1
"188",20,2,23,40,224,75224,"Röseler, L., Schütz, A., Dolling, I. K., Friedinger, K., Hösch, Y., Hügel, J. C., … Röseler, J. J. (2020, July 24). The Stepwise Anchoring Paradigm: Measuring Reliable Components of Anchoring and Adjustment as the Next Step in Moderator Research. https://doi.org/10.31234/osf.io/hjbwp","Röseler et al., 2020","https://osf.io/uac2t/","Weight of a deer (kg)","weight",1,0,0,1,1,1,3,3,25,1,1
"189",20,2,28,25,224,75224,"Röseler, L., Schütz, A., Dolling, I. K., Friedinger, K., Hösch, Y., Hügel, J. C., … Röseler, J. J. (2020, July 24). The Stepwise Anchoring Paradigm: Measuring Reliable Components of Anchoring and Adjustment as the Next Step in Moderator Research. https://doi.org/10.31234/osf.io/hjbwp","Röseler et al., 2020","https://osf.io/uac2t/","Weight of a wolf (kg)","weight",1,0,0,1,1,1,3,3,50,0,1
"190",20,2,40,75,224,75224,"Röseler, L., Schütz, A., Dolling, I. K., Friedinger, K., Hösch, Y., Hügel, J. C., … Röseler, J. J. (2020, July 24). The Stepwise Anchoring Paradigm: Measuring Reliable Components of Anchoring and Adjustment as the Next Step in Moderator Research. https://doi.org/10.31234/osf.io/hjbwp","Röseler et al., 2020","https://osf.io/uac2t/","Weight of a goat (kg)","weight",1,0,0,1,1,1,3,3,50,1,1
"191",20,2,42,36,224,75224,"Röseler, L., Schütz, A., Dolling, I. K., Friedinger, K., Hösch, Y., Hügel, J. C., … Röseler, J. J. (2020, July 24). The Stepwise Anchoring Paradigm: Measuring Reliable Components of Anchoring and Adjustment as the Next Step in Moderator Research. https://doi.org/10.31234/osf.io/hjbwp","Röseler et al., 2020","https://osf.io/uac2t/","Weight of a hyena (kg)","weight",1,0,0,1,1,1,3,3,60,0,1
"192",20,2,48,84,224,75224,"Röseler, L., Schütz, A., Dolling, I. K., Friedinger, K., Hösch, Y., Hügel, J. C., … Röseler, J. J. (2020, July 24). The Stepwise Anchoring Paradigm: Measuring Reliable Components of Anchoring and Adjustment as the Next Step in Moderator Research. https://doi.org/10.31234/osf.io/hjbwp","Röseler et al., 2020","https://osf.io/uac2t/","Weight of a warthog (kg)","weight",1,0,0,1,1,1,3,3,60,1,1
"193",28,1,15,1,226,75226,"Röseler, L., Schütz, A., Dolling, I. K., Friedinger, K., Hösch, Y., Hügel, J. C., … Röseler, J. J. (2020, July 24). The Stepwise Anchoring Paradigm: Measuring Reliable Components of Anchoring and Adjustment as the Next Step in Moderator Research. https://doi.org/10.31234/osf.io/hjbwp","Röseler et al., 2020","https://osf.io/uac2t/","Weight of a rabbit (kg)","weight",1,0,0,1,1,1,3,3,4.5,0,1
"194",28,1,15,8,226,75226,"Röseler, L., Schütz, A., Dolling, I. K., Friedinger, K., Hösch, Y., Hügel, J. C., … Röseler, J. J. (2020, July 24). The Stepwise Anchoring Paradigm: Measuring Reliable Components of Anchoring and Adjustment as the Next Step in Moderator Research. https://doi.org/10.31234/osf.io/hjbwp","Röseler et al., 2020","https://osf.io/uac2t/","Weight of a cat (kg)","weight",1,0,0,1,1,1,3,3,4.25,1,1
"195",28,1,75,2,226,75226,"Röseler, L., Schütz, A., Dolling, I. K., Friedinger, K., Hösch, Y., Hügel, J. C., … Röseler, J. J. (2020, July 24). The Stepwise Anchoring Paradigm: Measuring Reliable Components of Anchoring and Adjustment as the Next Step in Moderator Research. https://doi.org/10.31234/osf.io/hjbwp","Röseler et al., 2020","https://osf.io/uac2t/","Weight of a fox (kg)","weight",1,0,0,1,1,1,3,3,8,0,1
"196",28,1,26,14,226,75226,"Röseler, L., Schütz, A., Dolling, I. K., Friedinger, K., Hösch, Y., Hügel, J. C., … Röseler, J. J. (2020, July 24). The Stepwise Anchoring Paradigm: Measuring Reliable Components of Anchoring and Adjustment as the Next Step in Moderator Research. https://doi.org/10.31234/osf.io/hjbwp","Röseler et al., 2020","https://osf.io/uac2t/","Weight of a racoon (kg)","weight",1,0,0,1,1,1,3,3,8,1,1
"197",28,1,28,4,226,75226,"Röseler, L., Schütz, A., Dolling, I. K., Friedinger, K., Hösch, Y., Hügel, J. C., … Röseler, J. J. (2020, July 24). The Stepwise Anchoring Paradigm: Measuring Reliable Components of Anchoring and Adjustment as the Next Step in Moderator Research. https://doi.org/10.31234/osf.io/hjbwp","Röseler et al., 2020","https://osf.io/uac2t/","Weight of a badger (kg)","weight",1,0,0,1,1,1,3,3,15,0,1
"198",28,1,32,26,226,75226,"Röseler, L., Schütz, A., Dolling, I. K., Friedinger, K., Hösch, Y., Hügel, J. C., … Röseler, J. J. (2020, July 24). The Stepwise Anchoring Paradigm: Measuring Reliable Components of Anchoring and Adjustment as the Next Step in Moderator Research. https://doi.org/10.31234/osf.io/hjbwp","Röseler et al., 2020","https://osf.io/uac2t/","Weight of a pelican (kg)","weight",1,0,0,1,1,1,3,3,15,1,1
"199",28,1,11,10,226,75226,"Röseler, L., Schütz, A., Dolling, I. K., Friedinger, K., Hösch, Y., Hügel, J. C., … Röseler, J. J. (2020, July 24). The Stepwise Anchoring Paradigm: Measuring Reliable Components of Anchoring and Adjustment as the Next Step in Moderator Research. https://doi.org/10.31234/osf.io/hjbwp","Röseler et al., 2020","https://osf.io/uac2t/","Weight of a beaver (kg)","weight",1,0,0,1,1,1,3,3,25,0,1
"200",28,1,26,40,226,75226,"Röseler, L., Schütz, A., Dolling, I. K., Friedinger, K., Hösch, Y., Hügel, J. C., … Röseler, J. J. (2020, July 24). The Stepwise Anchoring Paradigm: Measuring Reliable Components of Anchoring and Adjustment as the Next Step in Moderator Research. https://doi.org/10.31234/osf.io/hjbwp","Röseler et al., 2020","https://osf.io/uac2t/","Weight of a deer (kg)","weight",1,0,0,1,1,1,3,3,25,1,1
"201",28,1,82,25,226,75226,"Röseler, L., Schütz, A., Dolling, I. K., Friedinger, K., Hösch, Y., Hügel, J. C., … Röseler, J. J. (2020, July 24). The Stepwise Anchoring Paradigm: Measuring Reliable Components of Anchoring and Adjustment as the Next Step in Moderator Research. https://doi.org/10.31234/osf.io/hjbwp","Röseler et al., 2020","https://osf.io/uac2t/","Weight of a wolf (kg)","weight",1,0,0,1,1,1,3,3,50,0,1
"202",28,1,26,75,226,75226,"Röseler, L., Schütz, A., Dolling, I. K., Friedinger, K., Hösch, Y., Hügel, J. C., … Röseler, J. J. (2020, July 24). The Stepwise Anchoring Paradigm: Measuring Reliable Components of Anchoring and Adjustment as the Next Step in Moderator Research. https://doi.org/10.31234/osf.io/hjbwp","Röseler et al., 2020","https://osf.io/uac2t/","Weight of a goat (kg)","weight",1,0,0,1,1,1,3,3,50,1,1
"203",28,1,35,36,226,75226,"Röseler, L., Schütz, A., Dolling, I. K., Friedinger, K., Hösch, Y., Hügel, J. C., … Röseler, J. J. (2020, July 24). The Stepwise Anchoring Paradigm: Measuring Reliable Components of Anchoring and Adjustment as the Next Step in Moderator Research. https://doi.org/10.31234/osf.io/hjbwp","Röseler et al., 2020","https://osf.io/uac2t/","Weight of a hyena (kg)","weight",1,0,0,1,1,1,3,3,60,0,1
"204",28,1,64,84,226,75226,"Röseler, L., Schütz, A., Dolling, I. K., Friedinger, K., Hösch, Y., Hügel, J. C., … Röseler, J. J. (2020, July 24). The Stepwise Anchoring Paradigm: Measuring Reliable Components of Anchoring and Adjustment as the Next Step in Moderator Research. https://doi.org/10.31234/osf.io/hjbwp","Röseler et al., 2020","https://osf.io/uac2t/","Weight of a warthog (kg)","weight",1,0,0,1,1,1,3,3,60,1,1
"205",19,2,8,1,227,75227,"Röseler, L., Schütz, A., Dolling, I. K., Friedinger, K., Hösch, Y., Hügel, J. C., … Röseler, J. J. (2020, July 24). The Stepwise Anchoring Paradigm: Measuring Reliable Components of Anchoring and Adjustment as the Next Step in Moderator Research. https://doi.org/10.31234/osf.io/hjbwp","Röseler et al., 2020","https://osf.io/uac2t/","Weight of a rabbit (kg)","weight",1,0,0,1,1,1,3,3,4.5,0,1
"206",19,2,4,8,227,75227,"Röseler, L., Schütz, A., Dolling, I. K., Friedinger, K., Hösch, Y., Hügel, J. C., … Röseler, J. J. (2020, July 24). The Stepwise Anchoring Paradigm: Measuring Reliable Components of Anchoring and Adjustment as the Next Step in Moderator Research. https://doi.org/10.31234/osf.io/hjbwp","Röseler et al., 2020","https://osf.io/uac2t/","Weight of a cat (kg)","weight",1,0,0,1,1,1,3,3,4.25,1,1
"207",19,2,8,2,227,75227,"Röseler, L., Schütz, A., Dolling, I. K., Friedinger, K., Hösch, Y., Hügel, J. C., … Röseler, J. J. (2020, July 24). The Stepwise Anchoring Paradigm: Measuring Reliable Components of Anchoring and Adjustment as the Next Step in Moderator Research. https://doi.org/10.31234/osf.io/hjbwp","Röseler et al., 2020","https://osf.io/uac2t/","Weight of a fox (kg)","weight",1,0,0,1,1,1,3,3,8,0,1
"208",19,2,18,14,227,75227,"Röseler, L., Schütz, A., Dolling, I. K., Friedinger, K., Hösch, Y., Hügel, J. C., … Röseler, J. J. (2020, July 24). The Stepwise Anchoring Paradigm: Measuring Reliable Components of Anchoring and Adjustment as the Next Step in Moderator Research. https://doi.org/10.31234/osf.io/hjbwp","Röseler et al., 2020","https://osf.io/uac2t/","Weight of a racoon (kg)","weight",1,0,0,1,1,1,3,3,8,1,1
"209",19,2,7,4,227,75227,"Röseler, L., Schütz, A., Dolling, I. K., Friedinger, K., Hösch, Y., Hügel, J. C., … Röseler, J. J. (2020, July 24). The Stepwise Anchoring Paradigm: Measuring Reliable Components of Anchoring and Adjustment as the Next Step in Moderator Research. https://doi.org/10.31234/osf.io/hjbwp","Röseler et al., 2020","https://osf.io/uac2t/","Weight of a badger (kg)","weight",1,0,0,1,1,1,3,3,15,0,1
"210",19,2,18,26,227,75227,"Röseler, L., Schütz, A., Dolling, I. K., Friedinger, K., Hösch, Y., Hügel, J. C., … Röseler, J. J. (2020, July 24). The Stepwise Anchoring Paradigm: Measuring Reliable Components of Anchoring and Adjustment as the Next Step in Moderator Research. https://doi.org/10.31234/osf.io/hjbwp","Röseler et al., 2020","https://osf.io/uac2t/","Weight of a pelican (kg)","weight",1,0,0,1,1,1,3,3,15,1,1
"211",19,2,15,10,227,75227,"Röseler, L., Schütz, A., Dolling, I. K., Friedinger, K., Hösch, Y., Hügel, J. C., … Röseler, J. J. (2020, July 24). The Stepwise Anchoring Paradigm: Measuring Reliable Components of Anchoring and Adjustment as the Next Step in Moderator Research. https://doi.org/10.31234/osf.io/hjbwp","Röseler et al., 2020","https://osf.io/uac2t/","Weight of a beaver (kg)","weight",1,0,0,1,1,1,3,3,25,0,1
"212",19,2,30,40,227,75227,"Röseler, L., Schütz, A., Dolling, I. K., Friedinger, K., Hösch, Y., Hügel, J. C., … Röseler, J. J. (2020, July 24). The Stepwise Anchoring Paradigm: Measuring Reliable Components of Anchoring and Adjustment as the Next Step in Moderator Research. https://doi.org/10.31234/osf.io/hjbwp","Röseler et al., 2020","https://osf.io/uac2t/","Weight of a deer (kg)","weight",1,0,0,1,1,1,3,3,25,1,1
"213",19,2,45,25,227,75227,"Röseler, L., Schütz, A., Dolling, I. K., Friedinger, K., Hösch, Y., Hügel, J. C., … Röseler, J. J. (2020, July 24). The Stepwise Anchoring Paradigm: Measuring Reliable Components of Anchoring and Adjustment as the Next Step in Moderator Research. https://doi.org/10.31234/osf.io/hjbwp","Röseler et al., 2020","https://osf.io/uac2t/","Weight of a wolf (kg)","weight",1,0,0,1,1,1,3,3,50,0,1
"214",19,2,45,75,227,75227,"Röseler, L., Schütz, A., Dolling, I. K., Friedinger, K., Hösch, Y., Hügel, J. C., … Röseler, J. J. (2020, July 24). The Stepwise Anchoring Paradigm: Measuring Reliable Components of Anchoring and Adjustment as the Next Step in Moderator Research. https://doi.org/10.31234/osf.io/hjbwp","Röseler et al., 2020","https://osf.io/uac2t/","Weight of a goat (kg)","weight",1,0,0,1,1,1,3,3,50,1,1
"215",19,2,40,36,227,75227,"Röseler, L., Schütz, A., Dolling, I. K., Friedinger, K., Hösch, Y., Hügel, J. C., … Röseler, J. J. (2020, July 24). The Stepwise Anchoring Paradigm: Measuring Reliable Components of Anchoring and Adjustment as the Next Step in Moderator Research. https://doi.org/10.31234/osf.io/hjbwp","Röseler et al., 2020","https://osf.io/uac2t/","Weight of a hyena (kg)","weight",1,0,0,1,1,1,3,3,60,0,1
"216",19,2,55,84,227,75227,"Röseler, L., Schütz, A., Dolling, I. K., Friedinger, K., Hösch, Y., Hügel, J. C., … Röseler, J. J. (2020, July 24). The Stepwise Anchoring Paradigm: Measuring Reliable Components of Anchoring and Adjustment as the Next Step in Moderator Research. https://doi.org/10.31234/osf.io/hjbwp","Röseler et al., 2020","https://osf.io/uac2t/","Weight of a warthog (kg)","weight",1,0,0,1,1,1,3,3,60,1,1
"217",25,2,20,1,237,75237,"Röseler, L., Schütz, A., Dolling, I. K., Friedinger, K., Hösch, Y., Hügel, J. C., … Röseler, J. J. (2020, July 24). The Stepwise Anchoring Paradigm: Measuring Reliable Components of Anchoring and Adjustment as the Next Step in Moderator Research. https://doi.org/10.31234/osf.io/hjbwp","Röseler et al., 2020","https://osf.io/uac2t/","Weight of a rabbit (kg)","weight",1,0,0,1,1,1,3,3,4.5,0,1
"218",25,2,12,8,237,75237,"Röseler, L., Schütz, A., Dolling, I. K., Friedinger, K., Hösch, Y., Hügel, J. C., … Röseler, J. J. (2020, July 24). The Stepwise Anchoring Paradigm: Measuring Reliable Components of Anchoring and Adjustment as the Next Step in Moderator Research. https://doi.org/10.31234/osf.io/hjbwp","Röseler et al., 2020","https://osf.io/uac2t/","Weight of a cat (kg)","weight",1,0,0,1,1,1,3,3,4.25,1,1
"219",25,2,28,2,237,75237,"Röseler, L., Schütz, A., Dolling, I. K., Friedinger, K., Hösch, Y., Hügel, J. C., … Röseler, J. J. (2020, July 24). The Stepwise Anchoring Paradigm: Measuring Reliable Components of Anchoring and Adjustment as the Next Step in Moderator Research. https://doi.org/10.31234/osf.io/hjbwp","Röseler et al., 2020","https://osf.io/uac2t/","Weight of a fox (kg)","weight",1,0,0,1,1,1,3,3,8,0,1
"220",25,2,18,14,237,75237,"Röseler, L., Schütz, A., Dolling, I. K., Friedinger, K., Hösch, Y., Hügel, J. C., … Röseler, J. J. (2020, July 24). The Stepwise Anchoring Paradigm: Measuring Reliable Components of Anchoring and Adjustment as the Next Step in Moderator Research. https://doi.org/10.31234/osf.io/hjbwp","Röseler et al., 2020","https://osf.io/uac2t/","Weight of a racoon (kg)","weight",1,0,0,1,1,1,3,3,8,1,1
"221",25,2,14,4,237,75237,"Röseler, L., Schütz, A., Dolling, I. K., Friedinger, K., Hösch, Y., Hügel, J. C., … Röseler, J. J. (2020, July 24). The Stepwise Anchoring Paradigm: Measuring Reliable Components of Anchoring and Adjustment as the Next Step in Moderator Research. https://doi.org/10.31234/osf.io/hjbwp","Röseler et al., 2020","https://osf.io/uac2t/","Weight of a badger (kg)","weight",1,0,0,1,1,1,3,3,15,0,1
"222",25,2,20,26,237,75237,"Röseler, L., Schütz, A., Dolling, I. K., Friedinger, K., Hösch, Y., Hügel, J. C., … Röseler, J. J. (2020, July 24). The Stepwise Anchoring Paradigm: Measuring Reliable Components of Anchoring and Adjustment as the Next Step in Moderator Research. https://doi.org/10.31234/osf.io/hjbwp","Röseler et al., 2020","https://osf.io/uac2t/","Weight of a pelican (kg)","weight",1,0,0,1,1,1,3,3,15,1,1
"223",25,2,17,10,237,75237,"Röseler, L., Schütz, A., Dolling, I. K., Friedinger, K., Hösch, Y., Hügel, J. C., … Röseler, J. J. (2020, July 24). The Stepwise Anchoring Paradigm: Measuring Reliable Components of Anchoring and Adjustment as the Next Step in Moderator Research. https://doi.org/10.31234/osf.io/hjbwp","Röseler et al., 2020","https://osf.io/uac2t/","Weight of a beaver (kg)","weight",1,0,0,1,1,1,3,3,25,0,1
"224",25,2,28,40,237,75237,"Röseler, L., Schütz, A., Dolling, I. K., Friedinger, K., Hösch, Y., Hügel, J. C., … Röseler, J. J. (2020, July 24). The Stepwise Anchoring Paradigm: Measuring Reliable Components of Anchoring and Adjustment as the Next Step in Moderator Research. https://doi.org/10.31234/osf.io/hjbwp","Röseler et al., 2020","https://osf.io/uac2t/","Weight of a deer (kg)","weight",1,0,0,1,1,1,3,3,25,1,1
"225",25,2,60,25,237,75237,"Röseler, L., Schütz, A., Dolling, I. K., Friedinger, K., Hösch, Y., Hügel, J. C., … Röseler, J. J. (2020, July 24). The Stepwise Anchoring Paradigm: Measuring Reliable Components of Anchoring and Adjustment as the Next Step in Moderator Research. https://doi.org/10.31234/osf.io/hjbwp","Röseler et al., 2020","https://osf.io/uac2t/","Weight of a wolf (kg)","weight",1,0,0,1,1,1,3,3,50,0,1
"226",25,2,34,75,237,75237,"Röseler, L., Schütz, A., Dolling, I. K., Friedinger, K., Hösch, Y., Hügel, J. C., … Röseler, J. J. (2020, July 24). The Stepwise Anchoring Paradigm: Measuring Reliable Components of Anchoring and Adjustment as the Next Step in Moderator Research. https://doi.org/10.31234/osf.io/hjbwp","Röseler et al., 2020","https://osf.io/uac2t/","Weight of a goat (kg)","weight",1,0,0,1,1,1,3,3,50,1,1
"227",25,2,45,36,237,75237,"Röseler, L., Schütz, A., Dolling, I. K., Friedinger, K., Hösch, Y., Hügel, J. C., … Röseler, J. J. (2020, July 24). The Stepwise Anchoring Paradigm: Measuring Reliable Components of Anchoring and Adjustment as the Next Step in Moderator Research. https://doi.org/10.31234/osf.io/hjbwp","Röseler et al., 2020","https://osf.io/uac2t/","Weight of a hyena (kg)","weight",1,0,0,1,1,1,3,3,60,0,1
"228",25,2,57,84,237,75237,"Röseler, L., Schütz, A., Dolling, I. K., Friedinger, K., Hösch, Y., Hügel, J. C., … Röseler, J. J. (2020, July 24). The Stepwise Anchoring Paradigm: Measuring Reliable Components of Anchoring and Adjustment as the Next Step in Moderator Research. https://doi.org/10.31234/osf.io/hjbwp","Röseler et al., 2020","https://osf.io/uac2t/","Weight of a warthog (kg)","weight",1,0,0,1,1,1,3,3,60,1,1
"229",20,2,6,8,240,75240,"Röseler, L., Schütz, A., Dolling, I. K., Friedinger, K., Hösch, Y., Hügel, J. C., … Röseler, J. J. (2020, July 24). The Stepwise Anchoring Paradigm: Measuring Reliable Components of Anchoring and Adjustment as the Next Step in Moderator Research. https://doi.org/10.31234/osf.io/hjbwp","Röseler et al., 2020","https://osf.io/uac2t/","Weight of a rabbit (kg)","weight",1,0,0,1,1,1,3,3,4.5,1,1
"230",20,2,6,1,240,75240,"Röseler, L., Schütz, A., Dolling, I. K., Friedinger, K., Hösch, Y., Hügel, J. C., … Röseler, J. J. (2020, July 24). The Stepwise Anchoring Paradigm: Measuring Reliable Components of Anchoring and Adjustment as the Next Step in Moderator Research. https://doi.org/10.31234/osf.io/hjbwp","Röseler et al., 2020","https://osf.io/uac2t/","Weight of a cat (kg)","weight",1,0,0,1,1,1,3,3,4.25,0,1
"231",20,2,10,14,240,75240,"Röseler, L., Schütz, A., Dolling, I. K., Friedinger, K., Hösch, Y., Hügel, J. C., … Röseler, J. J. (2020, July 24). The Stepwise Anchoring Paradigm: Measuring Reliable Components of Anchoring and Adjustment as the Next Step in Moderator Research. https://doi.org/10.31234/osf.io/hjbwp","Röseler et al., 2020","https://osf.io/uac2t/","Weight of a fox (kg)","weight",1,0,0,1,1,1,3,3,8,1,1
"232",20,2,11,2,240,75240,"Röseler, L., Schütz, A., Dolling, I. K., Friedinger, K., Hösch, Y., Hügel, J. C., … Röseler, J. J. (2020, July 24). The Stepwise Anchoring Paradigm: Measuring Reliable Components of Anchoring and Adjustment as the Next Step in Moderator Research. https://doi.org/10.31234/osf.io/hjbwp","Röseler et al., 2020","https://osf.io/uac2t/","Weight of a racoon (kg)","weight",1,0,0,1,1,1,3,3,8,0,1
"233",20,2,19,26,240,75240,"Röseler, L., Schütz, A., Dolling, I. K., Friedinger, K., Hösch, Y., Hügel, J. C., … Röseler, J. J. (2020, July 24). The Stepwise Anchoring Paradigm: Measuring Reliable Components of Anchoring and Adjustment as the Next Step in Moderator Research. https://doi.org/10.31234/osf.io/hjbwp","Röseler et al., 2020","https://osf.io/uac2t/","Weight of a badger (kg)","weight",1,0,0,1,1,1,3,3,15,1,1
"234",20,2,16,4,240,75240,"Röseler, L., Schütz, A., Dolling, I. K., Friedinger, K., Hösch, Y., Hügel, J. C., … Röseler, J. J. (2020, July 24). The Stepwise Anchoring Paradigm: Measuring Reliable Components of Anchoring and Adjustment as the Next Step in Moderator Research. https://doi.org/10.31234/osf.io/hjbwp","Röseler et al., 2020","https://osf.io/uac2t/","Weight of a pelican (kg)","weight",1,0,0,1,1,1,3,3,15,0,1
"235",20,2,25,40,240,75240,"Röseler, L., Schütz, A., Dolling, I. K., Friedinger, K., Hösch, Y., Hügel, J. C., … Röseler, J. J. (2020, July 24). The Stepwise Anchoring Paradigm: Measuring Reliable Components of Anchoring and Adjustment as the Next Step in Moderator Research. https://doi.org/10.31234/osf.io/hjbwp","Röseler et al., 2020","https://osf.io/uac2t/","Weight of a beaver (kg)","weight",1,0,0,1,1,1,3,3,25,1,1
"236",20,2,32,10,240,75240,"Röseler, L., Schütz, A., Dolling, I. K., Friedinger, K., Hösch, Y., Hügel, J. C., … Röseler, J. J. (2020, July 24). The Stepwise Anchoring Paradigm: Measuring Reliable Components of Anchoring and Adjustment as the Next Step in Moderator Research. https://doi.org/10.31234/osf.io/hjbwp","Röseler et al., 2020","https://osf.io/uac2t/","Weight of a deer (kg)","weight",1,0,0,1,1,1,3,3,25,0,1
"237",20,2,50,75,240,75240,"Röseler, L., Schütz, A., Dolling, I. K., Friedinger, K., Hösch, Y., Hügel, J. C., … Röseler, J. J. (2020, July 24). The Stepwise Anchoring Paradigm: Measuring Reliable Components of Anchoring and Adjustment as the Next Step in Moderator Research. https://doi.org/10.31234/osf.io/hjbwp","Röseler et al., 2020","https://osf.io/uac2t/","Weight of a wolf (kg)","weight",1,0,0,1,1,1,3,3,50,1,1
"238",20,2,43,25,240,75240,"Röseler, L., Schütz, A., Dolling, I. K., Friedinger, K., Hösch, Y., Hügel, J. C., … Röseler, J. J. (2020, July 24). The Stepwise Anchoring Paradigm: Measuring Reliable Components of Anchoring and Adjustment as the Next Step in Moderator Research. https://doi.org/10.31234/osf.io/hjbwp","Röseler et al., 2020","https://osf.io/uac2t/","Weight of a goat (kg)","weight",1,0,0,1,1,1,3,3,50,0,1
"239",20,2,46,84,240,75240,"Röseler, L., Schütz, A., Dolling, I. K., Friedinger, K., Hösch, Y., Hügel, J. C., … Röseler, J. J. (2020, July 24). The Stepwise Anchoring Paradigm: Measuring Reliable Components of Anchoring and Adjustment as the Next Step in Moderator Research. https://doi.org/10.31234/osf.io/hjbwp","Röseler et al., 2020","https://osf.io/uac2t/","Weight of a hyena (kg)","weight",1,0,0,1,1,1,3,3,60,1,1
"240",20,2,NA,36,240,75240,"Röseler, L., Schütz, A., Dolling, I. K., Friedinger, K., Hösch, Y., Hügel, J. C., … Röseler, J. J. (2020, July 24). The Stepwise Anchoring Paradigm: Measuring Reliable Components of Anchoring and Adjustment as the Next Step in Moderator Research. https://doi.org/10.31234/osf.io/hjbwp","Röseler et al., 2020","https://osf.io/uac2t/","Weight of a warthog (kg)","weight",1,0,0,1,1,1,3,3,60,0,1
"241",22,2,5,8,241,75241,"Röseler, L., Schütz, A., Dolling, I. K., Friedinger, K., Hösch, Y., Hügel, J. C., … Röseler, J. J. (2020, July 24). The Stepwise Anchoring Paradigm: Measuring Reliable Components of Anchoring and Adjustment as the Next Step in Moderator Research. https://doi.org/10.31234/osf.io/hjbwp","Röseler et al., 2020","https://osf.io/uac2t/","Weight of a rabbit (kg)","weight",1,0,0,1,1,1,3,3,4.5,1,1
"242",22,2,15,1,241,75241,"Röseler, L., Schütz, A., Dolling, I. K., Friedinger, K., Hösch, Y., Hügel, J. C., … Röseler, J. J. (2020, July 24). The Stepwise Anchoring Paradigm: Measuring Reliable Components of Anchoring and Adjustment as the Next Step in Moderator Research. https://doi.org/10.31234/osf.io/hjbwp","Röseler et al., 2020","https://osf.io/uac2t/","Weight of a cat (kg)","weight",1,0,0,1,1,1,3,3,4.25,0,1
"243",22,2,9,14,241,75241,"Röseler, L., Schütz, A., Dolling, I. K., Friedinger, K., Hösch, Y., Hügel, J. C., … Röseler, J. J. (2020, July 24). The Stepwise Anchoring Paradigm: Measuring Reliable Components of Anchoring and Adjustment as the Next Step in Moderator Research. https://doi.org/10.31234/osf.io/hjbwp","Röseler et al., 2020","https://osf.io/uac2t/","Weight of a fox (kg)","weight",1,0,0,1,1,1,3,3,8,1,1
"244",22,2,10,2,241,75241,"Röseler, L., Schütz, A., Dolling, I. K., Friedinger, K., Hösch, Y., Hügel, J. C., … Röseler, J. J. (2020, July 24). The Stepwise Anchoring Paradigm: Measuring Reliable Components of Anchoring and Adjustment as the Next Step in Moderator Research. https://doi.org/10.31234/osf.io/hjbwp","Röseler et al., 2020","https://osf.io/uac2t/","Weight of a racoon (kg)","weight",1,0,0,1,1,1,3,3,8,0,1
"245",22,2,14,26,241,75241,"Röseler, L., Schütz, A., Dolling, I. K., Friedinger, K., Hösch, Y., Hügel, J. C., … Röseler, J. J. (2020, July 24). The Stepwise Anchoring Paradigm: Measuring Reliable Components of Anchoring and Adjustment as the Next Step in Moderator Research. https://doi.org/10.31234/osf.io/hjbwp","Röseler et al., 2020","https://osf.io/uac2t/","Weight of a badger (kg)","weight",1,0,0,1,1,1,3,3,15,1,1
"246",22,2,11,4,241,75241,"Röseler, L., Schütz, A., Dolling, I. K., Friedinger, K., Hösch, Y., Hügel, J. C., … Röseler, J. J. (2020, July 24). The Stepwise Anchoring Paradigm: Measuring Reliable Components of Anchoring and Adjustment as the Next Step in Moderator Research. https://doi.org/10.31234/osf.io/hjbwp","Röseler et al., 2020","https://osf.io/uac2t/","Weight of a pelican (kg)","weight",1,0,0,1,1,1,3,3,15,0,1
"247",22,2,23,40,241,75241,"Röseler, L., Schütz, A., Dolling, I. K., Friedinger, K., Hösch, Y., Hügel, J. C., … Röseler, J. J. (2020, July 24). The Stepwise Anchoring Paradigm: Measuring Reliable Components of Anchoring and Adjustment as the Next Step in Moderator Research. https://doi.org/10.31234/osf.io/hjbwp","Röseler et al., 2020","https://osf.io/uac2t/","Weight of a beaver (kg)","weight",1,0,0,1,1,1,3,3,25,1,1
"248",22,2,35,10,241,75241,"Röseler, L., Schütz, A., Dolling, I. K., Friedinger, K., Hösch, Y., Hügel, J. C., … Röseler, J. J. (2020, July 24). The Stepwise Anchoring Paradigm: Measuring Reliable Components of Anchoring and Adjustment as the Next Step in Moderator Research. https://doi.org/10.31234/osf.io/hjbwp","Röseler et al., 2020","https://osf.io/uac2t/","Weight of a deer (kg)","weight",1,0,0,1,1,1,3,3,25,0,1
"249",22,2,65,75,241,75241,"Röseler, L., Schütz, A., Dolling, I. K., Friedinger, K., Hösch, Y., Hügel, J. C., … Röseler, J. J. (2020, July 24). The Stepwise Anchoring Paradigm: Measuring Reliable Components of Anchoring and Adjustment as the Next Step in Moderator Research. https://doi.org/10.31234/osf.io/hjbwp","Röseler et al., 2020","https://osf.io/uac2t/","Weight of a wolf (kg)","weight",1,0,0,1,1,1,3,3,50,1,1
"250",22,2,33,25,241,75241,"Röseler, L., Schütz, A., Dolling, I. K., Friedinger, K., Hösch, Y., Hügel, J. C., … Röseler, J. J. (2020, July 24). The Stepwise Anchoring Paradigm: Measuring Reliable Components of Anchoring and Adjustment as the Next Step in Moderator Research. https://doi.org/10.31234/osf.io/hjbwp","Röseler et al., 2020","https://osf.io/uac2t/","Weight of a goat (kg)","weight",1,0,0,1,1,1,3,3,50,0,1
"251",22,2,52,84,241,75241,"Röseler, L., Schütz, A., Dolling, I. K., Friedinger, K., Hösch, Y., Hügel, J. C., … Röseler, J. J. (2020, July 24). The Stepwise Anchoring Paradigm: Measuring Reliable Components of Anchoring and Adjustment as the Next Step in Moderator Research. https://doi.org/10.31234/osf.io/hjbwp","Röseler et al., 2020","https://osf.io/uac2t/","Weight of a hyena (kg)","weight",1,0,0,1,1,1,3,3,60,1,1
"252",22,2,58,36,241,75241,"Röseler, L., Schütz, A., Dolling, I. K., Friedinger, K., Hösch, Y., Hügel, J. C., … Röseler, J. J. (2020, July 24). The Stepwise Anchoring Paradigm: Measuring Reliable Components of Anchoring and Adjustment as the Next Step in Moderator Research. https://doi.org/10.31234/osf.io/hjbwp","Röseler et al., 2020","https://osf.io/uac2t/","Weight of a warthog (kg)","weight",1,0,0,1,1,1,3,3,60,0,1
"253",25,1,10,8,243,75243,"Röseler, L., Schütz, A., Dolling, I. K., Friedinger, K., Hösch, Y., Hügel, J. C., … Röseler, J. J. (2020, July 24). The Stepwise Anchoring Paradigm: Measuring Reliable Components of Anchoring and Adjustment as the Next Step in Moderator Research. https://doi.org/10.31234/osf.io/hjbwp","Röseler et al., 2020","https://osf.io/uac2t/","Weight of a rabbit (kg)","weight",1,0,0,1,1,1,3,3,4.5,1,1
"254",25,1,10,1,243,75243,"Röseler, L., Schütz, A., Dolling, I. K., Friedinger, K., Hösch, Y., Hügel, J. C., … Röseler, J. J. (2020, July 24). The Stepwise Anchoring Paradigm: Measuring Reliable Components of Anchoring and Adjustment as the Next Step in Moderator Research. https://doi.org/10.31234/osf.io/hjbwp","Röseler et al., 2020","https://osf.io/uac2t/","Weight of a cat (kg)","weight",1,0,0,1,1,1,3,3,4.25,0,1
"255",25,1,18,14,243,75243,"Röseler, L., Schütz, A., Dolling, I. K., Friedinger, K., Hösch, Y., Hügel, J. C., … Röseler, J. J. (2020, July 24). The Stepwise Anchoring Paradigm: Measuring Reliable Components of Anchoring and Adjustment as the Next Step in Moderator Research. https://doi.org/10.31234/osf.io/hjbwp","Röseler et al., 2020","https://osf.io/uac2t/","Weight of a fox (kg)","weight",1,0,0,1,1,1,3,3,8,1,1
"256",25,1,35,2,243,75243,"Röseler, L., Schütz, A., Dolling, I. K., Friedinger, K., Hösch, Y., Hügel, J. C., … Röseler, J. J. (2020, July 24). The Stepwise Anchoring Paradigm: Measuring Reliable Components of Anchoring and Adjustment as the Next Step in Moderator Research. https://doi.org/10.31234/osf.io/hjbwp","Röseler et al., 2020","https://osf.io/uac2t/","Weight of a racoon (kg)","weight",1,0,0,1,1,1,3,3,8,0,1
"257",25,1,18,26,243,75243,"Röseler, L., Schütz, A., Dolling, I. K., Friedinger, K., Hösch, Y., Hügel, J. C., … Röseler, J. J. (2020, July 24). The Stepwise Anchoring Paradigm: Measuring Reliable Components of Anchoring and Adjustment as the Next Step in Moderator Research. https://doi.org/10.31234/osf.io/hjbwp","Röseler et al., 2020","https://osf.io/uac2t/","Weight of a badger (kg)","weight",1,0,0,1,1,1,3,3,15,1,1
"258",25,1,45,4,243,75243,"Röseler, L., Schütz, A., Dolling, I. K., Friedinger, K., Hösch, Y., Hügel, J. C., … Röseler, J. J. (2020, July 24). The Stepwise Anchoring Paradigm: Measuring Reliable Components of Anchoring and Adjustment as the Next Step in Moderator Research. https://doi.org/10.31234/osf.io/hjbwp","Röseler et al., 2020","https://osf.io/uac2t/","Weight of a pelican (kg)","weight",1,0,0,1,1,1,3,3,15,0,1
"259",25,1,49,40,243,75243,"Röseler, L., Schütz, A., Dolling, I. K., Friedinger, K., Hösch, Y., Hügel, J. C., … Röseler, J. J. (2020, July 24). The Stepwise Anchoring Paradigm: Measuring Reliable Components of Anchoring and Adjustment as the Next Step in Moderator Research. https://doi.org/10.31234/osf.io/hjbwp","Röseler et al., 2020","https://osf.io/uac2t/","Weight of a beaver (kg)","weight",1,0,0,1,1,1,3,3,25,1,1
"260",25,1,48,10,243,75243,"Röseler, L., Schütz, A., Dolling, I. K., Friedinger, K., Hösch, Y., Hügel, J. C., … Röseler, J. J. (2020, July 24). The Stepwise Anchoring Paradigm: Measuring Reliable Components of Anchoring and Adjustment as the Next Step in Moderator Research. https://doi.org/10.31234/osf.io/hjbwp","Röseler et al., 2020","https://osf.io/uac2t/","Weight of a deer (kg)","weight",1,0,0,1,1,1,3,3,25,0,1
"261",25,1,36,75,243,75243,"Röseler, L., Schütz, A., Dolling, I. K., Friedinger, K., Hösch, Y., Hügel, J. C., … Röseler, J. J. (2020, July 24). The Stepwise Anchoring Paradigm: Measuring Reliable Components of Anchoring and Adjustment as the Next Step in Moderator Research. https://doi.org/10.31234/osf.io/hjbwp","Röseler et al., 2020","https://osf.io/uac2t/","Weight of a wolf (kg)","weight",1,0,0,1,1,1,3,3,50,1,1
"262",25,1,29,25,243,75243,"Röseler, L., Schütz, A., Dolling, I. K., Friedinger, K., Hösch, Y., Hügel, J. C., … Röseler, J. J. (2020, July 24). The Stepwise Anchoring Paradigm: Measuring Reliable Components of Anchoring and Adjustment as the Next Step in Moderator Research. https://doi.org/10.31234/osf.io/hjbwp","Röseler et al., 2020","https://osf.io/uac2t/","Weight of a goat (kg)","weight",1,0,0,1,1,1,3,3,50,0,1
"263",25,1,55,84,243,75243,"Röseler, L., Schütz, A., Dolling, I. K., Friedinger, K., Hösch, Y., Hügel, J. C., … Röseler, J. J. (2020, July 24). The Stepwise Anchoring Paradigm: Measuring Reliable Components of Anchoring and Adjustment as the Next Step in Moderator Research. https://doi.org/10.31234/osf.io/hjbwp","Röseler et al., 2020","https://osf.io/uac2t/","Weight of a hyena (kg)","weight",1,0,0,1,1,1,3,3,60,1,1
"264",25,1,79,36,243,75243,"Röseler, L., Schütz, A., Dolling, I. K., Friedinger, K., Hösch, Y., Hügel, J. C., … Röseler, J. J. (2020, July 24). The Stepwise Anchoring Paradigm: Measuring Reliable Components of Anchoring and Adjustment as the Next Step in Moderator Research. https://doi.org/10.31234/osf.io/hjbwp","Röseler et al., 2020","https://osf.io/uac2t/","Weight of a warthog (kg)","weight",1,0,0,1,1,1,3,3,60,0,1
"265",22,1,1,8,244,75244,"Röseler, L., Schütz, A., Dolling, I. K., Friedinger, K., Hösch, Y., Hügel, J. C., … Röseler, J. J. (2020, July 24). The Stepwise Anchoring Paradigm: Measuring Reliable Components of Anchoring and Adjustment as the Next Step in Moderator Research. https://doi.org/10.31234/osf.io/hjbwp","Röseler et al., 2020","https://osf.io/uac2t/","Weight of a rabbit (kg)","weight",1,0,0,1,1,1,3,3,4.5,1,1
"266",22,1,4,1,244,75244,"Röseler, L., Schütz, A., Dolling, I. K., Friedinger, K., Hösch, Y., Hügel, J. C., … Röseler, J. J. (2020, July 24). The Stepwise Anchoring Paradigm: Measuring Reliable Components of Anchoring and Adjustment as the Next Step in Moderator Research. https://doi.org/10.31234/osf.io/hjbwp","Röseler et al., 2020","https://osf.io/uac2t/","Weight of a cat (kg)","weight",1,0,0,1,1,1,3,3,4.25,0,1
"267",22,1,3,14,244,75244,"Röseler, L., Schütz, A., Dolling, I. K., Friedinger, K., Hösch, Y., Hügel, J. C., … Röseler, J. J. (2020, July 24). The Stepwise Anchoring Paradigm: Measuring Reliable Components of Anchoring and Adjustment as the Next Step in Moderator Research. https://doi.org/10.31234/osf.io/hjbwp","Röseler et al., 2020","https://osf.io/uac2t/","Weight of a fox (kg)","weight",1,0,0,1,1,1,3,3,8,1,1
"268",22,1,15,2,244,75244,"Röseler, L., Schütz, A., Dolling, I. K., Friedinger, K., Hösch, Y., Hügel, J. C., … Röseler, J. J. (2020, July 24). The Stepwise Anchoring Paradigm: Measuring Reliable Components of Anchoring and Adjustment as the Next Step in Moderator Research. https://doi.org/10.31234/osf.io/hjbwp","Röseler et al., 2020","https://osf.io/uac2t/","Weight of a racoon (kg)","weight",1,0,0,1,1,1,3,3,8,0,1
"269",22,1,9,26,244,75244,"Röseler, L., Schütz, A., Dolling, I. K., Friedinger, K., Hösch, Y., Hügel, J. C., … Röseler, J. J. (2020, July 24). The Stepwise Anchoring Paradigm: Measuring Reliable Components of Anchoring and Adjustment as the Next Step in Moderator Research. https://doi.org/10.31234/osf.io/hjbwp","Röseler et al., 2020","https://osf.io/uac2t/","Weight of a badger (kg)","weight",1,0,0,1,1,1,3,3,15,1,1
"270",22,1,7,4,244,75244,"Röseler, L., Schütz, A., Dolling, I. K., Friedinger, K., Hösch, Y., Hügel, J. C., … Röseler, J. J. (2020, July 24). The Stepwise Anchoring Paradigm: Measuring Reliable Components of Anchoring and Adjustment as the Next Step in Moderator Research. https://doi.org/10.31234/osf.io/hjbwp","Röseler et al., 2020","https://osf.io/uac2t/","Weight of a pelican (kg)","weight",1,0,0,1,1,1,3,3,15,0,1
"271",22,1,5,40,244,75244,"Röseler, L., Schütz, A., Dolling, I. K., Friedinger, K., Hösch, Y., Hügel, J. C., … Röseler, J. J. (2020, July 24). The Stepwise Anchoring Paradigm: Measuring Reliable Components of Anchoring and Adjustment as the Next Step in Moderator Research. https://doi.org/10.31234/osf.io/hjbwp","Röseler et al., 2020","https://osf.io/uac2t/","Weight of a beaver (kg)","weight",1,0,0,1,1,1,3,3,25,1,1
"272",22,1,30,10,244,75244,"Röseler, L., Schütz, A., Dolling, I. K., Friedinger, K., Hösch, Y., Hügel, J. C., … Röseler, J. J. (2020, July 24). The Stepwise Anchoring Paradigm: Measuring Reliable Components of Anchoring and Adjustment as the Next Step in Moderator Research. https://doi.org/10.31234/osf.io/hjbwp","Röseler et al., 2020","https://osf.io/uac2t/","Weight of a deer (kg)","weight",1,0,0,1,1,1,3,3,25,0,1
"273",22,1,49,75,244,75244,"Röseler, L., Schütz, A., Dolling, I. K., Friedinger, K., Hösch, Y., Hügel, J. C., … Röseler, J. J. (2020, July 24). The Stepwise Anchoring Paradigm: Measuring Reliable Components of Anchoring and Adjustment as the Next Step in Moderator Research. https://doi.org/10.31234/osf.io/hjbwp","Röseler et al., 2020","https://osf.io/uac2t/","Weight of a wolf (kg)","weight",1,0,0,1,1,1,3,3,50,1,1
"274",22,1,30,25,244,75244,"Röseler, L., Schütz, A., Dolling, I. K., Friedinger, K., Hösch, Y., Hügel, J. C., … Röseler, J. J. (2020, July 24). The Stepwise Anchoring Paradigm: Measuring Reliable Components of Anchoring and Adjustment as the Next Step in Moderator Research. https://doi.org/10.31234/osf.io/hjbwp","Röseler et al., 2020","https://osf.io/uac2t/","Weight of a goat (kg)","weight",1,0,0,1,1,1,3,3,50,0,1
"275",22,1,53,84,244,75244,"Röseler, L., Schütz, A., Dolling, I. K., Friedinger, K., Hösch, Y., Hügel, J. C., … Röseler, J. J. (2020, July 24). The Stepwise Anchoring Paradigm: Measuring Reliable Components of Anchoring and Adjustment as the Next Step in Moderator Research. https://doi.org/10.31234/osf.io/hjbwp","Röseler et al., 2020","https://osf.io/uac2t/","Weight of a hyena (kg)","weight",1,0,0,1,1,1,3,3,60,1,1
"276",22,1,81,36,244,75244,"Röseler, L., Schütz, A., Dolling, I. K., Friedinger, K., Hösch, Y., Hügel, J. C., … Röseler, J. J. (2020, July 24). The Stepwise Anchoring Paradigm: Measuring Reliable Components of Anchoring and Adjustment as the Next Step in Moderator Research. https://doi.org/10.31234/osf.io/hjbwp","Röseler et al., 2020","https://osf.io/uac2t/","Weight of a warthog (kg)","weight",1,0,0,1,1,1,3,3,60,0,1
"277",65,1,4,1,245,75245,"Röseler, L., Schütz, A., Dolling, I. K., Friedinger, K., Hösch, Y., Hügel, J. C., … Röseler, J. J. (2020, July 24). The Stepwise Anchoring Paradigm: Measuring Reliable Components of Anchoring and Adjustment as the Next Step in Moderator Research. https://doi.org/10.31234/osf.io/hjbwp","Röseler et al., 2020","https://osf.io/uac2t/","Weight of a rabbit (kg)","weight",1,0,0,1,1,1,3,3,4.5,0,1
"278",65,1,6,8,245,75245,"Röseler, L., Schütz, A., Dolling, I. K., Friedinger, K., Hösch, Y., Hügel, J. C., … Röseler, J. J. (2020, July 24). The Stepwise Anchoring Paradigm: Measuring Reliable Components of Anchoring and Adjustment as the Next Step in Moderator Research. https://doi.org/10.31234/osf.io/hjbwp","Röseler et al., 2020","https://osf.io/uac2t/","Weight of a cat (kg)","weight",1,0,0,1,1,1,3,3,4.25,1,1
"279",65,1,21,2,245,75245,"Röseler, L., Schütz, A., Dolling, I. K., Friedinger, K., Hösch, Y., Hügel, J. C., … Röseler, J. J. (2020, July 24). The Stepwise Anchoring Paradigm: Measuring Reliable Components of Anchoring and Adjustment as the Next Step in Moderator Research. https://doi.org/10.31234/osf.io/hjbwp","Röseler et al., 2020","https://osf.io/uac2t/","Weight of a fox (kg)","weight",1,0,0,1,1,1,3,3,8,0,1
"280",65,1,17,14,245,75245,"Röseler, L., Schütz, A., Dolling, I. K., Friedinger, K., Hösch, Y., Hügel, J. C., … Röseler, J. J. (2020, July 24). The Stepwise Anchoring Paradigm: Measuring Reliable Components of Anchoring and Adjustment as the Next Step in Moderator Research. https://doi.org/10.31234/osf.io/hjbwp","Röseler et al., 2020","https://osf.io/uac2t/","Weight of a racoon (kg)","weight",1,0,0,1,1,1,3,3,8,1,1
"281",65,1,25,4,245,75245,"Röseler, L., Schütz, A., Dolling, I. K., Friedinger, K., Hösch, Y., Hügel, J. C., … Röseler, J. J. (2020, July 24). The Stepwise Anchoring Paradigm: Measuring Reliable Components of Anchoring and Adjustment as the Next Step in Moderator Research. https://doi.org/10.31234/osf.io/hjbwp","Röseler et al., 2020","https://osf.io/uac2t/","Weight of a badger (kg)","weight",1,0,0,1,1,1,3,3,15,0,1
"282",65,1,20,26,245,75245,"Röseler, L., Schütz, A., Dolling, I. K., Friedinger, K., Hösch, Y., Hügel, J. C., … Röseler, J. J. (2020, July 24). The Stepwise Anchoring Paradigm: Measuring Reliable Components of Anchoring and Adjustment as the Next Step in Moderator Research. https://doi.org/10.31234/osf.io/hjbwp","Röseler et al., 2020","https://osf.io/uac2t/","Weight of a pelican (kg)","weight",1,0,0,1,1,1,3,3,15,1,1
"283",65,1,25,10,245,75245,"Röseler, L., Schütz, A., Dolling, I. K., Friedinger, K., Hösch, Y., Hügel, J. C., … Röseler, J. J. (2020, July 24). The Stepwise Anchoring Paradigm: Measuring Reliable Components of Anchoring and Adjustment as the Next Step in Moderator Research. https://doi.org/10.31234/osf.io/hjbwp","Röseler et al., 2020","https://osf.io/uac2t/","Weight of a beaver (kg)","weight",1,0,0,1,1,1,3,3,25,0,1
"284",65,1,35,40,245,75245,"Röseler, L., Schütz, A., Dolling, I. K., Friedinger, K., Hösch, Y., Hügel, J. C., … Röseler, J. J. (2020, July 24). The Stepwise Anchoring Paradigm: Measuring Reliable Components of Anchoring and Adjustment as the Next Step in Moderator Research. https://doi.org/10.31234/osf.io/hjbwp","Röseler et al., 2020","https://osf.io/uac2t/","Weight of a deer (kg)","weight",1,0,0,1,1,1,3,3,25,1,1
"285",65,1,50,25,245,75245,"Röseler, L., Schütz, A., Dolling, I. K., Friedinger, K., Hösch, Y., Hügel, J. C., … Röseler, J. J. (2020, July 24). The Stepwise Anchoring Paradigm: Measuring Reliable Components of Anchoring and Adjustment as the Next Step in Moderator Research. https://doi.org/10.31234/osf.io/hjbwp","Röseler et al., 2020","https://osf.io/uac2t/","Weight of a wolf (kg)","weight",1,0,0,1,1,1,3,3,50,0,1
"286",65,1,66,75,245,75245,"Röseler, L., Schütz, A., Dolling, I. K., Friedinger, K., Hösch, Y., Hügel, J. C., … Röseler, J. J. (2020, July 24). The Stepwise Anchoring Paradigm: Measuring Reliable Components of Anchoring and Adjustment as the Next Step in Moderator Research. https://doi.org/10.31234/osf.io/hjbwp","Röseler et al., 2020","https://osf.io/uac2t/","Weight of a goat (kg)","weight",1,0,0,1,1,1,3,3,50,1,1
"287",65,1,50,36,245,75245,"Röseler, L., Schütz, A., Dolling, I. K., Friedinger, K., Hösch, Y., Hügel, J. C., … Röseler, J. J. (2020, July 24). The Stepwise Anchoring Paradigm: Measuring Reliable Components of Anchoring and Adjustment as the Next Step in Moderator Research. https://doi.org/10.31234/osf.io/hjbwp","Röseler et al., 2020","https://osf.io/uac2t/","Weight of a hyena (kg)","weight",1,0,0,1,1,1,3,3,60,0,1
"288",65,1,70,84,245,75245,"Röseler, L., Schütz, A., Dolling, I. K., Friedinger, K., Hösch, Y., Hügel, J. C., … Röseler, J. J. (2020, July 24). The Stepwise Anchoring Paradigm: Measuring Reliable Components of Anchoring and Adjustment as the Next Step in Moderator Research. https://doi.org/10.31234/osf.io/hjbwp","Röseler et al., 2020","https://osf.io/uac2t/","Weight of a warthog (kg)","weight",1,0,0,1,1,1,3,3,60,1,1
"289",21,2,8,1,248,75248,"Röseler, L., Schütz, A., Dolling, I. K., Friedinger, K., Hösch, Y., Hügel, J. C., … Röseler, J. J. (2020, July 24). The Stepwise Anchoring Paradigm: Measuring Reliable Components of Anchoring and Adjustment as the Next Step in Moderator Research. https://doi.org/10.31234/osf.io/hjbwp","Röseler et al., 2020","https://osf.io/uac2t/","Weight of a rabbit (kg)","weight",1,0,0,1,1,1,3,3,4.5,0,1
"290",21,2,7,8,248,75248,"Röseler, L., Schütz, A., Dolling, I. K., Friedinger, K., Hösch, Y., Hügel, J. C., … Röseler, J. J. (2020, July 24). The Stepwise Anchoring Paradigm: Measuring Reliable Components of Anchoring and Adjustment as the Next Step in Moderator Research. https://doi.org/10.31234/osf.io/hjbwp","Röseler et al., 2020","https://osf.io/uac2t/","Weight of a cat (kg)","weight",1,0,0,1,1,1,3,3,4.25,1,1
"291",21,2,35,2,248,75248,"Röseler, L., Schütz, A., Dolling, I. K., Friedinger, K., Hösch, Y., Hügel, J. C., … Röseler, J. J. (2020, July 24). The Stepwise Anchoring Paradigm: Measuring Reliable Components of Anchoring and Adjustment as the Next Step in Moderator Research. https://doi.org/10.31234/osf.io/hjbwp","Röseler et al., 2020","https://osf.io/uac2t/","Weight of a fox (kg)","weight",1,0,0,1,1,1,3,3,8,0,1
"292",21,2,28,14,248,75248,"Röseler, L., Schütz, A., Dolling, I. K., Friedinger, K., Hösch, Y., Hügel, J. C., … Röseler, J. J. (2020, July 24). The Stepwise Anchoring Paradigm: Measuring Reliable Components of Anchoring and Adjustment as the Next Step in Moderator Research. https://doi.org/10.31234/osf.io/hjbwp","Röseler et al., 2020","https://osf.io/uac2t/","Weight of a racoon (kg)","weight",1,0,0,1,1,1,3,3,8,1,1
"293",21,2,18,4,248,75248,"Röseler, L., Schütz, A., Dolling, I. K., Friedinger, K., Hösch, Y., Hügel, J. C., … Röseler, J. J. (2020, July 24). The Stepwise Anchoring Paradigm: Measuring Reliable Components of Anchoring and Adjustment as the Next Step in Moderator Research. https://doi.org/10.31234/osf.io/hjbwp","Röseler et al., 2020","https://osf.io/uac2t/","Weight of a badger (kg)","weight",1,0,0,1,1,1,3,3,15,0,1
"294",21,2,23,26,248,75248,"Röseler, L., Schütz, A., Dolling, I. K., Friedinger, K., Hösch, Y., Hügel, J. C., … Röseler, J. J. (2020, July 24). The Stepwise Anchoring Paradigm: Measuring Reliable Components of Anchoring and Adjustment as the Next Step in Moderator Research. https://doi.org/10.31234/osf.io/hjbwp","Röseler et al., 2020","https://osf.io/uac2t/","Weight of a pelican (kg)","weight",1,0,0,1,1,1,3,3,15,1,1
"295",21,2,28,10,248,75248,"Röseler, L., Schütz, A., Dolling, I. K., Friedinger, K., Hösch, Y., Hügel, J. C., … Röseler, J. J. (2020, July 24). The Stepwise Anchoring Paradigm: Measuring Reliable Components of Anchoring and Adjustment as the Next Step in Moderator Research. https://doi.org/10.31234/osf.io/hjbwp","Röseler et al., 2020","https://osf.io/uac2t/","Weight of a beaver (kg)","weight",1,0,0,1,1,1,3,3,25,0,1
"296",21,2,24,40,248,75248,"Röseler, L., Schütz, A., Dolling, I. K., Friedinger, K., Hösch, Y., Hügel, J. C., … Röseler, J. J. (2020, July 24). The Stepwise Anchoring Paradigm: Measuring Reliable Components of Anchoring and Adjustment as the Next Step in Moderator Research. https://doi.org/10.31234/osf.io/hjbwp","Röseler et al., 2020","https://osf.io/uac2t/","Weight of a deer (kg)","weight",1,0,0,1,1,1,3,3,25,1,1
"297",21,2,44,25,248,75248,"Röseler, L., Schütz, A., Dolling, I. K., Friedinger, K., Hösch, Y., Hügel, J. C., … Röseler, J. J. (2020, July 24). The Stepwise Anchoring Paradigm: Measuring Reliable Components of Anchoring and Adjustment as the Next Step in Moderator Research. https://doi.org/10.31234/osf.io/hjbwp","Röseler et al., 2020","https://osf.io/uac2t/","Weight of a wolf (kg)","weight",1,0,0,1,1,1,3,3,50,0,1
"298",21,2,40,75,248,75248,"Röseler, L., Schütz, A., Dolling, I. K., Friedinger, K., Hösch, Y., Hügel, J. C., … Röseler, J. J. (2020, July 24). The Stepwise Anchoring Paradigm: Measuring Reliable Components of Anchoring and Adjustment as the Next Step in Moderator Research. https://doi.org/10.31234/osf.io/hjbwp","Röseler et al., 2020","https://osf.io/uac2t/","Weight of a goat (kg)","weight",1,0,0,1,1,1,3,3,50,1,1
"299",21,2,46,36,248,75248,"Röseler, L., Schütz, A., Dolling, I. K., Friedinger, K., Hösch, Y., Hügel, J. C., … Röseler, J. J. (2020, July 24). The Stepwise Anchoring Paradigm: Measuring Reliable Components of Anchoring and Adjustment as the Next Step in Moderator Research. https://doi.org/10.31234/osf.io/hjbwp","Röseler et al., 2020","https://osf.io/uac2t/","Weight of a hyena (kg)","weight",1,0,0,1,1,1,3,3,60,0,1
"300",21,2,61,84,248,75248,"Röseler, L., Schütz, A., Dolling, I. K., Friedinger, K., Hösch, Y., Hügel, J. C., … Röseler, J. J. (2020, July 24). The Stepwise Anchoring Paradigm: Measuring Reliable Components of Anchoring and Adjustment as the Next Step in Moderator Research. https://doi.org/10.31234/osf.io/hjbwp","Röseler et al., 2020","https://osf.io/uac2t/","Weight of a warthog (kg)","weight",1,0,0,1,1,1,3,3,60,1,1
"301",21,2,6,8,249,75249,"Röseler, L., Schütz, A., Dolling, I. K., Friedinger, K., Hösch, Y., Hügel, J. C., … Röseler, J. J. (2020, July 24). The Stepwise Anchoring Paradigm: Measuring Reliable Components of Anchoring and Adjustment as the Next Step in Moderator Research. https://doi.org/10.31234/osf.io/hjbwp","Röseler et al., 2020","https://osf.io/uac2t/","Weight of a rabbit (kg)","weight",1,0,0,1,1,1,3,3,4.5,1,1
"302",21,2,6,1,249,75249,"Röseler, L., Schütz, A., Dolling, I. K., Friedinger, K., Hösch, Y., Hügel, J. C., … Röseler, J. J. (2020, July 24). The Stepwise Anchoring Paradigm: Measuring Reliable Components of Anchoring and Adjustment as the Next Step in Moderator Research. https://doi.org/10.31234/osf.io/hjbwp","Röseler et al., 2020","https://osf.io/uac2t/","Weight of a cat (kg)","weight",1,0,0,1,1,1,3,3,4.25,0,1
"303",21,2,11,14,249,75249,"Röseler, L., Schütz, A., Dolling, I. K., Friedinger, K., Hösch, Y., Hügel, J. C., … Röseler, J. J. (2020, July 24). The Stepwise Anchoring Paradigm: Measuring Reliable Components of Anchoring and Adjustment as the Next Step in Moderator Research. https://doi.org/10.31234/osf.io/hjbwp","Röseler et al., 2020","https://osf.io/uac2t/","Weight of a fox (kg)","weight",1,0,0,1,1,1,3,3,8,1,1
"304",21,2,8,2,249,75249,"Röseler, L., Schütz, A., Dolling, I. K., Friedinger, K., Hösch, Y., Hügel, J. C., … Röseler, J. J. (2020, July 24). The Stepwise Anchoring Paradigm: Measuring Reliable Components of Anchoring and Adjustment as the Next Step in Moderator Research. https://doi.org/10.31234/osf.io/hjbwp","Röseler et al., 2020","https://osf.io/uac2t/","Weight of a racoon (kg)","weight",1,0,0,1,1,1,3,3,8,0,1
"305",21,2,17,26,249,75249,"Röseler, L., Schütz, A., Dolling, I. K., Friedinger, K., Hösch, Y., Hügel, J. C., … Röseler, J. J. (2020, July 24). The Stepwise Anchoring Paradigm: Measuring Reliable Components of Anchoring and Adjustment as the Next Step in Moderator Research. https://doi.org/10.31234/osf.io/hjbwp","Röseler et al., 2020","https://osf.io/uac2t/","Weight of a badger (kg)","weight",1,0,0,1,1,1,3,3,15,1,1
"306",21,2,8,4,249,75249,"Röseler, L., Schütz, A., Dolling, I. K., Friedinger, K., Hösch, Y., Hügel, J. C., … Röseler, J. J. (2020, July 24). The Stepwise Anchoring Paradigm: Measuring Reliable Components of Anchoring and Adjustment as the Next Step in Moderator Research. https://doi.org/10.31234/osf.io/hjbwp","Röseler et al., 2020","https://osf.io/uac2t/","Weight of a pelican (kg)","weight",1,0,0,1,1,1,3,3,15,0,1
"307",21,2,30,40,249,75249,"Röseler, L., Schütz, A., Dolling, I. K., Friedinger, K., Hösch, Y., Hügel, J. C., … Röseler, J. J. (2020, July 24). The Stepwise Anchoring Paradigm: Measuring Reliable Components of Anchoring and Adjustment as the Next Step in Moderator Research. https://doi.org/10.31234/osf.io/hjbwp","Röseler et al., 2020","https://osf.io/uac2t/","Weight of a beaver (kg)","weight",1,0,0,1,1,1,3,3,25,1,1
"308",21,2,25,10,249,75249,"Röseler, L., Schütz, A., Dolling, I. K., Friedinger, K., Hösch, Y., Hügel, J. C., … Röseler, J. J. (2020, July 24). The Stepwise Anchoring Paradigm: Measuring Reliable Components of Anchoring and Adjustment as the Next Step in Moderator Research. https://doi.org/10.31234/osf.io/hjbwp","Röseler et al., 2020","https://osf.io/uac2t/","Weight of a deer (kg)","weight",1,0,0,1,1,1,3,3,25,0,1
"309",21,2,65,75,249,75249,"Röseler, L., Schütz, A., Dolling, I. K., Friedinger, K., Hösch, Y., Hügel, J. C., … Röseler, J. J. (2020, July 24). The Stepwise Anchoring Paradigm: Measuring Reliable Components of Anchoring and Adjustment as the Next Step in Moderator Research. https://doi.org/10.31234/osf.io/hjbwp","Röseler et al., 2020","https://osf.io/uac2t/","Weight of a wolf (kg)","weight",1,0,0,1,1,1,3,3,50,1,1
"310",21,2,28,25,249,75249,"Röseler, L., Schütz, A., Dolling, I. K., Friedinger, K., Hösch, Y., Hügel, J. C., … Röseler, J. J. (2020, July 24). The Stepwise Anchoring Paradigm: Measuring Reliable Components of Anchoring and Adjustment as the Next Step in Moderator Research. https://doi.org/10.31234/osf.io/hjbwp","Röseler et al., 2020","https://osf.io/uac2t/","Weight of a goat (kg)","weight",1,0,0,1,1,1,3,3,50,0,1
"311",21,2,72,84,249,75249,"Röseler, L., Schütz, A., Dolling, I. K., Friedinger, K., Hösch, Y., Hügel, J. C., … Röseler, J. J. (2020, July 24). The Stepwise Anchoring Paradigm: Measuring Reliable Components of Anchoring and Adjustment as the Next Step in Moderator Research. https://doi.org/10.31234/osf.io/hjbwp","Röseler et al., 2020","https://osf.io/uac2t/","Weight of a hyena (kg)","weight",1,0,0,1,1,1,3,3,60,1,1
"312",21,2,45,36,249,75249,"Röseler, L., Schütz, A., Dolling, I. K., Friedinger, K., Hösch, Y., Hügel, J. C., … Röseler, J. J. (2020, July 24). The Stepwise Anchoring Paradigm: Measuring Reliable Components of Anchoring and Adjustment as the Next Step in Moderator Research. https://doi.org/10.31234/osf.io/hjbwp","Röseler et al., 2020","https://osf.io/uac2t/","Weight of a warthog (kg)","weight",1,0,0,1,1,1,3,3,60,0,1
"313",19,2,4,1,253,75253,"Röseler, L., Schütz, A., Dolling, I. K., Friedinger, K., Hösch, Y., Hügel, J. C., … Röseler, J. J. (2020, July 24). The Stepwise Anchoring Paradigm: Measuring Reliable Components of Anchoring and Adjustment as the Next Step in Moderator Research. https://doi.org/10.31234/osf.io/hjbwp","Röseler et al., 2020","https://osf.io/uac2t/","Weight of a rabbit (kg)","weight",1,0,0,1,1,1,3,3,4.5,0,1
"314",19,2,8,8,253,75253,"Röseler, L., Schütz, A., Dolling, I. K., Friedinger, K., Hösch, Y., Hügel, J. C., … Röseler, J. J. (2020, July 24). The Stepwise Anchoring Paradigm: Measuring Reliable Components of Anchoring and Adjustment as the Next Step in Moderator Research. https://doi.org/10.31234/osf.io/hjbwp","Röseler et al., 2020","https://osf.io/uac2t/","Weight of a cat (kg)","weight",1,0,0,1,1,1,3,3,4.25,1,1
"315",19,2,14,2,253,75253,"Röseler, L., Schütz, A., Dolling, I. K., Friedinger, K., Hösch, Y., Hügel, J. C., … Röseler, J. J. (2020, July 24). The Stepwise Anchoring Paradigm: Measuring Reliable Components of Anchoring and Adjustment as the Next Step in Moderator Research. https://doi.org/10.31234/osf.io/hjbwp","Röseler et al., 2020","https://osf.io/uac2t/","Weight of a fox (kg)","weight",1,0,0,1,1,1,3,3,8,0,1
"316",19,2,18,14,253,75253,"Röseler, L., Schütz, A., Dolling, I. K., Friedinger, K., Hösch, Y., Hügel, J. C., … Röseler, J. J. (2020, July 24). The Stepwise Anchoring Paradigm: Measuring Reliable Components of Anchoring and Adjustment as the Next Step in Moderator Research. https://doi.org/10.31234/osf.io/hjbwp","Röseler et al., 2020","https://osf.io/uac2t/","Weight of a racoon (kg)","weight",1,0,0,1,1,1,3,3,8,1,1
"317",19,2,23,4,253,75253,"Röseler, L., Schütz, A., Dolling, I. K., Friedinger, K., Hösch, Y., Hügel, J. C., … Röseler, J. J. (2020, July 24). The Stepwise Anchoring Paradigm: Measuring Reliable Components of Anchoring and Adjustment as the Next Step in Moderator Research. https://doi.org/10.31234/osf.io/hjbwp","Röseler et al., 2020","https://osf.io/uac2t/","Weight of a badger (kg)","weight",1,0,0,1,1,1,3,3,15,0,1
"318",19,2,17,26,253,75253,"Röseler, L., Schütz, A., Dolling, I. K., Friedinger, K., Hösch, Y., Hügel, J. C., … Röseler, J. J. (2020, July 24). The Stepwise Anchoring Paradigm: Measuring Reliable Components of Anchoring and Adjustment as the Next Step in Moderator Research. https://doi.org/10.31234/osf.io/hjbwp","Röseler et al., 2020","https://osf.io/uac2t/","Weight of a pelican (kg)","weight",1,0,0,1,1,1,3,3,15,1,1
"319",19,2,25,10,253,75253,"Röseler, L., Schütz, A., Dolling, I. K., Friedinger, K., Hösch, Y., Hügel, J. C., … Röseler, J. J. (2020, July 24). The Stepwise Anchoring Paradigm: Measuring Reliable Components of Anchoring and Adjustment as the Next Step in Moderator Research. https://doi.org/10.31234/osf.io/hjbwp","Röseler et al., 2020","https://osf.io/uac2t/","Weight of a beaver (kg)","weight",1,0,0,1,1,1,3,3,25,0,1
"320",19,2,35,40,253,75253,"Röseler, L., Schütz, A., Dolling, I. K., Friedinger, K., Hösch, Y., Hügel, J. C., … Röseler, J. J. (2020, July 24). The Stepwise Anchoring Paradigm: Measuring Reliable Components of Anchoring and Adjustment as the Next Step in Moderator Research. https://doi.org/10.31234/osf.io/hjbwp","Röseler et al., 2020","https://osf.io/uac2t/","Weight of a deer (kg)","weight",1,0,0,1,1,1,3,3,25,1,1
"321",19,2,39,25,253,75253,"Röseler, L., Schütz, A., Dolling, I. K., Friedinger, K., Hösch, Y., Hügel, J. C., … Röseler, J. J. (2020, July 24). The Stepwise Anchoring Paradigm: Measuring Reliable Components of Anchoring and Adjustment as the Next Step in Moderator Research. https://doi.org/10.31234/osf.io/hjbwp","Röseler et al., 2020","https://osf.io/uac2t/","Weight of a wolf (kg)","weight",1,0,0,1,1,1,3,3,50,0,1
"322",19,2,43,75,253,75253,"Röseler, L., Schütz, A., Dolling, I. K., Friedinger, K., Hösch, Y., Hügel, J. C., … Röseler, J. J. (2020, July 24). The Stepwise Anchoring Paradigm: Measuring Reliable Components of Anchoring and Adjustment as the Next Step in Moderator Research. https://doi.org/10.31234/osf.io/hjbwp","Röseler et al., 2020","https://osf.io/uac2t/","Weight of a goat (kg)","weight",1,0,0,1,1,1,3,3,50,1,1
"323",19,2,48,36,253,75253,"Röseler, L., Schütz, A., Dolling, I. K., Friedinger, K., Hösch, Y., Hügel, J. C., … Röseler, J. J. (2020, July 24). The Stepwise Anchoring Paradigm: Measuring Reliable Components of Anchoring and Adjustment as the Next Step in Moderator Research. https://doi.org/10.31234/osf.io/hjbwp","Röseler et al., 2020","https://osf.io/uac2t/","Weight of a hyena (kg)","weight",1,0,0,1,1,1,3,3,60,0,1
"324",19,2,46,84,253,75253,"Röseler, L., Schütz, A., Dolling, I. K., Friedinger, K., Hösch, Y., Hügel, J. C., … Röseler, J. J. (2020, July 24). The Stepwise Anchoring Paradigm: Measuring Reliable Components of Anchoring and Adjustment as the Next Step in Moderator Research. https://doi.org/10.31234/osf.io/hjbwp","Röseler et al., 2020","https://osf.io/uac2t/","Weight of a warthog (kg)","weight",1,0,0,1,1,1,3,3,60,1,1
"325",22,2,3,1,254,75254,"Röseler, L., Schütz, A., Dolling, I. K., Friedinger, K., Hösch, Y., Hügel, J. C., … Röseler, J. J. (2020, July 24). The Stepwise Anchoring Paradigm: Measuring Reliable Components of Anchoring and Adjustment as the Next Step in Moderator Research. https://doi.org/10.31234/osf.io/hjbwp","Röseler et al., 2020","https://osf.io/uac2t/","Weight of a rabbit (kg)","weight",1,0,0,1,1,1,3,3,4.5,0,1
"326",22,2,9,8,254,75254,"Röseler, L., Schütz, A., Dolling, I. K., Friedinger, K., Hösch, Y., Hügel, J. C., … Röseler, J. J. (2020, July 24). The Stepwise Anchoring Paradigm: Measuring Reliable Components of Anchoring and Adjustment as the Next Step in Moderator Research. https://doi.org/10.31234/osf.io/hjbwp","Röseler et al., 2020","https://osf.io/uac2t/","Weight of a cat (kg)","weight",1,0,0,1,1,1,3,3,4.25,1,1
"327",22,2,9,2,254,75254,"Röseler, L., Schütz, A., Dolling, I. K., Friedinger, K., Hösch, Y., Hügel, J. C., … Röseler, J. J. (2020, July 24). The Stepwise Anchoring Paradigm: Measuring Reliable Components of Anchoring and Adjustment as the Next Step in Moderator Research. https://doi.org/10.31234/osf.io/hjbwp","Röseler et al., 2020","https://osf.io/uac2t/","Weight of a fox (kg)","weight",1,0,0,1,1,1,3,3,8,0,1
"328",22,2,17,14,254,75254,"Röseler, L., Schütz, A., Dolling, I. K., Friedinger, K., Hösch, Y., Hügel, J. C., … Röseler, J. J. (2020, July 24). The Stepwise Anchoring Paradigm: Measuring Reliable Components of Anchoring and Adjustment as the Next Step in Moderator Research. https://doi.org/10.31234/osf.io/hjbwp","Röseler et al., 2020","https://osf.io/uac2t/","Weight of a racoon (kg)","weight",1,0,0,1,1,1,3,3,8,1,1
"329",22,2,16,4,254,75254,"Röseler, L., Schütz, A., Dolling, I. K., Friedinger, K., Hösch, Y., Hügel, J. C., … Röseler, J. J. (2020, July 24). The Stepwise Anchoring Paradigm: Measuring Reliable Components of Anchoring and Adjustment as the Next Step in Moderator Research. https://doi.org/10.31234/osf.io/hjbwp","Röseler et al., 2020","https://osf.io/uac2t/","Weight of a badger (kg)","weight",1,0,0,1,1,1,3,3,15,0,1
"330",22,2,9,26,254,75254,"Röseler, L., Schütz, A., Dolling, I. K., Friedinger, K., Hösch, Y., Hügel, J. C., … Röseler, J. J. (2020, July 24). The Stepwise Anchoring Paradigm: Measuring Reliable Components of Anchoring and Adjustment as the Next Step in Moderator Research. https://doi.org/10.31234/osf.io/hjbwp","Röseler et al., 2020","https://osf.io/uac2t/","Weight of a pelican (kg)","weight",1,0,0,1,1,1,3,3,15,1,1
"331",22,2,14,10,254,75254,"Röseler, L., Schütz, A., Dolling, I. K., Friedinger, K., Hösch, Y., Hügel, J. C., … Röseler, J. J. (2020, July 24). The Stepwise Anchoring Paradigm: Measuring Reliable Components of Anchoring and Adjustment as the Next Step in Moderator Research. https://doi.org/10.31234/osf.io/hjbwp","Röseler et al., 2020","https://osf.io/uac2t/","Weight of a beaver (kg)","weight",1,0,0,1,1,1,3,3,25,0,1
"332",22,2,33,40,254,75254,"Röseler, L., Schütz, A., Dolling, I. K., Friedinger, K., Hösch, Y., Hügel, J. C., … Röseler, J. J. (2020, July 24). The Stepwise Anchoring Paradigm: Measuring Reliable Components of Anchoring and Adjustment as the Next Step in Moderator Research. https://doi.org/10.31234/osf.io/hjbwp","Röseler et al., 2020","https://osf.io/uac2t/","Weight of a deer (kg)","weight",1,0,0,1,1,1,3,3,25,1,1
"333",22,2,27,25,254,75254,"Röseler, L., Schütz, A., Dolling, I. K., Friedinger, K., Hösch, Y., Hügel, J. C., … Röseler, J. J. (2020, July 24). The Stepwise Anchoring Paradigm: Measuring Reliable Components of Anchoring and Adjustment as the Next Step in Moderator Research. https://doi.org/10.31234/osf.io/hjbwp","Röseler et al., 2020","https://osf.io/uac2t/","Weight of a wolf (kg)","weight",1,0,0,1,1,1,3,3,50,0,1
"334",22,2,41,75,254,75254,"Röseler, L., Schütz, A., Dolling, I. K., Friedinger, K., Hösch, Y., Hügel, J. C., … Röseler, J. J. (2020, July 24). The Stepwise Anchoring Paradigm: Measuring Reliable Components of Anchoring and Adjustment as the Next Step in Moderator Research. https://doi.org/10.31234/osf.io/hjbwp","Röseler et al., 2020","https://osf.io/uac2t/","Weight of a goat (kg)","weight",1,0,0,1,1,1,3,3,50,1,1
"335",22,2,35,36,254,75254,"Röseler, L., Schütz, A., Dolling, I. K., Friedinger, K., Hösch, Y., Hügel, J. C., … Röseler, J. J. (2020, July 24). The Stepwise Anchoring Paradigm: Measuring Reliable Components of Anchoring and Adjustment as the Next Step in Moderator Research. https://doi.org/10.31234/osf.io/hjbwp","Röseler et al., 2020","https://osf.io/uac2t/","Weight of a hyena (kg)","weight",1,0,0,1,1,1,3,3,60,0,1
"336",22,2,38,84,254,75254,"Röseler, L., Schütz, A., Dolling, I. K., Friedinger, K., Hösch, Y., Hügel, J. C., … Röseler, J. J. (2020, July 24). The Stepwise Anchoring Paradigm: Measuring Reliable Components of Anchoring and Adjustment as the Next Step in Moderator Research. https://doi.org/10.31234/osf.io/hjbwp","Röseler et al., 2020","https://osf.io/uac2t/","Weight of a warthog (kg)","weight",1,0,0,1,1,1,3,3,60,1,1
"337",21,2,3,8,256,75256,"Röseler, L., Schütz, A., Dolling, I. K., Friedinger, K., Hösch, Y., Hügel, J. C., … Röseler, J. J. (2020, July 24). The Stepwise Anchoring Paradigm: Measuring Reliable Components of Anchoring and Adjustment as the Next Step in Moderator Research. https://doi.org/10.31234/osf.io/hjbwp","Röseler et al., 2020","https://osf.io/uac2t/","Weight of a rabbit (kg)","weight",1,0,0,1,1,1,3,3,4.5,1,1
"338",21,2,7,1,256,75256,"Röseler, L., Schütz, A., Dolling, I. K., Friedinger, K., Hösch, Y., Hügel, J. C., … Röseler, J. J. (2020, July 24). The Stepwise Anchoring Paradigm: Measuring Reliable Components of Anchoring and Adjustment as the Next Step in Moderator Research. https://doi.org/10.31234/osf.io/hjbwp","Röseler et al., 2020","https://osf.io/uac2t/","Weight of a cat (kg)","weight",1,0,0,1,1,1,3,3,4.25,0,1
"339",21,2,9,14,256,75256,"Röseler, L., Schütz, A., Dolling, I. K., Friedinger, K., Hösch, Y., Hügel, J. C., … Röseler, J. J. (2020, July 24). The Stepwise Anchoring Paradigm: Measuring Reliable Components of Anchoring and Adjustment as the Next Step in Moderator Research. https://doi.org/10.31234/osf.io/hjbwp","Röseler et al., 2020","https://osf.io/uac2t/","Weight of a fox (kg)","weight",1,0,0,1,1,1,3,3,8,1,1
"340",21,2,6,2,256,75256,"Röseler, L., Schütz, A., Dolling, I. K., Friedinger, K., Hösch, Y., Hügel, J. C., … Röseler, J. J. (2020, July 24). The Stepwise Anchoring Paradigm: Measuring Reliable Components of Anchoring and Adjustment as the Next Step in Moderator Research. https://doi.org/10.31234/osf.io/hjbwp","Röseler et al., 2020","https://osf.io/uac2t/","Weight of a racoon (kg)","weight",1,0,0,1,1,1,3,3,8,0,1
"341",21,2,8,26,256,75256,"Röseler, L., Schütz, A., Dolling, I. K., Friedinger, K., Hösch, Y., Hügel, J. C., … Röseler, J. J. (2020, July 24). The Stepwise Anchoring Paradigm: Measuring Reliable Components of Anchoring and Adjustment as the Next Step in Moderator Research. https://doi.org/10.31234/osf.io/hjbwp","Röseler et al., 2020","https://osf.io/uac2t/","Weight of a badger (kg)","weight",1,0,0,1,1,1,3,3,15,1,1
"342",21,2,16,4,256,75256,"Röseler, L., Schütz, A., Dolling, I. K., Friedinger, K., Hösch, Y., Hügel, J. C., … Röseler, J. J. (2020, July 24). The Stepwise Anchoring Paradigm: Measuring Reliable Components of Anchoring and Adjustment as the Next Step in Moderator Research. https://doi.org/10.31234/osf.io/hjbwp","Röseler et al., 2020","https://osf.io/uac2t/","Weight of a pelican (kg)","weight",1,0,0,1,1,1,3,3,15,0,1
"343",21,2,7,40,256,75256,"Röseler, L., Schütz, A., Dolling, I. K., Friedinger, K., Hösch, Y., Hügel, J. C., … Röseler, J. J. (2020, July 24). The Stepwise Anchoring Paradigm: Measuring Reliable Components of Anchoring and Adjustment as the Next Step in Moderator Research. https://doi.org/10.31234/osf.io/hjbwp","Röseler et al., 2020","https://osf.io/uac2t/","Weight of a beaver (kg)","weight",1,0,0,1,1,1,3,3,25,1,1
"344",21,2,34,10,256,75256,"Röseler, L., Schütz, A., Dolling, I. K., Friedinger, K., Hösch, Y., Hügel, J. C., … Röseler, J. J. (2020, July 24). The Stepwise Anchoring Paradigm: Measuring Reliable Components of Anchoring and Adjustment as the Next Step in Moderator Research. https://doi.org/10.31234/osf.io/hjbwp","Röseler et al., 2020","https://osf.io/uac2t/","Weight of a deer (kg)","weight",1,0,0,1,1,1,3,3,25,0,1
"345",21,2,7,75,256,75256,"Röseler, L., Schütz, A., Dolling, I. K., Friedinger, K., Hösch, Y., Hügel, J. C., … Röseler, J. J. (2020, July 24). The Stepwise Anchoring Paradigm: Measuring Reliable Components of Anchoring and Adjustment as the Next Step in Moderator Research. https://doi.org/10.31234/osf.io/hjbwp","Röseler et al., 2020","https://osf.io/uac2t/","Weight of a wolf (kg)","weight",1,0,0,1,1,1,3,3,50,1,1
"346",21,2,38,25,256,75256,"Röseler, L., Schütz, A., Dolling, I. K., Friedinger, K., Hösch, Y., Hügel, J. C., … Röseler, J. J. (2020, July 24). The Stepwise Anchoring Paradigm: Measuring Reliable Components of Anchoring and Adjustment as the Next Step in Moderator Research. https://doi.org/10.31234/osf.io/hjbwp","Röseler et al., 2020","https://osf.io/uac2t/","Weight of a goat (kg)","weight",1,0,0,1,1,1,3,3,50,0,1
"347",21,2,18,84,256,75256,"Röseler, L., Schütz, A., Dolling, I. K., Friedinger, K., Hösch, Y., Hügel, J. C., … Röseler, J. J. (2020, July 24). The Stepwise Anchoring Paradigm: Measuring Reliable Components of Anchoring and Adjustment as the Next Step in Moderator Research. https://doi.org/10.31234/osf.io/hjbwp","Röseler et al., 2020","https://osf.io/uac2t/","Weight of a hyena (kg)","weight",1,0,0,1,1,1,3,3,60,1,1
"348",21,2,26,36,256,75256,"Röseler, L., Schütz, A., Dolling, I. K., Friedinger, K., Hösch, Y., Hügel, J. C., … Röseler, J. J. (2020, July 24). The Stepwise Anchoring Paradigm: Measuring Reliable Components of Anchoring and Adjustment as the Next Step in Moderator Research. https://doi.org/10.31234/osf.io/hjbwp","Röseler et al., 2020","https://osf.io/uac2t/","Weight of a warthog (kg)","weight",1,0,0,1,1,1,3,3,60,0,1
"349",21,2,5,8,257,75257,"Röseler, L., Schütz, A., Dolling, I. K., Friedinger, K., Hösch, Y., Hügel, J. C., … Röseler, J. J. (2020, July 24). The Stepwise Anchoring Paradigm: Measuring Reliable Components of Anchoring and Adjustment as the Next Step in Moderator Research. https://doi.org/10.31234/osf.io/hjbwp","Röseler et al., 2020","https://osf.io/uac2t/","Weight of a rabbit (kg)","weight",1,0,0,1,1,1,3,3,4.5,1,1
"350",21,2,18,1,257,75257,"Röseler, L., Schütz, A., Dolling, I. K., Friedinger, K., Hösch, Y., Hügel, J. C., … Röseler, J. J. (2020, July 24). The Stepwise Anchoring Paradigm: Measuring Reliable Components of Anchoring and Adjustment as the Next Step in Moderator Research. https://doi.org/10.31234/osf.io/hjbwp","Röseler et al., 2020","https://osf.io/uac2t/","Weight of a cat (kg)","weight",1,0,0,1,1,1,3,3,4.25,0,1
"351",21,2,8,14,257,75257,"Röseler, L., Schütz, A., Dolling, I. K., Friedinger, K., Hösch, Y., Hügel, J. C., … Röseler, J. J. (2020, July 24). The Stepwise Anchoring Paradigm: Measuring Reliable Components of Anchoring and Adjustment as the Next Step in Moderator Research. https://doi.org/10.31234/osf.io/hjbwp","Röseler et al., 2020","https://osf.io/uac2t/","Weight of a fox (kg)","weight",1,0,0,1,1,1,3,3,8,1,1
"352",21,2,14,2,257,75257,"Röseler, L., Schütz, A., Dolling, I. K., Friedinger, K., Hösch, Y., Hügel, J. C., … Röseler, J. J. (2020, July 24). The Stepwise Anchoring Paradigm: Measuring Reliable Components of Anchoring and Adjustment as the Next Step in Moderator Research. https://doi.org/10.31234/osf.io/hjbwp","Röseler et al., 2020","https://osf.io/uac2t/","Weight of a racoon (kg)","weight",1,0,0,1,1,1,3,3,8,0,1
"353",21,2,17,26,257,75257,"Röseler, L., Schütz, A., Dolling, I. K., Friedinger, K., Hösch, Y., Hügel, J. C., … Röseler, J. J. (2020, July 24). The Stepwise Anchoring Paradigm: Measuring Reliable Components of Anchoring and Adjustment as the Next Step in Moderator Research. https://doi.org/10.31234/osf.io/hjbwp","Röseler et al., 2020","https://osf.io/uac2t/","Weight of a badger (kg)","weight",1,0,0,1,1,1,3,3,15,1,1
"354",21,2,11,4,257,75257,"Röseler, L., Schütz, A., Dolling, I. K., Friedinger, K., Hösch, Y., Hügel, J. C., … Röseler, J. J. (2020, July 24). The Stepwise Anchoring Paradigm: Measuring Reliable Components of Anchoring and Adjustment as the Next Step in Moderator Research. https://doi.org/10.31234/osf.io/hjbwp","Röseler et al., 2020","https://osf.io/uac2t/","Weight of a pelican (kg)","weight",1,0,0,1,1,1,3,3,15,0,1
"355",21,2,23,40,257,75257,"Röseler, L., Schütz, A., Dolling, I. K., Friedinger, K., Hösch, Y., Hügel, J. C., … Röseler, J. J. (2020, July 24). The Stepwise Anchoring Paradigm: Measuring Reliable Components of Anchoring and Adjustment as the Next Step in Moderator Research. https://doi.org/10.31234/osf.io/hjbwp","Röseler et al., 2020","https://osf.io/uac2t/","Weight of a beaver (kg)","weight",1,0,0,1,1,1,3,3,25,1,1
"356",21,2,63,10,257,75257,"Röseler, L., Schütz, A., Dolling, I. K., Friedinger, K., Hösch, Y., Hügel, J. C., … Röseler, J. J. (2020, July 24). The Stepwise Anchoring Paradigm: Measuring Reliable Components of Anchoring and Adjustment as the Next Step in Moderator Research. https://doi.org/10.31234/osf.io/hjbwp","Röseler et al., 2020","https://osf.io/uac2t/","Weight of a deer (kg)","weight",1,0,0,1,1,1,3,3,25,0,1
"357",21,2,55,75,257,75257,"Röseler, L., Schütz, A., Dolling, I. K., Friedinger, K., Hösch, Y., Hügel, J. C., … Röseler, J. J. (2020, July 24). The Stepwise Anchoring Paradigm: Measuring Reliable Components of Anchoring and Adjustment as the Next Step in Moderator Research. https://doi.org/10.31234/osf.io/hjbwp","Röseler et al., 2020","https://osf.io/uac2t/","Weight of a wolf (kg)","weight",1,0,0,1,1,1,3,3,50,1,1
"358",21,2,67,25,257,75257,"Röseler, L., Schütz, A., Dolling, I. K., Friedinger, K., Hösch, Y., Hügel, J. C., … Röseler, J. J. (2020, July 24). The Stepwise Anchoring Paradigm: Measuring Reliable Components of Anchoring and Adjustment as the Next Step in Moderator Research. https://doi.org/10.31234/osf.io/hjbwp","Röseler et al., 2020","https://osf.io/uac2t/","Weight of a goat (kg)","weight",1,0,0,1,1,1,3,3,50,0,1
"359",21,2,43,84,257,75257,"Röseler, L., Schütz, A., Dolling, I. K., Friedinger, K., Hösch, Y., Hügel, J. C., … Röseler, J. J. (2020, July 24). The Stepwise Anchoring Paradigm: Measuring Reliable Components of Anchoring and Adjustment as the Next Step in Moderator Research. https://doi.org/10.31234/osf.io/hjbwp","Röseler et al., 2020","https://osf.io/uac2t/","Weight of a hyena (kg)","weight",1,0,0,1,1,1,3,3,60,1,1
"360",21,2,63,36,257,75257,"Röseler, L., Schütz, A., Dolling, I. K., Friedinger, K., Hösch, Y., Hügel, J. C., … Röseler, J. J. (2020, July 24). The Stepwise Anchoring Paradigm: Measuring Reliable Components of Anchoring and Adjustment as the Next Step in Moderator Research. https://doi.org/10.31234/osf.io/hjbwp","Röseler et al., 2020","https://osf.io/uac2t/","Weight of a warthog (kg)","weight",1,0,0,1,1,1,3,3,60,0,1
"361",21,2,2,1,258,75258,"Röseler, L., Schütz, A., Dolling, I. K., Friedinger, K., Hösch, Y., Hügel, J. C., … Röseler, J. J. (2020, July 24). The Stepwise Anchoring Paradigm: Measuring Reliable Components of Anchoring and Adjustment as the Next Step in Moderator Research. https://doi.org/10.31234/osf.io/hjbwp","Röseler et al., 2020","https://osf.io/uac2t/","Weight of a rabbit (kg)","weight",1,0,0,1,1,1,3,3,4.5,0,1
"362",21,2,4,8,258,75258,"Röseler, L., Schütz, A., Dolling, I. K., Friedinger, K., Hösch, Y., Hügel, J. C., … Röseler, J. J. (2020, July 24). The Stepwise Anchoring Paradigm: Measuring Reliable Components of Anchoring and Adjustment as the Next Step in Moderator Research. https://doi.org/10.31234/osf.io/hjbwp","Röseler et al., 2020","https://osf.io/uac2t/","Weight of a cat (kg)","weight",1,0,0,1,1,1,3,3,4.25,1,1
"363",21,2,12,2,258,75258,"Röseler, L., Schütz, A., Dolling, I. K., Friedinger, K., Hösch, Y., Hügel, J. C., … Röseler, J. J. (2020, July 24). The Stepwise Anchoring Paradigm: Measuring Reliable Components of Anchoring and Adjustment as the Next Step in Moderator Research. https://doi.org/10.31234/osf.io/hjbwp","Röseler et al., 2020","https://osf.io/uac2t/","Weight of a fox (kg)","weight",1,0,0,1,1,1,3,3,8,0,1
"364",21,2,16,14,258,75258,"Röseler, L., Schütz, A., Dolling, I. K., Friedinger, K., Hösch, Y., Hügel, J. C., … Röseler, J. J. (2020, July 24). The Stepwise Anchoring Paradigm: Measuring Reliable Components of Anchoring and Adjustment as the Next Step in Moderator Research. https://doi.org/10.31234/osf.io/hjbwp","Röseler et al., 2020","https://osf.io/uac2t/","Weight of a racoon (kg)","weight",1,0,0,1,1,1,3,3,8,1,1
"365",21,2,20,4,258,75258,"Röseler, L., Schütz, A., Dolling, I. K., Friedinger, K., Hösch, Y., Hügel, J. C., … Röseler, J. J. (2020, July 24). The Stepwise Anchoring Paradigm: Measuring Reliable Components of Anchoring and Adjustment as the Next Step in Moderator Research. https://doi.org/10.31234/osf.io/hjbwp","Röseler et al., 2020","https://osf.io/uac2t/","Weight of a badger (kg)","weight",1,0,0,1,1,1,3,3,15,0,1
"366",21,2,15,26,258,75258,"Röseler, L., Schütz, A., Dolling, I. K., Friedinger, K., Hösch, Y., Hügel, J. C., … Röseler, J. J. (2020, July 24). The Stepwise Anchoring Paradigm: Measuring Reliable Components of Anchoring and Adjustment as the Next Step in Moderator Research. https://doi.org/10.31234/osf.io/hjbwp","Röseler et al., 2020","https://osf.io/uac2t/","Weight of a pelican (kg)","weight",1,0,0,1,1,1,3,3,15,1,1
"367",21,2,31,10,258,75258,"Röseler, L., Schütz, A., Dolling, I. K., Friedinger, K., Hösch, Y., Hügel, J. C., … Röseler, J. J. (2020, July 24). The Stepwise Anchoring Paradigm: Measuring Reliable Components of Anchoring and Adjustment as the Next Step in Moderator Research. https://doi.org/10.31234/osf.io/hjbwp","Röseler et al., 2020","https://osf.io/uac2t/","Weight of a beaver (kg)","weight",1,0,0,1,1,1,3,3,25,0,1
"368",21,2,20,40,258,75258,"Röseler, L., Schütz, A., Dolling, I. K., Friedinger, K., Hösch, Y., Hügel, J. C., … Röseler, J. J. (2020, July 24). The Stepwise Anchoring Paradigm: Measuring Reliable Components of Anchoring and Adjustment as the Next Step in Moderator Research. https://doi.org/10.31234/osf.io/hjbwp","Röseler et al., 2020","https://osf.io/uac2t/","Weight of a deer (kg)","weight",1,0,0,1,1,1,3,3,25,1,1
"369",21,2,31,25,258,75258,"Röseler, L., Schütz, A., Dolling, I. K., Friedinger, K., Hösch, Y., Hügel, J. C., … Röseler, J. J. (2020, July 24). The Stepwise Anchoring Paradigm: Measuring Reliable Components of Anchoring and Adjustment as the Next Step in Moderator Research. https://doi.org/10.31234/osf.io/hjbwp","Röseler et al., 2020","https://osf.io/uac2t/","Weight of a wolf (kg)","weight",1,0,0,1,1,1,3,3,50,0,1
"370",21,2,62,75,258,75258,"Röseler, L., Schütz, A., Dolling, I. K., Friedinger, K., Hösch, Y., Hügel, J. C., … Röseler, J. J. (2020, July 24). The Stepwise Anchoring Paradigm: Measuring Reliable Components of Anchoring and Adjustment as the Next Step in Moderator Research. https://doi.org/10.31234/osf.io/hjbwp","Röseler et al., 2020","https://osf.io/uac2t/","Weight of a goat (kg)","weight",1,0,0,1,1,1,3,3,50,1,1
"371",21,2,40,36,258,75258,"Röseler, L., Schütz, A., Dolling, I. K., Friedinger, K., Hösch, Y., Hügel, J. C., … Röseler, J. J. (2020, July 24). The Stepwise Anchoring Paradigm: Measuring Reliable Components of Anchoring and Adjustment as the Next Step in Moderator Research. https://doi.org/10.31234/osf.io/hjbwp","Röseler et al., 2020","https://osf.io/uac2t/","Weight of a hyena (kg)","weight",1,0,0,1,1,1,3,3,60,0,1
"372",21,2,82,84,258,75258,"Röseler, L., Schütz, A., Dolling, I. K., Friedinger, K., Hösch, Y., Hügel, J. C., … Röseler, J. J. (2020, July 24). The Stepwise Anchoring Paradigm: Measuring Reliable Components of Anchoring and Adjustment as the Next Step in Moderator Research. https://doi.org/10.31234/osf.io/hjbwp","Röseler et al., 2020","https://osf.io/uac2t/","Weight of a warthog (kg)","weight",1,0,0,1,1,1,3,3,60,1,1
"373",21,2,8,1,260,75260,"Röseler, L., Schütz, A., Dolling, I. K., Friedinger, K., Hösch, Y., Hügel, J. C., … Röseler, J. J. (2020, July 24). The Stepwise Anchoring Paradigm: Measuring Reliable Components of Anchoring and Adjustment as the Next Step in Moderator Research. https://doi.org/10.31234/osf.io/hjbwp","Röseler et al., 2020","https://osf.io/uac2t/","Weight of a rabbit (kg)","weight",1,0,0,1,1,1,3,3,4.5,0,1
"374",21,2,4,8,260,75260,"Röseler, L., Schütz, A., Dolling, I. K., Friedinger, K., Hösch, Y., Hügel, J. C., … Röseler, J. J. (2020, July 24). The Stepwise Anchoring Paradigm: Measuring Reliable Components of Anchoring and Adjustment as the Next Step in Moderator Research. https://doi.org/10.31234/osf.io/hjbwp","Röseler et al., 2020","https://osf.io/uac2t/","Weight of a cat (kg)","weight",1,0,0,1,1,1,3,3,4.25,1,1
"375",21,2,30,2,260,75260,"Röseler, L., Schütz, A., Dolling, I. K., Friedinger, K., Hösch, Y., Hügel, J. C., … Röseler, J. J. (2020, July 24). The Stepwise Anchoring Paradigm: Measuring Reliable Components of Anchoring and Adjustment as the Next Step in Moderator Research. https://doi.org/10.31234/osf.io/hjbwp","Röseler et al., 2020","https://osf.io/uac2t/","Weight of a fox (kg)","weight",1,0,0,1,1,1,3,3,8,0,1
"376",21,2,20,14,260,75260,"Röseler, L., Schütz, A., Dolling, I. K., Friedinger, K., Hösch, Y., Hügel, J. C., … Röseler, J. J. (2020, July 24). The Stepwise Anchoring Paradigm: Measuring Reliable Components of Anchoring and Adjustment as the Next Step in Moderator Research. https://doi.org/10.31234/osf.io/hjbwp","Röseler et al., 2020","https://osf.io/uac2t/","Weight of a racoon (kg)","weight",1,0,0,1,1,1,3,3,8,1,1
"377",21,2,20,4,260,75260,"Röseler, L., Schütz, A., Dolling, I. K., Friedinger, K., Hösch, Y., Hügel, J. C., … Röseler, J. J. (2020, July 24). The Stepwise Anchoring Paradigm: Measuring Reliable Components of Anchoring and Adjustment as the Next Step in Moderator Research. https://doi.org/10.31234/osf.io/hjbwp","Röseler et al., 2020","https://osf.io/uac2t/","Weight of a badger (kg)","weight",1,0,0,1,1,1,3,3,15,0,1
"378",21,2,12,26,260,75260,"Röseler, L., Schütz, A., Dolling, I. K., Friedinger, K., Hösch, Y., Hügel, J. C., … Röseler, J. J. (2020, July 24). The Stepwise Anchoring Paradigm: Measuring Reliable Components of Anchoring and Adjustment as the Next Step in Moderator Research. https://doi.org/10.31234/osf.io/hjbwp","Röseler et al., 2020","https://osf.io/uac2t/","Weight of a pelican (kg)","weight",1,0,0,1,1,1,3,3,15,1,1
"379",21,2,20,10,260,75260,"Röseler, L., Schütz, A., Dolling, I. K., Friedinger, K., Hösch, Y., Hügel, J. C., … Röseler, J. J. (2020, July 24). The Stepwise Anchoring Paradigm: Measuring Reliable Components of Anchoring and Adjustment as the Next Step in Moderator Research. https://doi.org/10.31234/osf.io/hjbwp","Röseler et al., 2020","https://osf.io/uac2t/","Weight of a beaver (kg)","weight",1,0,0,1,1,1,3,3,25,0,1
"380",21,2,30,40,260,75260,"Röseler, L., Schütz, A., Dolling, I. K., Friedinger, K., Hösch, Y., Hügel, J. C., … Röseler, J. J. (2020, July 24). The Stepwise Anchoring Paradigm: Measuring Reliable Components of Anchoring and Adjustment as the Next Step in Moderator Research. https://doi.org/10.31234/osf.io/hjbwp","Röseler et al., 2020","https://osf.io/uac2t/","Weight of a deer (kg)","weight",1,0,0,1,1,1,3,3,25,1,1
"381",21,2,39,25,260,75260,"Röseler, L., Schütz, A., Dolling, I. K., Friedinger, K., Hösch, Y., Hügel, J. C., … Röseler, J. J. (2020, July 24). The Stepwise Anchoring Paradigm: Measuring Reliable Components of Anchoring and Adjustment as the Next Step in Moderator Research. https://doi.org/10.31234/osf.io/hjbwp","Röseler et al., 2020","https://osf.io/uac2t/","Weight of a wolf (kg)","weight",1,0,0,1,1,1,3,3,50,0,1
"382",21,2,38,75,260,75260,"Röseler, L., Schütz, A., Dolling, I. K., Friedinger, K., Hösch, Y., Hügel, J. C., … Röseler, J. J. (2020, July 24). The Stepwise Anchoring Paradigm: Measuring Reliable Components of Anchoring and Adjustment as the Next Step in Moderator Research. https://doi.org/10.31234/osf.io/hjbwp","Röseler et al., 2020","https://osf.io/uac2t/","Weight of a goat (kg)","weight",1,0,0,1,1,1,3,3,50,1,1
"383",21,2,45,36,260,75260,"Röseler, L., Schütz, A., Dolling, I. K., Friedinger, K., Hösch, Y., Hügel, J. C., … Röseler, J. J. (2020, July 24). The Stepwise Anchoring Paradigm: Measuring Reliable Components of Anchoring and Adjustment as the Next Step in Moderator Research. https://doi.org/10.31234/osf.io/hjbwp","Röseler et al., 2020","https://osf.io/uac2t/","Weight of a hyena (kg)","weight",1,0,0,1,1,1,3,3,60,0,1
"384",21,2,50,84,260,75260,"Röseler, L., Schütz, A., Dolling, I. K., Friedinger, K., Hösch, Y., Hügel, J. C., … Röseler, J. J. (2020, July 24). The Stepwise Anchoring Paradigm: Measuring Reliable Components of Anchoring and Adjustment as the Next Step in Moderator Research. https://doi.org/10.31234/osf.io/hjbwp","Röseler et al., 2020","https://osf.io/uac2t/","Weight of a warthog (kg)","weight",1,0,0,1,1,1,3,3,60,1,1
"385",20,2,4,8,261,75261,"Röseler, L., Schütz, A., Dolling, I. K., Friedinger, K., Hösch, Y., Hügel, J. C., … Röseler, J. J. (2020, July 24). The Stepwise Anchoring Paradigm: Measuring Reliable Components of Anchoring and Adjustment as the Next Step in Moderator Research. https://doi.org/10.31234/osf.io/hjbwp","Röseler et al., 2020","https://osf.io/uac2t/","Weight of a rabbit (kg)","weight",1,0,0,1,1,1,3,3,4.5,1,1
"386",20,2,5,1,261,75261,"Röseler, L., Schütz, A., Dolling, I. K., Friedinger, K., Hösch, Y., Hügel, J. C., … Röseler, J. J. (2020, July 24). The Stepwise Anchoring Paradigm: Measuring Reliable Components of Anchoring and Adjustment as the Next Step in Moderator Research. https://doi.org/10.31234/osf.io/hjbwp","Röseler et al., 2020","https://osf.io/uac2t/","Weight of a cat (kg)","weight",1,0,0,1,1,1,3,3,4.25,0,1
"387",20,2,8,14,261,75261,"Röseler, L., Schütz, A., Dolling, I. K., Friedinger, K., Hösch, Y., Hügel, J. C., … Röseler, J. J. (2020, July 24). The Stepwise Anchoring Paradigm: Measuring Reliable Components of Anchoring and Adjustment as the Next Step in Moderator Research. https://doi.org/10.31234/osf.io/hjbwp","Röseler et al., 2020","https://osf.io/uac2t/","Weight of a fox (kg)","weight",1,0,0,1,1,1,3,3,8,1,1
"388",20,2,19,2,261,75261,"Röseler, L., Schütz, A., Dolling, I. K., Friedinger, K., Hösch, Y., Hügel, J. C., … Röseler, J. J. (2020, July 24). The Stepwise Anchoring Paradigm: Measuring Reliable Components of Anchoring and Adjustment as the Next Step in Moderator Research. https://doi.org/10.31234/osf.io/hjbwp","Röseler et al., 2020","https://osf.io/uac2t/","Weight of a racoon (kg)","weight",1,0,0,1,1,1,3,3,8,0,1
"389",20,2,14,26,261,75261,"Röseler, L., Schütz, A., Dolling, I. K., Friedinger, K., Hösch, Y., Hügel, J. C., … Röseler, J. J. (2020, July 24). The Stepwise Anchoring Paradigm: Measuring Reliable Components of Anchoring and Adjustment as the Next Step in Moderator Research. https://doi.org/10.31234/osf.io/hjbwp","Röseler et al., 2020","https://osf.io/uac2t/","Weight of a badger (kg)","weight",1,0,0,1,1,1,3,3,15,1,1
"390",20,2,17,4,261,75261,"Röseler, L., Schütz, A., Dolling, I. K., Friedinger, K., Hösch, Y., Hügel, J. C., … Röseler, J. J. (2020, July 24). The Stepwise Anchoring Paradigm: Measuring Reliable Components of Anchoring and Adjustment as the Next Step in Moderator Research. https://doi.org/10.31234/osf.io/hjbwp","Röseler et al., 2020","https://osf.io/uac2t/","Weight of a pelican (kg)","weight",1,0,0,1,1,1,3,3,15,0,1
"391",20,2,62,40,261,75261,"Röseler, L., Schütz, A., Dolling, I. K., Friedinger, K., Hösch, Y., Hügel, J. C., … Röseler, J. J. (2020, July 24). The Stepwise Anchoring Paradigm: Measuring Reliable Components of Anchoring and Adjustment as the Next Step in Moderator Research. https://doi.org/10.31234/osf.io/hjbwp","Röseler et al., 2020","https://osf.io/uac2t/","Weight of a beaver (kg)","weight",1,0,0,1,1,1,3,3,25,1,1
"392",20,2,59,10,261,75261,"Röseler, L., Schütz, A., Dolling, I. K., Friedinger, K., Hösch, Y., Hügel, J. C., … Röseler, J. J. (2020, July 24). The Stepwise Anchoring Paradigm: Measuring Reliable Components of Anchoring and Adjustment as the Next Step in Moderator Research. https://doi.org/10.31234/osf.io/hjbwp","Röseler et al., 2020","https://osf.io/uac2t/","Weight of a deer (kg)","weight",1,0,0,1,1,1,3,3,25,0,1
"393",20,2,40,75,261,75261,"Röseler, L., Schütz, A., Dolling, I. K., Friedinger, K., Hösch, Y., Hügel, J. C., … Röseler, J. J. (2020, July 24). The Stepwise Anchoring Paradigm: Measuring Reliable Components of Anchoring and Adjustment as the Next Step in Moderator Research. https://doi.org/10.31234/osf.io/hjbwp","Röseler et al., 2020","https://osf.io/uac2t/","Weight of a wolf (kg)","weight",1,0,0,1,1,1,3,3,50,1,1
"394",20,2,30,25,261,75261,"Röseler, L., Schütz, A., Dolling, I. K., Friedinger, K., Hösch, Y., Hügel, J. C., … Röseler, J. J. (2020, July 24). The Stepwise Anchoring Paradigm: Measuring Reliable Components of Anchoring and Adjustment as the Next Step in Moderator Research. https://doi.org/10.31234/osf.io/hjbwp","Röseler et al., 2020","https://osf.io/uac2t/","Weight of a goat (kg)","weight",1,0,0,1,1,1,3,3,50,0,1
"395",20,2,63,84,261,75261,"Röseler, L., Schütz, A., Dolling, I. K., Friedinger, K., Hösch, Y., Hügel, J. C., … Röseler, J. J. (2020, July 24). The Stepwise Anchoring Paradigm: Measuring Reliable Components of Anchoring and Adjustment as the Next Step in Moderator Research. https://doi.org/10.31234/osf.io/hjbwp","Röseler et al., 2020","https://osf.io/uac2t/","Weight of a hyena (kg)","weight",1,0,0,1,1,1,3,3,60,1,1
"396",20,2,65,36,261,75261,"Röseler, L., Schütz, A., Dolling, I. K., Friedinger, K., Hösch, Y., Hügel, J. C., … Röseler, J. J. (2020, July 24). The Stepwise Anchoring Paradigm: Measuring Reliable Components of Anchoring and Adjustment as the Next Step in Moderator Research. https://doi.org/10.31234/osf.io/hjbwp","Röseler et al., 2020","https://osf.io/uac2t/","Weight of a warthog (kg)","weight",1,0,0,1,1,1,3,3,60,0,1
"397",21,2,5,8,264,75264,"Röseler, L., Schütz, A., Dolling, I. K., Friedinger, K., Hösch, Y., Hügel, J. C., … Röseler, J. J. (2020, July 24). The Stepwise Anchoring Paradigm: Measuring Reliable Components of Anchoring and Adjustment as the Next Step in Moderator Research. https://doi.org/10.31234/osf.io/hjbwp","Röseler et al., 2020","https://osf.io/uac2t/","Weight of a rabbit (kg)","weight",1,0,0,1,1,1,3,3,4.5,1,1
"398",21,2,9,1,264,75264,"Röseler, L., Schütz, A., Dolling, I. K., Friedinger, K., Hösch, Y., Hügel, J. C., … Röseler, J. J. (2020, July 24). The Stepwise Anchoring Paradigm: Measuring Reliable Components of Anchoring and Adjustment as the Next Step in Moderator Research. https://doi.org/10.31234/osf.io/hjbwp","Röseler et al., 2020","https://osf.io/uac2t/","Weight of a cat (kg)","weight",1,0,0,1,1,1,3,3,4.25,0,1
"399",21,2,9,14,264,75264,"Röseler, L., Schütz, A., Dolling, I. K., Friedinger, K., Hösch, Y., Hügel, J. C., … Röseler, J. J. (2020, July 24). The Stepwise Anchoring Paradigm: Measuring Reliable Components of Anchoring and Adjustment as the Next Step in Moderator Research. https://doi.org/10.31234/osf.io/hjbwp","Röseler et al., 2020","https://osf.io/uac2t/","Weight of a fox (kg)","weight",1,0,0,1,1,1,3,3,8,1,1
"400",21,2,8,2,264,75264,"Röseler, L., Schütz, A., Dolling, I. K., Friedinger, K., Hösch, Y., Hügel, J. C., … Röseler, J. J. (2020, July 24). The Stepwise Anchoring Paradigm: Measuring Reliable Components of Anchoring and Adjustment as the Next Step in Moderator Research. https://doi.org/10.31234/osf.io/hjbwp","Röseler et al., 2020","https://osf.io/uac2t/","Weight of a racoon (kg)","weight",1,0,0,1,1,1,3,3,8,0,1
"401",21,2,10,26,264,75264,"Röseler, L., Schütz, A., Dolling, I. K., Friedinger, K., Hösch, Y., Hügel, J. C., … Röseler, J. J. (2020, July 24). The Stepwise Anchoring Paradigm: Measuring Reliable Components of Anchoring and Adjustment as the Next Step in Moderator Research. https://doi.org/10.31234/osf.io/hjbwp","Röseler et al., 2020","https://osf.io/uac2t/","Weight of a badger (kg)","weight",1,0,0,1,1,1,3,3,15,1,1
"402",21,2,9,4,264,75264,"Röseler, L., Schütz, A., Dolling, I. K., Friedinger, K., Hösch, Y., Hügel, J. C., … Röseler, J. J. (2020, July 24). The Stepwise Anchoring Paradigm: Measuring Reliable Components of Anchoring and Adjustment as the Next Step in Moderator Research. https://doi.org/10.31234/osf.io/hjbwp","Röseler et al., 2020","https://osf.io/uac2t/","Weight of a pelican (kg)","weight",1,0,0,1,1,1,3,3,15,0,1
"403",21,2,19,40,264,75264,"Röseler, L., Schütz, A., Dolling, I. K., Friedinger, K., Hösch, Y., Hügel, J. C., … Röseler, J. J. (2020, July 24). The Stepwise Anchoring Paradigm: Measuring Reliable Components of Anchoring and Adjustment as the Next Step in Moderator Research. https://doi.org/10.31234/osf.io/hjbwp","Röseler et al., 2020","https://osf.io/uac2t/","Weight of a beaver (kg)","weight",1,0,0,1,1,1,3,3,25,1,1
"404",21,2,18,10,264,75264,"Röseler, L., Schütz, A., Dolling, I. K., Friedinger, K., Hösch, Y., Hügel, J. C., … Röseler, J. J. (2020, July 24). The Stepwise Anchoring Paradigm: Measuring Reliable Components of Anchoring and Adjustment as the Next Step in Moderator Research. https://doi.org/10.31234/osf.io/hjbwp","Röseler et al., 2020","https://osf.io/uac2t/","Weight of a deer (kg)","weight",1,0,0,1,1,1,3,3,25,0,1
"405",21,2,61,75,264,75264,"Röseler, L., Schütz, A., Dolling, I. K., Friedinger, K., Hösch, Y., Hügel, J. C., … Röseler, J. J. (2020, July 24). The Stepwise Anchoring Paradigm: Measuring Reliable Components of Anchoring and Adjustment as the Next Step in Moderator Research. https://doi.org/10.31234/osf.io/hjbwp","Röseler et al., 2020","https://osf.io/uac2t/","Weight of a wolf (kg)","weight",1,0,0,1,1,1,3,3,50,1,1
"406",21,2,35,25,264,75264,"Röseler, L., Schütz, A., Dolling, I. K., Friedinger, K., Hösch, Y., Hügel, J. C., … Röseler, J. J. (2020, July 24). The Stepwise Anchoring Paradigm: Measuring Reliable Components of Anchoring and Adjustment as the Next Step in Moderator Research. https://doi.org/10.31234/osf.io/hjbwp","Röseler et al., 2020","https://osf.io/uac2t/","Weight of a goat (kg)","weight",1,0,0,1,1,1,3,3,50,0,1
"407",21,2,40,84,264,75264,"Röseler, L., Schütz, A., Dolling, I. K., Friedinger, K., Hösch, Y., Hügel, J. C., … Röseler, J. J. (2020, July 24). The Stepwise Anchoring Paradigm: Measuring Reliable Components of Anchoring and Adjustment as the Next Step in Moderator Research. https://doi.org/10.31234/osf.io/hjbwp","Röseler et al., 2020","https://osf.io/uac2t/","Weight of a hyena (kg)","weight",1,0,0,1,1,1,3,3,60,1,1
"408",21,2,62,36,264,75264,"Röseler, L., Schütz, A., Dolling, I. K., Friedinger, K., Hösch, Y., Hügel, J. C., … Röseler, J. J. (2020, July 24). The Stepwise Anchoring Paradigm: Measuring Reliable Components of Anchoring and Adjustment as the Next Step in Moderator Research. https://doi.org/10.31234/osf.io/hjbwp","Röseler et al., 2020","https://osf.io/uac2t/","Weight of a warthog (kg)","weight",1,0,0,1,1,1,3,3,60,0,1
"409",21,1,6,1,279,75279,"Röseler, L., Schütz, A., Dolling, I. K., Friedinger, K., Hösch, Y., Hügel, J. C., … Röseler, J. J. (2020, July 24). The Stepwise Anchoring Paradigm: Measuring Reliable Components of Anchoring and Adjustment as the Next Step in Moderator Research. https://doi.org/10.31234/osf.io/hjbwp","Röseler et al., 2020","https://osf.io/uac2t/","Weight of a rabbit (kg)","weight",1,0,0,1,1,1,3,3,4.5,0,1
"410",21,1,9,8,279,75279,"Röseler, L., Schütz, A., Dolling, I. K., Friedinger, K., Hösch, Y., Hügel, J. C., … Röseler, J. J. (2020, July 24). The Stepwise Anchoring Paradigm: Measuring Reliable Components of Anchoring and Adjustment as the Next Step in Moderator Research. https://doi.org/10.31234/osf.io/hjbwp","Röseler et al., 2020","https://osf.io/uac2t/","Weight of a cat (kg)","weight",1,0,0,1,1,1,3,3,4.25,1,1
"411",21,1,26,2,279,75279,"Röseler, L., Schütz, A., Dolling, I. K., Friedinger, K., Hösch, Y., Hügel, J. C., … Röseler, J. J. (2020, July 24). The Stepwise Anchoring Paradigm: Measuring Reliable Components of Anchoring and Adjustment as the Next Step in Moderator Research. https://doi.org/10.31234/osf.io/hjbwp","Röseler et al., 2020","https://osf.io/uac2t/","Weight of a fox (kg)","weight",1,0,0,1,1,1,3,3,8,0,1
"412",21,1,28,14,279,75279,"Röseler, L., Schütz, A., Dolling, I. K., Friedinger, K., Hösch, Y., Hügel, J. C., … Röseler, J. J. (2020, July 24). The Stepwise Anchoring Paradigm: Measuring Reliable Components of Anchoring and Adjustment as the Next Step in Moderator Research. https://doi.org/10.31234/osf.io/hjbwp","Röseler et al., 2020","https://osf.io/uac2t/","Weight of a racoon (kg)","weight",1,0,0,1,1,1,3,3,8,1,1
"413",21,1,10,4,279,75279,"Röseler, L., Schütz, A., Dolling, I. K., Friedinger, K., Hösch, Y., Hügel, J. C., … Röseler, J. J. (2020, July 24). The Stepwise Anchoring Paradigm: Measuring Reliable Components of Anchoring and Adjustment as the Next Step in Moderator Research. https://doi.org/10.31234/osf.io/hjbwp","Röseler et al., 2020","https://osf.io/uac2t/","Weight of a badger (kg)","weight",1,0,0,1,1,1,3,3,15,0,1
"414",21,1,15,26,279,75279,"Röseler, L., Schütz, A., Dolling, I. K., Friedinger, K., Hösch, Y., Hügel, J. C., … Röseler, J. J. (2020, July 24). The Stepwise Anchoring Paradigm: Measuring Reliable Components of Anchoring and Adjustment as the Next Step in Moderator Research. https://doi.org/10.31234/osf.io/hjbwp","Röseler et al., 2020","https://osf.io/uac2t/","Weight of a pelican (kg)","weight",1,0,0,1,1,1,3,3,15,1,1
"415",21,1,21,10,279,75279,"Röseler, L., Schütz, A., Dolling, I. K., Friedinger, K., Hösch, Y., Hügel, J. C., … Röseler, J. J. (2020, July 24). The Stepwise Anchoring Paradigm: Measuring Reliable Components of Anchoring and Adjustment as the Next Step in Moderator Research. https://doi.org/10.31234/osf.io/hjbwp","Röseler et al., 2020","https://osf.io/uac2t/","Weight of a beaver (kg)","weight",1,0,0,1,1,1,3,3,25,0,1
"416",21,1,28,40,279,75279,"Röseler, L., Schütz, A., Dolling, I. K., Friedinger, K., Hösch, Y., Hügel, J. C., … Röseler, J. J. (2020, July 24). The Stepwise Anchoring Paradigm: Measuring Reliable Components of Anchoring and Adjustment as the Next Step in Moderator Research. https://doi.org/10.31234/osf.io/hjbwp","Röseler et al., 2020","https://osf.io/uac2t/","Weight of a deer (kg)","weight",1,0,0,1,1,1,3,3,25,1,1
"417",21,1,62,25,279,75279,"Röseler, L., Schütz, A., Dolling, I. K., Friedinger, K., Hösch, Y., Hügel, J. C., … Röseler, J. J. (2020, July 24). The Stepwise Anchoring Paradigm: Measuring Reliable Components of Anchoring and Adjustment as the Next Step in Moderator Research. https://doi.org/10.31234/osf.io/hjbwp","Röseler et al., 2020","https://osf.io/uac2t/","Weight of a wolf (kg)","weight",1,0,0,1,1,1,3,3,50,0,1
"418",21,1,30,75,279,75279,"Röseler, L., Schütz, A., Dolling, I. K., Friedinger, K., Hösch, Y., Hügel, J. C., … Röseler, J. J. (2020, July 24). The Stepwise Anchoring Paradigm: Measuring Reliable Components of Anchoring and Adjustment as the Next Step in Moderator Research. https://doi.org/10.31234/osf.io/hjbwp","Röseler et al., 2020","https://osf.io/uac2t/","Weight of a goat (kg)","weight",1,0,0,1,1,1,3,3,50,1,1
"419",21,1,61,36,279,75279,"Röseler, L., Schütz, A., Dolling, I. K., Friedinger, K., Hösch, Y., Hügel, J. C., … Röseler, J. J. (2020, July 24). The Stepwise Anchoring Paradigm: Measuring Reliable Components of Anchoring and Adjustment as the Next Step in Moderator Research. https://doi.org/10.31234/osf.io/hjbwp","Röseler et al., 2020","https://osf.io/uac2t/","Weight of a hyena (kg)","weight",1,0,0,1,1,1,3,3,60,0,1
"420",21,1,72,84,279,75279,"Röseler, L., Schütz, A., Dolling, I. K., Friedinger, K., Hösch, Y., Hügel, J. C., … Röseler, J. J. (2020, July 24). The Stepwise Anchoring Paradigm: Measuring Reliable Components of Anchoring and Adjustment as the Next Step in Moderator Research. https://doi.org/10.31234/osf.io/hjbwp","Röseler et al., 2020","https://osf.io/uac2t/","Weight of a warthog (kg)","weight",1,0,0,1,1,1,3,3,60,1,1
"421",21,1,4,8,289,75289,"Röseler, L., Schütz, A., Dolling, I. K., Friedinger, K., Hösch, Y., Hügel, J. C., … Röseler, J. J. (2020, July 24). The Stepwise Anchoring Paradigm: Measuring Reliable Components of Anchoring and Adjustment as the Next Step in Moderator Research. https://doi.org/10.31234/osf.io/hjbwp","Röseler et al., 2020","https://osf.io/uac2t/","Weight of a rabbit (kg)","weight",1,0,0,1,1,1,3,3,4.5,1,1
"422",21,1,6,1,289,75289,"Röseler, L., Schütz, A., Dolling, I. K., Friedinger, K., Hösch, Y., Hügel, J. C., … Röseler, J. J. (2020, July 24). The Stepwise Anchoring Paradigm: Measuring Reliable Components of Anchoring and Adjustment as the Next Step in Moderator Research. https://doi.org/10.31234/osf.io/hjbwp","Röseler et al., 2020","https://osf.io/uac2t/","Weight of a cat (kg)","weight",1,0,0,1,1,1,3,3,4.25,0,1
"423",21,1,10,14,289,75289,"Röseler, L., Schütz, A., Dolling, I. K., Friedinger, K., Hösch, Y., Hügel, J. C., … Röseler, J. J. (2020, July 24). The Stepwise Anchoring Paradigm: Measuring Reliable Components of Anchoring and Adjustment as the Next Step in Moderator Research. https://doi.org/10.31234/osf.io/hjbwp","Röseler et al., 2020","https://osf.io/uac2t/","Weight of a fox (kg)","weight",1,0,0,1,1,1,3,3,8,1,1
"424",21,1,14,2,289,75289,"Röseler, L., Schütz, A., Dolling, I. K., Friedinger, K., Hösch, Y., Hügel, J. C., … Röseler, J. J. (2020, July 24). The Stepwise Anchoring Paradigm: Measuring Reliable Components of Anchoring and Adjustment as the Next Step in Moderator Research. https://doi.org/10.31234/osf.io/hjbwp","Röseler et al., 2020","https://osf.io/uac2t/","Weight of a racoon (kg)","weight",1,0,0,1,1,1,3,3,8,0,1
"425",21,1,12,26,289,75289,"Röseler, L., Schütz, A., Dolling, I. K., Friedinger, K., Hösch, Y., Hügel, J. C., … Röseler, J. J. (2020, July 24). The Stepwise Anchoring Paradigm: Measuring Reliable Components of Anchoring and Adjustment as the Next Step in Moderator Research. https://doi.org/10.31234/osf.io/hjbwp","Röseler et al., 2020","https://osf.io/uac2t/","Weight of a badger (kg)","weight",1,0,0,1,1,1,3,3,15,1,1
"426",21,1,7,4,289,75289,"Röseler, L., Schütz, A., Dolling, I. K., Friedinger, K., Hösch, Y., Hügel, J. C., … Röseler, J. J. (2020, July 24). The Stepwise Anchoring Paradigm: Measuring Reliable Components of Anchoring and Adjustment as the Next Step in Moderator Research. https://doi.org/10.31234/osf.io/hjbwp","Röseler et al., 2020","https://osf.io/uac2t/","Weight of a pelican (kg)","weight",1,0,0,1,1,1,3,3,15,0,1
"427",21,1,15,40,289,75289,"Röseler, L., Schütz, A., Dolling, I. K., Friedinger, K., Hösch, Y., Hügel, J. C., … Röseler, J. J. (2020, July 24). The Stepwise Anchoring Paradigm: Measuring Reliable Components of Anchoring and Adjustment as the Next Step in Moderator Research. https://doi.org/10.31234/osf.io/hjbwp","Röseler et al., 2020","https://osf.io/uac2t/","Weight of a beaver (kg)","weight",1,0,0,1,1,1,3,3,25,1,1
"428",21,1,69,10,289,75289,"Röseler, L., Schütz, A., Dolling, I. K., Friedinger, K., Hösch, Y., Hügel, J. C., … Röseler, J. J. (2020, July 24). The Stepwise Anchoring Paradigm: Measuring Reliable Components of Anchoring and Adjustment as the Next Step in Moderator Research. https://doi.org/10.31234/osf.io/hjbwp","Röseler et al., 2020","https://osf.io/uac2t/","Weight of a deer (kg)","weight",1,0,0,1,1,1,3,3,25,0,1
"429",21,1,41,75,289,75289,"Röseler, L., Schütz, A., Dolling, I. K., Friedinger, K., Hösch, Y., Hügel, J. C., … Röseler, J. J. (2020, July 24). The Stepwise Anchoring Paradigm: Measuring Reliable Components of Anchoring and Adjustment as the Next Step in Moderator Research. https://doi.org/10.31234/osf.io/hjbwp","Röseler et al., 2020","https://osf.io/uac2t/","Weight of a wolf (kg)","weight",1,0,0,1,1,1,3,3,50,1,1
"430",21,1,57,25,289,75289,"Röseler, L., Schütz, A., Dolling, I. K., Friedinger, K., Hösch, Y., Hügel, J. C., … Röseler, J. J. (2020, July 24). The Stepwise Anchoring Paradigm: Measuring Reliable Components of Anchoring and Adjustment as the Next Step in Moderator Research. https://doi.org/10.31234/osf.io/hjbwp","Röseler et al., 2020","https://osf.io/uac2t/","Weight of a goat (kg)","weight",1,0,0,1,1,1,3,3,50,0,1
"431",21,1,49,84,289,75289,"Röseler, L., Schütz, A., Dolling, I. K., Friedinger, K., Hösch, Y., Hügel, J. C., … Röseler, J. J. (2020, July 24). The Stepwise Anchoring Paradigm: Measuring Reliable Components of Anchoring and Adjustment as the Next Step in Moderator Research. https://doi.org/10.31234/osf.io/hjbwp","Röseler et al., 2020","https://osf.io/uac2t/","Weight of a hyena (kg)","weight",1,0,0,1,1,1,3,3,60,1,1
"432",21,1,56,36,289,75289,"Röseler, L., Schütz, A., Dolling, I. K., Friedinger, K., Hösch, Y., Hügel, J. C., … Röseler, J. J. (2020, July 24). The Stepwise Anchoring Paradigm: Measuring Reliable Components of Anchoring and Adjustment as the Next Step in Moderator Research. https://doi.org/10.31234/osf.io/hjbwp","Röseler et al., 2020","https://osf.io/uac2t/","Weight of a warthog (kg)","weight",1,0,0,1,1,1,3,3,60,0,1
"433",19,2,10,1,300,75300,"Röseler, L., Schütz, A., Dolling, I. K., Friedinger, K., Hösch, Y., Hügel, J. C., … Röseler, J. J. (2020, July 24). The Stepwise Anchoring Paradigm: Measuring Reliable Components of Anchoring and Adjustment as the Next Step in Moderator Research. https://doi.org/10.31234/osf.io/hjbwp","Röseler et al., 2020","https://osf.io/uac2t/","Weight of a rabbit (kg)","weight",1,0,0,1,1,1,3,3,4.5,0,1
"434",19,2,NA,8,300,75300,"Röseler, L., Schütz, A., Dolling, I. K., Friedinger, K., Hösch, Y., Hügel, J. C., … Röseler, J. J. (2020, July 24). The Stepwise Anchoring Paradigm: Measuring Reliable Components of Anchoring and Adjustment as the Next Step in Moderator Research. https://doi.org/10.31234/osf.io/hjbwp","Röseler et al., 2020","https://osf.io/uac2t/","Weight of a cat (kg)","weight",1,0,0,1,1,1,3,3,4.25,1,1
"435",19,2,15,2,300,75300,"Röseler, L., Schütz, A., Dolling, I. K., Friedinger, K., Hösch, Y., Hügel, J. C., … Röseler, J. J. (2020, July 24). The Stepwise Anchoring Paradigm: Measuring Reliable Components of Anchoring and Adjustment as the Next Step in Moderator Research. https://doi.org/10.31234/osf.io/hjbwp","Röseler et al., 2020","https://osf.io/uac2t/","Weight of a fox (kg)","weight",1,0,0,1,1,1,3,3,8,0,1
"436",19,2,14,14,300,75300,"Röseler, L., Schütz, A., Dolling, I. K., Friedinger, K., Hösch, Y., Hügel, J. C., … Röseler, J. J. (2020, July 24). The Stepwise Anchoring Paradigm: Measuring Reliable Components of Anchoring and Adjustment as the Next Step in Moderator Research. https://doi.org/10.31234/osf.io/hjbwp","Röseler et al., 2020","https://osf.io/uac2t/","Weight of a racoon (kg)","weight",1,0,0,1,1,1,3,3,8,1,1
"437",19,2,7,4,300,75300,"Röseler, L., Schütz, A., Dolling, I. K., Friedinger, K., Hösch, Y., Hügel, J. C., … Röseler, J. J. (2020, July 24). The Stepwise Anchoring Paradigm: Measuring Reliable Components of Anchoring and Adjustment as the Next Step in Moderator Research. https://doi.org/10.31234/osf.io/hjbwp","Röseler et al., 2020","https://osf.io/uac2t/","Weight of a badger (kg)","weight",1,0,0,1,1,1,3,3,15,0,1
"438",19,2,18,26,300,75300,"Röseler, L., Schütz, A., Dolling, I. K., Friedinger, K., Hösch, Y., Hügel, J. C., … Röseler, J. J. (2020, July 24). The Stepwise Anchoring Paradigm: Measuring Reliable Components of Anchoring and Adjustment as the Next Step in Moderator Research. https://doi.org/10.31234/osf.io/hjbwp","Röseler et al., 2020","https://osf.io/uac2t/","Weight of a pelican (kg)","weight",1,0,0,1,1,1,3,3,15,1,1
"439",19,2,13,10,300,75300,"Röseler, L., Schütz, A., Dolling, I. K., Friedinger, K., Hösch, Y., Hügel, J. C., … Röseler, J. J. (2020, July 24). The Stepwise Anchoring Paradigm: Measuring Reliable Components of Anchoring and Adjustment as the Next Step in Moderator Research. https://doi.org/10.31234/osf.io/hjbwp","Röseler et al., 2020","https://osf.io/uac2t/","Weight of a beaver (kg)","weight",1,0,0,1,1,1,3,3,25,0,1
"440",19,2,36,40,300,75300,"Röseler, L., Schütz, A., Dolling, I. K., Friedinger, K., Hösch, Y., Hügel, J. C., … Röseler, J. J. (2020, July 24). The Stepwise Anchoring Paradigm: Measuring Reliable Components of Anchoring and Adjustment as the Next Step in Moderator Research. https://doi.org/10.31234/osf.io/hjbwp","Röseler et al., 2020","https://osf.io/uac2t/","Weight of a deer (kg)","weight",1,0,0,1,1,1,3,3,25,1,1
"441",19,2,65,25,300,75300,"Röseler, L., Schütz, A., Dolling, I. K., Friedinger, K., Hösch, Y., Hügel, J. C., … Röseler, J. J. (2020, July 24). The Stepwise Anchoring Paradigm: Measuring Reliable Components of Anchoring and Adjustment as the Next Step in Moderator Research. https://doi.org/10.31234/osf.io/hjbwp","Röseler et al., 2020","https://osf.io/uac2t/","Weight of a wolf (kg)","weight",1,0,0,1,1,1,3,3,50,0,1
"442",19,2,53,75,300,75300,"Röseler, L., Schütz, A., Dolling, I. K., Friedinger, K., Hösch, Y., Hügel, J. C., … Röseler, J. J. (2020, July 24). The Stepwise Anchoring Paradigm: Measuring Reliable Components of Anchoring and Adjustment as the Next Step in Moderator Research. https://doi.org/10.31234/osf.io/hjbwp","Röseler et al., 2020","https://osf.io/uac2t/","Weight of a goat (kg)","weight",1,0,0,1,1,1,3,3,50,1,1
"443",19,2,48,36,300,75300,"Röseler, L., Schütz, A., Dolling, I. K., Friedinger, K., Hösch, Y., Hügel, J. C., … Röseler, J. J. (2020, July 24). The Stepwise Anchoring Paradigm: Measuring Reliable Components of Anchoring and Adjustment as the Next Step in Moderator Research. https://doi.org/10.31234/osf.io/hjbwp","Röseler et al., 2020","https://osf.io/uac2t/","Weight of a hyena (kg)","weight",1,0,0,1,1,1,3,3,60,0,1
"444",19,2,65,84,300,75300,"Röseler, L., Schütz, A., Dolling, I. K., Friedinger, K., Hösch, Y., Hügel, J. C., … Röseler, J. J. (2020, July 24). The Stepwise Anchoring Paradigm: Measuring Reliable Components of Anchoring and Adjustment as the Next Step in Moderator Research. https://doi.org/10.31234/osf.io/hjbwp","Röseler et al., 2020","https://osf.io/uac2t/","Weight of a warthog (kg)","weight",1,0,0,1,1,1,3,3,60,1,1
"445",20,2,10,8,301,75301,"Röseler, L., Schütz, A., Dolling, I. K., Friedinger, K., Hösch, Y., Hügel, J. C., … Röseler, J. J. (2020, July 24). The Stepwise Anchoring Paradigm: Measuring Reliable Components of Anchoring and Adjustment as the Next Step in Moderator Research. https://doi.org/10.31234/osf.io/hjbwp","Röseler et al., 2020","https://osf.io/uac2t/","Weight of a rabbit (kg)","weight",1,0,0,1,1,1,3,3,4.5,1,1
"446",20,2,10,1,301,75301,"Röseler, L., Schütz, A., Dolling, I. K., Friedinger, K., Hösch, Y., Hügel, J. C., … Röseler, J. J. (2020, July 24). The Stepwise Anchoring Paradigm: Measuring Reliable Components of Anchoring and Adjustment as the Next Step in Moderator Research. https://doi.org/10.31234/osf.io/hjbwp","Röseler et al., 2020","https://osf.io/uac2t/","Weight of a cat (kg)","weight",1,0,0,1,1,1,3,3,4.25,0,1
"447",20,2,13,14,301,75301,"Röseler, L., Schütz, A., Dolling, I. K., Friedinger, K., Hösch, Y., Hügel, J. C., … Röseler, J. J. (2020, July 24). The Stepwise Anchoring Paradigm: Measuring Reliable Components of Anchoring and Adjustment as the Next Step in Moderator Research. https://doi.org/10.31234/osf.io/hjbwp","Röseler et al., 2020","https://osf.io/uac2t/","Weight of a fox (kg)","weight",1,0,0,1,1,1,3,3,8,1,1
"448",20,2,15,2,301,75301,"Röseler, L., Schütz, A., Dolling, I. K., Friedinger, K., Hösch, Y., Hügel, J. C., … Röseler, J. J. (2020, July 24). The Stepwise Anchoring Paradigm: Measuring Reliable Components of Anchoring and Adjustment as the Next Step in Moderator Research. https://doi.org/10.31234/osf.io/hjbwp","Röseler et al., 2020","https://osf.io/uac2t/","Weight of a racoon (kg)","weight",1,0,0,1,1,1,3,3,8,0,1
"449",20,2,21,26,301,75301,"Röseler, L., Schütz, A., Dolling, I. K., Friedinger, K., Hösch, Y., Hügel, J. C., … Röseler, J. J. (2020, July 24). The Stepwise Anchoring Paradigm: Measuring Reliable Components of Anchoring and Adjustment as the Next Step in Moderator Research. https://doi.org/10.31234/osf.io/hjbwp","Röseler et al., 2020","https://osf.io/uac2t/","Weight of a badger (kg)","weight",1,0,0,1,1,1,3,3,15,1,1
"450",20,2,10,4,301,75301,"Röseler, L., Schütz, A., Dolling, I. K., Friedinger, K., Hösch, Y., Hügel, J. C., … Röseler, J. J. (2020, July 24). The Stepwise Anchoring Paradigm: Measuring Reliable Components of Anchoring and Adjustment as the Next Step in Moderator Research. https://doi.org/10.31234/osf.io/hjbwp","Röseler et al., 2020","https://osf.io/uac2t/","Weight of a pelican (kg)","weight",1,0,0,1,1,1,3,3,15,0,1
"451",20,2,13,40,301,75301,"Röseler, L., Schütz, A., Dolling, I. K., Friedinger, K., Hösch, Y., Hügel, J. C., … Röseler, J. J. (2020, July 24). The Stepwise Anchoring Paradigm: Measuring Reliable Components of Anchoring and Adjustment as the Next Step in Moderator Research. https://doi.org/10.31234/osf.io/hjbwp","Röseler et al., 2020","https://osf.io/uac2t/","Weight of a beaver (kg)","weight",1,0,0,1,1,1,3,3,25,1,1
"452",20,2,26,10,301,75301,"Röseler, L., Schütz, A., Dolling, I. K., Friedinger, K., Hösch, Y., Hügel, J. C., … Röseler, J. J. (2020, July 24). The Stepwise Anchoring Paradigm: Measuring Reliable Components of Anchoring and Adjustment as the Next Step in Moderator Research. https://doi.org/10.31234/osf.io/hjbwp","Röseler et al., 2020","https://osf.io/uac2t/","Weight of a deer (kg)","weight",1,0,0,1,1,1,3,3,25,0,1
"453",20,2,65,75,301,75301,"Röseler, L., Schütz, A., Dolling, I. K., Friedinger, K., Hösch, Y., Hügel, J. C., … Röseler, J. J. (2020, July 24). The Stepwise Anchoring Paradigm: Measuring Reliable Components of Anchoring and Adjustment as the Next Step in Moderator Research. https://doi.org/10.31234/osf.io/hjbwp","Röseler et al., 2020","https://osf.io/uac2t/","Weight of a wolf (kg)","weight",1,0,0,1,1,1,3,3,50,1,1
"454",20,2,28,25,301,75301,"Röseler, L., Schütz, A., Dolling, I. K., Friedinger, K., Hösch, Y., Hügel, J. C., … Röseler, J. J. (2020, July 24). The Stepwise Anchoring Paradigm: Measuring Reliable Components of Anchoring and Adjustment as the Next Step in Moderator Research. https://doi.org/10.31234/osf.io/hjbwp","Röseler et al., 2020","https://osf.io/uac2t/","Weight of a goat (kg)","weight",1,0,0,1,1,1,3,3,50,0,1
"455",20,2,58,84,301,75301,"Röseler, L., Schütz, A., Dolling, I. K., Friedinger, K., Hösch, Y., Hügel, J. C., … Röseler, J. J. (2020, July 24). The Stepwise Anchoring Paradigm: Measuring Reliable Components of Anchoring and Adjustment as the Next Step in Moderator Research. https://doi.org/10.31234/osf.io/hjbwp","Röseler et al., 2020","https://osf.io/uac2t/","Weight of a hyena (kg)","weight",1,0,0,1,1,1,3,3,60,1,1
"456",20,2,40,36,301,75301,"Röseler, L., Schütz, A., Dolling, I. K., Friedinger, K., Hösch, Y., Hügel, J. C., … Röseler, J. J. (2020, July 24). The Stepwise Anchoring Paradigm: Measuring Reliable Components of Anchoring and Adjustment as the Next Step in Moderator Research. https://doi.org/10.31234/osf.io/hjbwp","Röseler et al., 2020","https://osf.io/uac2t/","Weight of a warthog (kg)","weight",1,0,0,1,1,1,3,3,60,0,1
"457",21,2,6,8,303,75303,"Röseler, L., Schütz, A., Dolling, I. K., Friedinger, K., Hösch, Y., Hügel, J. C., … Röseler, J. J. (2020, July 24). The Stepwise Anchoring Paradigm: Measuring Reliable Components of Anchoring and Adjustment as the Next Step in Moderator Research. https://doi.org/10.31234/osf.io/hjbwp","Röseler et al., 2020","https://osf.io/uac2t/","Weight of a rabbit (kg)","weight",1,0,0,1,1,1,3,3,4.5,1,1
"458",21,2,5,1,303,75303,"Röseler, L., Schütz, A., Dolling, I. K., Friedinger, K., Hösch, Y., Hügel, J. C., … Röseler, J. J. (2020, July 24). The Stepwise Anchoring Paradigm: Measuring Reliable Components of Anchoring and Adjustment as the Next Step in Moderator Research. https://doi.org/10.31234/osf.io/hjbwp","Röseler et al., 2020","https://osf.io/uac2t/","Weight of a cat (kg)","weight",1,0,0,1,1,1,3,3,4.25,0,1
"459",21,2,10,14,303,75303,"Röseler, L., Schütz, A., Dolling, I. K., Friedinger, K., Hösch, Y., Hügel, J. C., … Röseler, J. J. (2020, July 24). The Stepwise Anchoring Paradigm: Measuring Reliable Components of Anchoring and Adjustment as the Next Step in Moderator Research. https://doi.org/10.31234/osf.io/hjbwp","Röseler et al., 2020","https://osf.io/uac2t/","Weight of a fox (kg)","weight",1,0,0,1,1,1,3,3,8,1,1
"460",21,2,6,2,303,75303,"Röseler, L., Schütz, A., Dolling, I. K., Friedinger, K., Hösch, Y., Hügel, J. C., … Röseler, J. J. (2020, July 24). The Stepwise Anchoring Paradigm: Measuring Reliable Components of Anchoring and Adjustment as the Next Step in Moderator Research. https://doi.org/10.31234/osf.io/hjbwp","Röseler et al., 2020","https://osf.io/uac2t/","Weight of a racoon (kg)","weight",1,0,0,1,1,1,3,3,8,0,1
"461",21,2,11,26,303,75303,"Röseler, L., Schütz, A., Dolling, I. K., Friedinger, K., Hösch, Y., Hügel, J. C., … Röseler, J. J. (2020, July 24). The Stepwise Anchoring Paradigm: Measuring Reliable Components of Anchoring and Adjustment as the Next Step in Moderator Research. https://doi.org/10.31234/osf.io/hjbwp","Röseler et al., 2020","https://osf.io/uac2t/","Weight of a badger (kg)","weight",1,0,0,1,1,1,3,3,15,1,1
"462",21,2,NA,4,303,75303,"Röseler, L., Schütz, A., Dolling, I. K., Friedinger, K., Hösch, Y., Hügel, J. C., … Röseler, J. J. (2020, July 24). The Stepwise Anchoring Paradigm: Measuring Reliable Components of Anchoring and Adjustment as the Next Step in Moderator Research. https://doi.org/10.31234/osf.io/hjbwp","Röseler et al., 2020","https://osf.io/uac2t/","Weight of a pelican (kg)","weight",1,0,0,1,1,1,3,3,15,0,1
"463",21,2,30,40,303,75303,"Röseler, L., Schütz, A., Dolling, I. K., Friedinger, K., Hösch, Y., Hügel, J. C., … Röseler, J. J. (2020, July 24). The Stepwise Anchoring Paradigm: Measuring Reliable Components of Anchoring and Adjustment as the Next Step in Moderator Research. https://doi.org/10.31234/osf.io/hjbwp","Röseler et al., 2020","https://osf.io/uac2t/","Weight of a beaver (kg)","weight",1,0,0,1,1,1,3,3,25,1,1
"464",21,2,16,10,303,75303,"Röseler, L., Schütz, A., Dolling, I. K., Friedinger, K., Hösch, Y., Hügel, J. C., … Röseler, J. J. (2020, July 24). The Stepwise Anchoring Paradigm: Measuring Reliable Components of Anchoring and Adjustment as the Next Step in Moderator Research. https://doi.org/10.31234/osf.io/hjbwp","Röseler et al., 2020","https://osf.io/uac2t/","Weight of a deer (kg)","weight",1,0,0,1,1,1,3,3,25,0,1
"465",21,2,50,75,303,75303,"Röseler, L., Schütz, A., Dolling, I. K., Friedinger, K., Hösch, Y., Hügel, J. C., … Röseler, J. J. (2020, July 24). The Stepwise Anchoring Paradigm: Measuring Reliable Components of Anchoring and Adjustment as the Next Step in Moderator Research. https://doi.org/10.31234/osf.io/hjbwp","Röseler et al., 2020","https://osf.io/uac2t/","Weight of a wolf (kg)","weight",1,0,0,1,1,1,3,3,50,1,1
"466",21,2,36,25,303,75303,"Röseler, L., Schütz, A., Dolling, I. K., Friedinger, K., Hösch, Y., Hügel, J. C., … Röseler, J. J. (2020, July 24). The Stepwise Anchoring Paradigm: Measuring Reliable Components of Anchoring and Adjustment as the Next Step in Moderator Research. https://doi.org/10.31234/osf.io/hjbwp","Röseler et al., 2020","https://osf.io/uac2t/","Weight of a goat (kg)","weight",1,0,0,1,1,1,3,3,50,0,1
"467",21,2,62,84,303,75303,"Röseler, L., Schütz, A., Dolling, I. K., Friedinger, K., Hösch, Y., Hügel, J. C., … Röseler, J. J. (2020, July 24). The Stepwise Anchoring Paradigm: Measuring Reliable Components of Anchoring and Adjustment as the Next Step in Moderator Research. https://doi.org/10.31234/osf.io/hjbwp","Röseler et al., 2020","https://osf.io/uac2t/","Weight of a hyena (kg)","weight",1,0,0,1,1,1,3,3,60,1,1
"468",21,2,47,36,303,75303,"Röseler, L., Schütz, A., Dolling, I. K., Friedinger, K., Hösch, Y., Hügel, J. C., … Röseler, J. J. (2020, July 24). The Stepwise Anchoring Paradigm: Measuring Reliable Components of Anchoring and Adjustment as the Next Step in Moderator Research. https://doi.org/10.31234/osf.io/hjbwp","Röseler et al., 2020","https://osf.io/uac2t/","Weight of a warthog (kg)","weight",1,0,0,1,1,1,3,3,60,0,1
"469",22,2,3,1,307,75307,"Röseler, L., Schütz, A., Dolling, I. K., Friedinger, K., Hösch, Y., Hügel, J. C., … Röseler, J. J. (2020, July 24). The Stepwise Anchoring Paradigm: Measuring Reliable Components of Anchoring and Adjustment as the Next Step in Moderator Research. https://doi.org/10.31234/osf.io/hjbwp","Röseler et al., 2020","https://osf.io/uac2t/","Weight of a rabbit (kg)","weight",1,0,0,1,1,1,3,3,4.5,0,1
"470",22,2,4,8,307,75307,"Röseler, L., Schütz, A., Dolling, I. K., Friedinger, K., Hösch, Y., Hügel, J. C., … Röseler, J. J. (2020, July 24). The Stepwise Anchoring Paradigm: Measuring Reliable Components of Anchoring and Adjustment as the Next Step in Moderator Research. https://doi.org/10.31234/osf.io/hjbwp","Röseler et al., 2020","https://osf.io/uac2t/","Weight of a cat (kg)","weight",1,0,0,1,1,1,3,3,4.25,1,1
"471",22,2,12,2,307,75307,"Röseler, L., Schütz, A., Dolling, I. K., Friedinger, K., Hösch, Y., Hügel, J. C., … Röseler, J. J. (2020, July 24). The Stepwise Anchoring Paradigm: Measuring Reliable Components of Anchoring and Adjustment as the Next Step in Moderator Research. https://doi.org/10.31234/osf.io/hjbwp","Röseler et al., 2020","https://osf.io/uac2t/","Weight of a fox (kg)","weight",1,0,0,1,1,1,3,3,8,0,1
"472",22,2,14,14,307,75307,"Röseler, L., Schütz, A., Dolling, I. K., Friedinger, K., Hösch, Y., Hügel, J. C., … Röseler, J. J. (2020, July 24). The Stepwise Anchoring Paradigm: Measuring Reliable Components of Anchoring and Adjustment as the Next Step in Moderator Research. https://doi.org/10.31234/osf.io/hjbwp","Röseler et al., 2020","https://osf.io/uac2t/","Weight of a racoon (kg)","weight",1,0,0,1,1,1,3,3,8,1,1
"473",22,2,40,4,307,75307,"Röseler, L., Schütz, A., Dolling, I. K., Friedinger, K., Hösch, Y., Hügel, J. C., … Röseler, J. J. (2020, July 24). The Stepwise Anchoring Paradigm: Measuring Reliable Components of Anchoring and Adjustment as the Next Step in Moderator Research. https://doi.org/10.31234/osf.io/hjbwp","Röseler et al., 2020","https://osf.io/uac2t/","Weight of a badger (kg)","weight",1,0,0,1,1,1,3,3,15,0,1
"474",22,2,15,26,307,75307,"Röseler, L., Schütz, A., Dolling, I. K., Friedinger, K., Hösch, Y., Hügel, J. C., … Röseler, J. J. (2020, July 24). The Stepwise Anchoring Paradigm: Measuring Reliable Components of Anchoring and Adjustment as the Next Step in Moderator Research. https://doi.org/10.31234/osf.io/hjbwp","Röseler et al., 2020","https://osf.io/uac2t/","Weight of a pelican (kg)","weight",1,0,0,1,1,1,3,3,15,1,1
"475",22,2,25,10,307,75307,"Röseler, L., Schütz, A., Dolling, I. K., Friedinger, K., Hösch, Y., Hügel, J. C., … Röseler, J. J. (2020, July 24). The Stepwise Anchoring Paradigm: Measuring Reliable Components of Anchoring and Adjustment as the Next Step in Moderator Research. https://doi.org/10.31234/osf.io/hjbwp","Röseler et al., 2020","https://osf.io/uac2t/","Weight of a beaver (kg)","weight",1,0,0,1,1,1,3,3,25,0,1
"476",22,2,30,40,307,75307,"Röseler, L., Schütz, A., Dolling, I. K., Friedinger, K., Hösch, Y., Hügel, J. C., … Röseler, J. J. (2020, July 24). The Stepwise Anchoring Paradigm: Measuring Reliable Components of Anchoring and Adjustment as the Next Step in Moderator Research. https://doi.org/10.31234/osf.io/hjbwp","Röseler et al., 2020","https://osf.io/uac2t/","Weight of a deer (kg)","weight",1,0,0,1,1,1,3,3,25,1,1
"477",22,2,65,25,307,75307,"Röseler, L., Schütz, A., Dolling, I. K., Friedinger, K., Hösch, Y., Hügel, J. C., … Röseler, J. J. (2020, July 24). The Stepwise Anchoring Paradigm: Measuring Reliable Components of Anchoring and Adjustment as the Next Step in Moderator Research. https://doi.org/10.31234/osf.io/hjbwp","Röseler et al., 2020","https://osf.io/uac2t/","Weight of a wolf (kg)","weight",1,0,0,1,1,1,3,3,50,0,1
"478",22,2,50,75,307,75307,"Röseler, L., Schütz, A., Dolling, I. K., Friedinger, K., Hösch, Y., Hügel, J. C., … Röseler, J. J. (2020, July 24). The Stepwise Anchoring Paradigm: Measuring Reliable Components of Anchoring and Adjustment as the Next Step in Moderator Research. https://doi.org/10.31234/osf.io/hjbwp","Röseler et al., 2020","https://osf.io/uac2t/","Weight of a goat (kg)","weight",1,0,0,1,1,1,3,3,50,1,1
"479",22,2,50,36,307,75307,"Röseler, L., Schütz, A., Dolling, I. K., Friedinger, K., Hösch, Y., Hügel, J. C., … Röseler, J. J. (2020, July 24). The Stepwise Anchoring Paradigm: Measuring Reliable Components of Anchoring and Adjustment as the Next Step in Moderator Research. https://doi.org/10.31234/osf.io/hjbwp","Röseler et al., 2020","https://osf.io/uac2t/","Weight of a hyena (kg)","weight",1,0,0,1,1,1,3,3,60,0,1
"480",22,2,65,84,307,75307,"Röseler, L., Schütz, A., Dolling, I. K., Friedinger, K., Hösch, Y., Hügel, J. C., … Röseler, J. J. (2020, July 24). The Stepwise Anchoring Paradigm: Measuring Reliable Components of Anchoring and Adjustment as the Next Step in Moderator Research. https://doi.org/10.31234/osf.io/hjbwp","Röseler et al., 2020","https://osf.io/uac2t/","Weight of a warthog (kg)","weight",1,0,0,1,1,1,3,3,60,1,1
"481",21,2,19,1,310,75310,"Röseler, L., Schütz, A., Dolling, I. K., Friedinger, K., Hösch, Y., Hügel, J. C., … Röseler, J. J. (2020, July 24). The Stepwise Anchoring Paradigm: Measuring Reliable Components of Anchoring and Adjustment as the Next Step in Moderator Research. https://doi.org/10.31234/osf.io/hjbwp","Röseler et al., 2020","https://osf.io/uac2t/","Weight of a rabbit (kg)","weight",1,0,0,1,1,1,3,3,4.5,0,1
"482",21,2,4,8,310,75310,"Röseler, L., Schütz, A., Dolling, I. K., Friedinger, K., Hösch, Y., Hügel, J. C., … Röseler, J. J. (2020, July 24). The Stepwise Anchoring Paradigm: Measuring Reliable Components of Anchoring and Adjustment as the Next Step in Moderator Research. https://doi.org/10.31234/osf.io/hjbwp","Röseler et al., 2020","https://osf.io/uac2t/","Weight of a cat (kg)","weight",1,0,0,1,1,1,3,3,4.25,1,1
"483",21,2,19,2,310,75310,"Röseler, L., Schütz, A., Dolling, I. K., Friedinger, K., Hösch, Y., Hügel, J. C., … Röseler, J. J. (2020, July 24). The Stepwise Anchoring Paradigm: Measuring Reliable Components of Anchoring and Adjustment as the Next Step in Moderator Research. https://doi.org/10.31234/osf.io/hjbwp","Röseler et al., 2020","https://osf.io/uac2t/","Weight of a fox (kg)","weight",1,0,0,1,1,1,3,3,8,0,1
"484",21,2,17,14,310,75310,"Röseler, L., Schütz, A., Dolling, I. K., Friedinger, K., Hösch, Y., Hügel, J. C., … Röseler, J. J. (2020, July 24). The Stepwise Anchoring Paradigm: Measuring Reliable Components of Anchoring and Adjustment as the Next Step in Moderator Research. https://doi.org/10.31234/osf.io/hjbwp","Röseler et al., 2020","https://osf.io/uac2t/","Weight of a racoon (kg)","weight",1,0,0,1,1,1,3,3,8,1,1
"485",21,2,20,4,310,75310,"Röseler, L., Schütz, A., Dolling, I. K., Friedinger, K., Hösch, Y., Hügel, J. C., … Röseler, J. J. (2020, July 24). The Stepwise Anchoring Paradigm: Measuring Reliable Components of Anchoring and Adjustment as the Next Step in Moderator Research. https://doi.org/10.31234/osf.io/hjbwp","Röseler et al., 2020","https://osf.io/uac2t/","Weight of a badger (kg)","weight",1,0,0,1,1,1,3,3,15,0,1
"486",21,2,29,26,310,75310,"Röseler, L., Schütz, A., Dolling, I. K., Friedinger, K., Hösch, Y., Hügel, J. C., … Röseler, J. J. (2020, July 24). The Stepwise Anchoring Paradigm: Measuring Reliable Components of Anchoring and Adjustment as the Next Step in Moderator Research. https://doi.org/10.31234/osf.io/hjbwp","Röseler et al., 2020","https://osf.io/uac2t/","Weight of a pelican (kg)","weight",1,0,0,1,1,1,3,3,15,1,1
"487",21,2,19,10,310,75310,"Röseler, L., Schütz, A., Dolling, I. K., Friedinger, K., Hösch, Y., Hügel, J. C., … Röseler, J. J. (2020, July 24). The Stepwise Anchoring Paradigm: Measuring Reliable Components of Anchoring and Adjustment as the Next Step in Moderator Research. https://doi.org/10.31234/osf.io/hjbwp","Röseler et al., 2020","https://osf.io/uac2t/","Weight of a beaver (kg)","weight",1,0,0,1,1,1,3,3,25,0,1
"488",21,2,25,40,310,75310,"Röseler, L., Schütz, A., Dolling, I. K., Friedinger, K., Hösch, Y., Hügel, J. C., … Röseler, J. J. (2020, July 24). The Stepwise Anchoring Paradigm: Measuring Reliable Components of Anchoring and Adjustment as the Next Step in Moderator Research. https://doi.org/10.31234/osf.io/hjbwp","Röseler et al., 2020","https://osf.io/uac2t/","Weight of a deer (kg)","weight",1,0,0,1,1,1,3,3,25,1,1
"489",21,2,32,25,310,75310,"Röseler, L., Schütz, A., Dolling, I. K., Friedinger, K., Hösch, Y., Hügel, J. C., … Röseler, J. J. (2020, July 24). The Stepwise Anchoring Paradigm: Measuring Reliable Components of Anchoring and Adjustment as the Next Step in Moderator Research. https://doi.org/10.31234/osf.io/hjbwp","Röseler et al., 2020","https://osf.io/uac2t/","Weight of a wolf (kg)","weight",1,0,0,1,1,1,3,3,50,0,1
"490",21,2,19,75,310,75310,"Röseler, L., Schütz, A., Dolling, I. K., Friedinger, K., Hösch, Y., Hügel, J. C., … Röseler, J. J. (2020, July 24). The Stepwise Anchoring Paradigm: Measuring Reliable Components of Anchoring and Adjustment as the Next Step in Moderator Research. https://doi.org/10.31234/osf.io/hjbwp","Röseler et al., 2020","https://osf.io/uac2t/","Weight of a goat (kg)","weight",1,0,0,1,1,1,3,3,50,1,1
"491",21,2,45,36,310,75310,"Röseler, L., Schütz, A., Dolling, I. K., Friedinger, K., Hösch, Y., Hügel, J. C., … Röseler, J. J. (2020, July 24). The Stepwise Anchoring Paradigm: Measuring Reliable Components of Anchoring and Adjustment as the Next Step in Moderator Research. https://doi.org/10.31234/osf.io/hjbwp","Röseler et al., 2020","https://osf.io/uac2t/","Weight of a hyena (kg)","weight",1,0,0,1,1,1,3,3,60,0,1
"492",21,2,37,84,310,75310,"Röseler, L., Schütz, A., Dolling, I. K., Friedinger, K., Hösch, Y., Hügel, J. C., … Röseler, J. J. (2020, July 24). The Stepwise Anchoring Paradigm: Measuring Reliable Components of Anchoring and Adjustment as the Next Step in Moderator Research. https://doi.org/10.31234/osf.io/hjbwp","Röseler et al., 2020","https://osf.io/uac2t/","Weight of a warthog (kg)","weight",1,0,0,1,1,1,3,3,60,1,1
"493",49,1,4,1,313,75313,"Röseler, L., Schütz, A., Dolling, I. K., Friedinger, K., Hösch, Y., Hügel, J. C., … Röseler, J. J. (2020, July 24). The Stepwise Anchoring Paradigm: Measuring Reliable Components of Anchoring and Adjustment as the Next Step in Moderator Research. https://doi.org/10.31234/osf.io/hjbwp","Röseler et al., 2020","https://osf.io/uac2t/","Weight of a rabbit (kg)","weight",1,0,0,1,1,1,3,3,4.5,0,1
"494",49,1,5,8,313,75313,"Röseler, L., Schütz, A., Dolling, I. K., Friedinger, K., Hösch, Y., Hügel, J. C., … Röseler, J. J. (2020, July 24). The Stepwise Anchoring Paradigm: Measuring Reliable Components of Anchoring and Adjustment as the Next Step in Moderator Research. https://doi.org/10.31234/osf.io/hjbwp","Röseler et al., 2020","https://osf.io/uac2t/","Weight of a cat (kg)","weight",1,0,0,1,1,1,3,3,4.25,1,1
"495",49,1,7,2,313,75313,"Röseler, L., Schütz, A., Dolling, I. K., Friedinger, K., Hösch, Y., Hügel, J. C., … Röseler, J. J. (2020, July 24). The Stepwise Anchoring Paradigm: Measuring Reliable Components of Anchoring and Adjustment as the Next Step in Moderator Research. https://doi.org/10.31234/osf.io/hjbwp","Röseler et al., 2020","https://osf.io/uac2t/","Weight of a fox (kg)","weight",1,0,0,1,1,1,3,3,8,0,1
"496",49,1,18,14,313,75313,"Röseler, L., Schütz, A., Dolling, I. K., Friedinger, K., Hösch, Y., Hügel, J. C., … Röseler, J. J. (2020, July 24). The Stepwise Anchoring Paradigm: Measuring Reliable Components of Anchoring and Adjustment as the Next Step in Moderator Research. https://doi.org/10.31234/osf.io/hjbwp","Röseler et al., 2020","https://osf.io/uac2t/","Weight of a racoon (kg)","weight",1,0,0,1,1,1,3,3,8,1,1
"497",49,1,12,4,313,75313,"Röseler, L., Schütz, A., Dolling, I. K., Friedinger, K., Hösch, Y., Hügel, J. C., … Röseler, J. J. (2020, July 24). The Stepwise Anchoring Paradigm: Measuring Reliable Components of Anchoring and Adjustment as the Next Step in Moderator Research. https://doi.org/10.31234/osf.io/hjbwp","Röseler et al., 2020","https://osf.io/uac2t/","Weight of a badger (kg)","weight",1,0,0,1,1,1,3,3,15,0,1
"498",49,1,16,26,313,75313,"Röseler, L., Schütz, A., Dolling, I. K., Friedinger, K., Hösch, Y., Hügel, J. C., … Röseler, J. J. (2020, July 24). The Stepwise Anchoring Paradigm: Measuring Reliable Components of Anchoring and Adjustment as the Next Step in Moderator Research. https://doi.org/10.31234/osf.io/hjbwp","Röseler et al., 2020","https://osf.io/uac2t/","Weight of a pelican (kg)","weight",1,0,0,1,1,1,3,3,15,1,1
"499",49,1,25,10,313,75313,"Röseler, L., Schütz, A., Dolling, I. K., Friedinger, K., Hösch, Y., Hügel, J. C., … Röseler, J. J. (2020, July 24). The Stepwise Anchoring Paradigm: Measuring Reliable Components of Anchoring and Adjustment as the Next Step in Moderator Research. https://doi.org/10.31234/osf.io/hjbwp","Röseler et al., 2020","https://osf.io/uac2t/","Weight of a beaver (kg)","weight",1,0,0,1,1,1,3,3,25,0,1
"500",49,1,36,40,313,75313,"Röseler, L., Schütz, A., Dolling, I. K., Friedinger, K., Hösch, Y., Hügel, J. C., … Röseler, J. J. (2020, July 24). The Stepwise Anchoring Paradigm: Measuring Reliable Components of Anchoring and Adjustment as the Next Step in Moderator Research. https://doi.org/10.31234/osf.io/hjbwp","Röseler et al., 2020","https://osf.io/uac2t/","Weight of a deer (kg)","weight",1,0,0,1,1,1,3,3,25,1,1
"501",49,1,43,25,313,75313,"Röseler, L., Schütz, A., Dolling, I. K., Friedinger, K., Hösch, Y., Hügel, J. C., … Röseler, J. J. (2020, July 24). The Stepwise Anchoring Paradigm: Measuring Reliable Components of Anchoring and Adjustment as the Next Step in Moderator Research. https://doi.org/10.31234/osf.io/hjbwp","Röseler et al., 2020","https://osf.io/uac2t/","Weight of a wolf (kg)","weight",1,0,0,1,1,1,3,3,50,0,1
"502",49,1,50,75,313,75313,"Röseler, L., Schütz, A., Dolling, I. K., Friedinger, K., Hösch, Y., Hügel, J. C., … Röseler, J. J. (2020, July 24). The Stepwise Anchoring Paradigm: Measuring Reliable Components of Anchoring and Adjustment as the Next Step in Moderator Research. https://doi.org/10.31234/osf.io/hjbwp","Röseler et al., 2020","https://osf.io/uac2t/","Weight of a goat (kg)","weight",1,0,0,1,1,1,3,3,50,1,1
"503",49,1,53,36,313,75313,"Röseler, L., Schütz, A., Dolling, I. K., Friedinger, K., Hösch, Y., Hügel, J. C., … Röseler, J. J. (2020, July 24). The Stepwise Anchoring Paradigm: Measuring Reliable Components of Anchoring and Adjustment as the Next Step in Moderator Research. https://doi.org/10.31234/osf.io/hjbwp","Röseler et al., 2020","https://osf.io/uac2t/","Weight of a hyena (kg)","weight",1,0,0,1,1,1,3,3,60,0,1
"504",49,1,69,84,313,75313,"Röseler, L., Schütz, A., Dolling, I. K., Friedinger, K., Hösch, Y., Hügel, J. C., … Röseler, J. J. (2020, July 24). The Stepwise Anchoring Paradigm: Measuring Reliable Components of Anchoring and Adjustment as the Next Step in Moderator Research. https://doi.org/10.31234/osf.io/hjbwp","Röseler et al., 2020","https://osf.io/uac2t/","Weight of a warthog (kg)","weight",1,0,0,1,1,1,3,3,60,1,1
"505",81,2,5,8,316,75316,"Röseler, L., Schütz, A., Dolling, I. K., Friedinger, K., Hösch, Y., Hügel, J. C., … Röseler, J. J. (2020, July 24). The Stepwise Anchoring Paradigm: Measuring Reliable Components of Anchoring and Adjustment as the Next Step in Moderator Research. https://doi.org/10.31234/osf.io/hjbwp","Röseler et al., 2020","https://osf.io/uac2t/","Weight of a rabbit (kg)","weight",1,0,0,1,1,1,3,3,4.5,1,1
"506",81,2,4,1,316,75316,"Röseler, L., Schütz, A., Dolling, I. K., Friedinger, K., Hösch, Y., Hügel, J. C., … Röseler, J. J. (2020, July 24). The Stepwise Anchoring Paradigm: Measuring Reliable Components of Anchoring and Adjustment as the Next Step in Moderator Research. https://doi.org/10.31234/osf.io/hjbwp","Röseler et al., 2020","https://osf.io/uac2t/","Weight of a cat (kg)","weight",1,0,0,1,1,1,3,3,4.25,0,1
"507",81,2,10,14,316,75316,"Röseler, L., Schütz, A., Dolling, I. K., Friedinger, K., Hösch, Y., Hügel, J. C., … Röseler, J. J. (2020, July 24). The Stepwise Anchoring Paradigm: Measuring Reliable Components of Anchoring and Adjustment as the Next Step in Moderator Research. https://doi.org/10.31234/osf.io/hjbwp","Röseler et al., 2020","https://osf.io/uac2t/","Weight of a fox (kg)","weight",1,0,0,1,1,1,3,3,8,1,1
"508",81,2,6,2,316,75316,"Röseler, L., Schütz, A., Dolling, I. K., Friedinger, K., Hösch, Y., Hügel, J. C., … Röseler, J. J. (2020, July 24). The Stepwise Anchoring Paradigm: Measuring Reliable Components of Anchoring and Adjustment as the Next Step in Moderator Research. https://doi.org/10.31234/osf.io/hjbwp","Röseler et al., 2020","https://osf.io/uac2t/","Weight of a racoon (kg)","weight",1,0,0,1,1,1,3,3,8,0,1
"509",81,2,18,26,316,75316,"Röseler, L., Schütz, A., Dolling, I. K., Friedinger, K., Hösch, Y., Hügel, J. C., … Röseler, J. J. (2020, July 24). The Stepwise Anchoring Paradigm: Measuring Reliable Components of Anchoring and Adjustment as the Next Step in Moderator Research. https://doi.org/10.31234/osf.io/hjbwp","Röseler et al., 2020","https://osf.io/uac2t/","Weight of a badger (kg)","weight",1,0,0,1,1,1,3,3,15,1,1
"510",81,2,8,4,316,75316,"Röseler, L., Schütz, A., Dolling, I. K., Friedinger, K., Hösch, Y., Hügel, J. C., … Röseler, J. J. (2020, July 24). The Stepwise Anchoring Paradigm: Measuring Reliable Components of Anchoring and Adjustment as the Next Step in Moderator Research. https://doi.org/10.31234/osf.io/hjbwp","Röseler et al., 2020","https://osf.io/uac2t/","Weight of a pelican (kg)","weight",1,0,0,1,1,1,3,3,15,0,1
"511",81,2,10,40,316,75316,"Röseler, L., Schütz, A., Dolling, I. K., Friedinger, K., Hösch, Y., Hügel, J. C., … Röseler, J. J. (2020, July 24). The Stepwise Anchoring Paradigm: Measuring Reliable Components of Anchoring and Adjustment as the Next Step in Moderator Research. https://doi.org/10.31234/osf.io/hjbwp","Röseler et al., 2020","https://osf.io/uac2t/","Weight of a beaver (kg)","weight",1,0,0,1,1,1,3,3,25,1,1
"512",81,2,27,10,316,75316,"Röseler, L., Schütz, A., Dolling, I. K., Friedinger, K., Hösch, Y., Hügel, J. C., … Röseler, J. J. (2020, July 24). The Stepwise Anchoring Paradigm: Measuring Reliable Components of Anchoring and Adjustment as the Next Step in Moderator Research. https://doi.org/10.31234/osf.io/hjbwp","Röseler et al., 2020","https://osf.io/uac2t/","Weight of a deer (kg)","weight",1,0,0,1,1,1,3,3,25,0,1
"513",81,2,40,75,316,75316,"Röseler, L., Schütz, A., Dolling, I. K., Friedinger, K., Hösch, Y., Hügel, J. C., … Röseler, J. J. (2020, July 24). The Stepwise Anchoring Paradigm: Measuring Reliable Components of Anchoring and Adjustment as the Next Step in Moderator Research. https://doi.org/10.31234/osf.io/hjbwp","Röseler et al., 2020","https://osf.io/uac2t/","Weight of a wolf (kg)","weight",1,0,0,1,1,1,3,3,50,1,1
"514",81,2,30,25,316,75316,"Röseler, L., Schütz, A., Dolling, I. K., Friedinger, K., Hösch, Y., Hügel, J. C., … Röseler, J. J. (2020, July 24). The Stepwise Anchoring Paradigm: Measuring Reliable Components of Anchoring and Adjustment as the Next Step in Moderator Research. https://doi.org/10.31234/osf.io/hjbwp","Röseler et al., 2020","https://osf.io/uac2t/","Weight of a goat (kg)","weight",1,0,0,1,1,1,3,3,50,0,1
"515",81,2,35,84,316,75316,"Röseler, L., Schütz, A., Dolling, I. K., Friedinger, K., Hösch, Y., Hügel, J. C., … Röseler, J. J. (2020, July 24). The Stepwise Anchoring Paradigm: Measuring Reliable Components of Anchoring and Adjustment as the Next Step in Moderator Research. https://doi.org/10.31234/osf.io/hjbwp","Röseler et al., 2020","https://osf.io/uac2t/","Weight of a hyena (kg)","weight",1,0,0,1,1,1,3,3,60,1,1
"516",81,2,40,36,316,75316,"Röseler, L., Schütz, A., Dolling, I. K., Friedinger, K., Hösch, Y., Hügel, J. C., … Röseler, J. J. (2020, July 24). The Stepwise Anchoring Paradigm: Measuring Reliable Components of Anchoring and Adjustment as the Next Step in Moderator Research. https://doi.org/10.31234/osf.io/hjbwp","Röseler et al., 2020","https://osf.io/uac2t/","Weight of a warthog (kg)","weight",1,0,0,1,1,1,3,3,60,0,1
"517",59,1,5,1,318,75318,"Röseler, L., Schütz, A., Dolling, I. K., Friedinger, K., Hösch, Y., Hügel, J. C., … Röseler, J. J. (2020, July 24). The Stepwise Anchoring Paradigm: Measuring Reliable Components of Anchoring and Adjustment as the Next Step in Moderator Research. https://doi.org/10.31234/osf.io/hjbwp","Röseler et al., 2020","https://osf.io/uac2t/","Weight of a rabbit (kg)","weight",1,0,0,1,1,1,3,3,4.5,0,1
"518",59,1,5,8,318,75318,"Röseler, L., Schütz, A., Dolling, I. K., Friedinger, K., Hösch, Y., Hügel, J. C., … Röseler, J. J. (2020, July 24). The Stepwise Anchoring Paradigm: Measuring Reliable Components of Anchoring and Adjustment as the Next Step in Moderator Research. https://doi.org/10.31234/osf.io/hjbwp","Röseler et al., 2020","https://osf.io/uac2t/","Weight of a cat (kg)","weight",1,0,0,1,1,1,3,3,4.25,1,1
"519",59,1,8,2,318,75318,"Röseler, L., Schütz, A., Dolling, I. K., Friedinger, K., Hösch, Y., Hügel, J. C., … Röseler, J. J. (2020, July 24). The Stepwise Anchoring Paradigm: Measuring Reliable Components of Anchoring and Adjustment as the Next Step in Moderator Research. https://doi.org/10.31234/osf.io/hjbwp","Röseler et al., 2020","https://osf.io/uac2t/","Weight of a fox (kg)","weight",1,0,0,1,1,1,3,3,8,0,1
"520",59,1,17,14,318,75318,"Röseler, L., Schütz, A., Dolling, I. K., Friedinger, K., Hösch, Y., Hügel, J. C., … Röseler, J. J. (2020, July 24). The Stepwise Anchoring Paradigm: Measuring Reliable Components of Anchoring and Adjustment as the Next Step in Moderator Research. https://doi.org/10.31234/osf.io/hjbwp","Röseler et al., 2020","https://osf.io/uac2t/","Weight of a racoon (kg)","weight",1,0,0,1,1,1,3,3,8,1,1
"521",59,1,10,4,318,75318,"Röseler, L., Schütz, A., Dolling, I. K., Friedinger, K., Hösch, Y., Hügel, J. C., … Röseler, J. J. (2020, July 24). The Stepwise Anchoring Paradigm: Measuring Reliable Components of Anchoring and Adjustment as the Next Step in Moderator Research. https://doi.org/10.31234/osf.io/hjbwp","Röseler et al., 2020","https://osf.io/uac2t/","Weight of a badger (kg)","weight",1,0,0,1,1,1,3,3,15,0,1
"522",59,1,5,26,318,75318,"Röseler, L., Schütz, A., Dolling, I. K., Friedinger, K., Hösch, Y., Hügel, J. C., … Röseler, J. J. (2020, July 24). The Stepwise Anchoring Paradigm: Measuring Reliable Components of Anchoring and Adjustment as the Next Step in Moderator Research. https://doi.org/10.31234/osf.io/hjbwp","Röseler et al., 2020","https://osf.io/uac2t/","Weight of a pelican (kg)","weight",1,0,0,1,1,1,3,3,15,1,1
"523",59,1,9,10,318,75318,"Röseler, L., Schütz, A., Dolling, I. K., Friedinger, K., Hösch, Y., Hügel, J. C., … Röseler, J. J. (2020, July 24). The Stepwise Anchoring Paradigm: Measuring Reliable Components of Anchoring and Adjustment as the Next Step in Moderator Research. https://doi.org/10.31234/osf.io/hjbwp","Röseler et al., 2020","https://osf.io/uac2t/","Weight of a beaver (kg)","weight",1,0,0,1,1,1,3,3,25,0,1
"524",59,1,32,40,318,75318,"Röseler, L., Schütz, A., Dolling, I. K., Friedinger, K., Hösch, Y., Hügel, J. C., … Röseler, J. J. (2020, July 24). The Stepwise Anchoring Paradigm: Measuring Reliable Components of Anchoring and Adjustment as the Next Step in Moderator Research. https://doi.org/10.31234/osf.io/hjbwp","Röseler et al., 2020","https://osf.io/uac2t/","Weight of a deer (kg)","weight",1,0,0,1,1,1,3,3,25,1,1
"525",59,1,38,25,318,75318,"Röseler, L., Schütz, A., Dolling, I. K., Friedinger, K., Hösch, Y., Hügel, J. C., … Röseler, J. J. (2020, July 24). The Stepwise Anchoring Paradigm: Measuring Reliable Components of Anchoring and Adjustment as the Next Step in Moderator Research. https://doi.org/10.31234/osf.io/hjbwp","Röseler et al., 2020","https://osf.io/uac2t/","Weight of a wolf (kg)","weight",1,0,0,1,1,1,3,3,50,0,1
"526",59,1,48,75,318,75318,"Röseler, L., Schütz, A., Dolling, I. K., Friedinger, K., Hösch, Y., Hügel, J. C., … Röseler, J. J. (2020, July 24). The Stepwise Anchoring Paradigm: Measuring Reliable Components of Anchoring and Adjustment as the Next Step in Moderator Research. https://doi.org/10.31234/osf.io/hjbwp","Röseler et al., 2020","https://osf.io/uac2t/","Weight of a goat (kg)","weight",1,0,0,1,1,1,3,3,50,1,1
"527",59,1,56,36,318,75318,"Röseler, L., Schütz, A., Dolling, I. K., Friedinger, K., Hösch, Y., Hügel, J. C., … Röseler, J. J. (2020, July 24). The Stepwise Anchoring Paradigm: Measuring Reliable Components of Anchoring and Adjustment as the Next Step in Moderator Research. https://doi.org/10.31234/osf.io/hjbwp","Röseler et al., 2020","https://osf.io/uac2t/","Weight of a hyena (kg)","weight",1,0,0,1,1,1,3,3,60,0,1
"528",59,1,71,84,318,75318,"Röseler, L., Schütz, A., Dolling, I. K., Friedinger, K., Hösch, Y., Hügel, J. C., … Röseler, J. J. (2020, July 24). The Stepwise Anchoring Paradigm: Measuring Reliable Components of Anchoring and Adjustment as the Next Step in Moderator Research. https://doi.org/10.31234/osf.io/hjbwp","Röseler et al., 2020","https://osf.io/uac2t/","Weight of a warthog (kg)","weight",1,0,0,1,1,1,3,3,60,1,1
"529",20,2,4,8,319,75319,"Röseler, L., Schütz, A., Dolling, I. K., Friedinger, K., Hösch, Y., Hügel, J. C., … Röseler, J. J. (2020, July 24). The Stepwise Anchoring Paradigm: Measuring Reliable Components of Anchoring and Adjustment as the Next Step in Moderator Research. https://doi.org/10.31234/osf.io/hjbwp","Röseler et al., 2020","https://osf.io/uac2t/","Weight of a rabbit (kg)","weight",1,0,0,1,1,1,3,3,4.5,1,1
"530",20,2,7,1,319,75319,"Röseler, L., Schütz, A., Dolling, I. K., Friedinger, K., Hösch, Y., Hügel, J. C., … Röseler, J. J. (2020, July 24). The Stepwise Anchoring Paradigm: Measuring Reliable Components of Anchoring and Adjustment as the Next Step in Moderator Research. https://doi.org/10.31234/osf.io/hjbwp","Röseler et al., 2020","https://osf.io/uac2t/","Weight of a cat (kg)","weight",1,0,0,1,1,1,3,3,4.25,0,1
"531",20,2,6,14,319,75319,"Röseler, L., Schütz, A., Dolling, I. K., Friedinger, K., Hösch, Y., Hügel, J. C., … Röseler, J. J. (2020, July 24). The Stepwise Anchoring Paradigm: Measuring Reliable Components of Anchoring and Adjustment as the Next Step in Moderator Research. https://doi.org/10.31234/osf.io/hjbwp","Röseler et al., 2020","https://osf.io/uac2t/","Weight of a fox (kg)","weight",1,0,0,1,1,1,3,3,8,1,1
"532",20,2,21,2,319,75319,"Röseler, L., Schütz, A., Dolling, I. K., Friedinger, K., Hösch, Y., Hügel, J. C., … Röseler, J. J. (2020, July 24). The Stepwise Anchoring Paradigm: Measuring Reliable Components of Anchoring and Adjustment as the Next Step in Moderator Research. https://doi.org/10.31234/osf.io/hjbwp","Röseler et al., 2020","https://osf.io/uac2t/","Weight of a racoon (kg)","weight",1,0,0,1,1,1,3,3,8,0,1
"533",20,2,NA,26,319,75319,"Röseler, L., Schütz, A., Dolling, I. K., Friedinger, K., Hösch, Y., Hügel, J. C., … Röseler, J. J. (2020, July 24). The Stepwise Anchoring Paradigm: Measuring Reliable Components of Anchoring and Adjustment as the Next Step in Moderator Research. https://doi.org/10.31234/osf.io/hjbwp","Röseler et al., 2020","https://osf.io/uac2t/","Weight of a badger (kg)","weight",1,0,0,1,1,1,3,3,15,1,1
"534",20,2,19,4,319,75319,"Röseler, L., Schütz, A., Dolling, I. K., Friedinger, K., Hösch, Y., Hügel, J. C., … Röseler, J. J. (2020, July 24). The Stepwise Anchoring Paradigm: Measuring Reliable Components of Anchoring and Adjustment as the Next Step in Moderator Research. https://doi.org/10.31234/osf.io/hjbwp","Röseler et al., 2020","https://osf.io/uac2t/","Weight of a pelican (kg)","weight",1,0,0,1,1,1,3,3,15,0,1
"535",20,2,26,40,319,75319,"Röseler, L., Schütz, A., Dolling, I. K., Friedinger, K., Hösch, Y., Hügel, J. C., … Röseler, J. J. (2020, July 24). The Stepwise Anchoring Paradigm: Measuring Reliable Components of Anchoring and Adjustment as the Next Step in Moderator Research. https://doi.org/10.31234/osf.io/hjbwp","Röseler et al., 2020","https://osf.io/uac2t/","Weight of a beaver (kg)","weight",1,0,0,1,1,1,3,3,25,1,1
"536",20,2,25,10,319,75319,"Röseler, L., Schütz, A., Dolling, I. K., Friedinger, K., Hösch, Y., Hügel, J. C., … Röseler, J. J. (2020, July 24). The Stepwise Anchoring Paradigm: Measuring Reliable Components of Anchoring and Adjustment as the Next Step in Moderator Research. https://doi.org/10.31234/osf.io/hjbwp","Röseler et al., 2020","https://osf.io/uac2t/","Weight of a deer (kg)","weight",1,0,0,1,1,1,3,3,25,0,1
"537",20,2,56,75,319,75319,"Röseler, L., Schütz, A., Dolling, I. K., Friedinger, K., Hösch, Y., Hügel, J. C., … Röseler, J. J. (2020, July 24). The Stepwise Anchoring Paradigm: Measuring Reliable Components of Anchoring and Adjustment as the Next Step in Moderator Research. https://doi.org/10.31234/osf.io/hjbwp","Röseler et al., 2020","https://osf.io/uac2t/","Weight of a wolf (kg)","weight",1,0,0,1,1,1,3,3,50,1,1
"538",20,2,33,25,319,75319,"Röseler, L., Schütz, A., Dolling, I. K., Friedinger, K., Hösch, Y., Hügel, J. C., … Röseler, J. J. (2020, July 24). The Stepwise Anchoring Paradigm: Measuring Reliable Components of Anchoring and Adjustment as the Next Step in Moderator Research. https://doi.org/10.31234/osf.io/hjbwp","Röseler et al., 2020","https://osf.io/uac2t/","Weight of a goat (kg)","weight",1,0,0,1,1,1,3,3,50,0,1
"539",20,2,52,84,319,75319,"Röseler, L., Schütz, A., Dolling, I. K., Friedinger, K., Hösch, Y., Hügel, J. C., … Röseler, J. J. (2020, July 24). The Stepwise Anchoring Paradigm: Measuring Reliable Components of Anchoring and Adjustment as the Next Step in Moderator Research. https://doi.org/10.31234/osf.io/hjbwp","Röseler et al., 2020","https://osf.io/uac2t/","Weight of a hyena (kg)","weight",1,0,0,1,1,1,3,3,60,1,1
"540",20,2,50,36,319,75319,"Röseler, L., Schütz, A., Dolling, I. K., Friedinger, K., Hösch, Y., Hügel, J. C., … Röseler, J. J. (2020, July 24). The Stepwise Anchoring Paradigm: Measuring Reliable Components of Anchoring and Adjustment as the Next Step in Moderator Research. https://doi.org/10.31234/osf.io/hjbwp","Röseler et al., 2020","https://osf.io/uac2t/","Weight of a warthog (kg)","weight",1,0,0,1,1,1,3,3,60,0,1
"541",21,2,6,1,320,75320,"Röseler, L., Schütz, A., Dolling, I. K., Friedinger, K., Hösch, Y., Hügel, J. C., … Röseler, J. J. (2020, July 24). The Stepwise Anchoring Paradigm: Measuring Reliable Components of Anchoring and Adjustment as the Next Step in Moderator Research. https://doi.org/10.31234/osf.io/hjbwp","Röseler et al., 2020","https://osf.io/uac2t/","Weight of a rabbit (kg)","weight",1,0,0,1,1,1,3,3,4.5,0,1
"542",21,2,4,8,320,75320,"Röseler, L., Schütz, A., Dolling, I. K., Friedinger, K., Hösch, Y., Hügel, J. C., … Röseler, J. J. (2020, July 24). The Stepwise Anchoring Paradigm: Measuring Reliable Components of Anchoring and Adjustment as the Next Step in Moderator Research. https://doi.org/10.31234/osf.io/hjbwp","Röseler et al., 2020","https://osf.io/uac2t/","Weight of a cat (kg)","weight",1,0,0,1,1,1,3,3,4.25,1,1
"543",21,2,16,2,320,75320,"Röseler, L., Schütz, A., Dolling, I. K., Friedinger, K., Hösch, Y., Hügel, J. C., … Röseler, J. J. (2020, July 24). The Stepwise Anchoring Paradigm: Measuring Reliable Components of Anchoring and Adjustment as the Next Step in Moderator Research. https://doi.org/10.31234/osf.io/hjbwp","Röseler et al., 2020","https://osf.io/uac2t/","Weight of a fox (kg)","weight",1,0,0,1,1,1,3,3,8,0,1
"544",21,2,16,14,320,75320,"Röseler, L., Schütz, A., Dolling, I. K., Friedinger, K., Hösch, Y., Hügel, J. C., … Röseler, J. J. (2020, July 24). The Stepwise Anchoring Paradigm: Measuring Reliable Components of Anchoring and Adjustment as the Next Step in Moderator Research. https://doi.org/10.31234/osf.io/hjbwp","Röseler et al., 2020","https://osf.io/uac2t/","Weight of a racoon (kg)","weight",1,0,0,1,1,1,3,3,8,1,1
"545",21,2,16,4,320,75320,"Röseler, L., Schütz, A., Dolling, I. K., Friedinger, K., Hösch, Y., Hügel, J. C., … Röseler, J. J. (2020, July 24). The Stepwise Anchoring Paradigm: Measuring Reliable Components of Anchoring and Adjustment as the Next Step in Moderator Research. https://doi.org/10.31234/osf.io/hjbwp","Röseler et al., 2020","https://osf.io/uac2t/","Weight of a badger (kg)","weight",1,0,0,1,1,1,3,3,15,0,1
"546",21,2,14,26,320,75320,"Röseler, L., Schütz, A., Dolling, I. K., Friedinger, K., Hösch, Y., Hügel, J. C., … Röseler, J. J. (2020, July 24). The Stepwise Anchoring Paradigm: Measuring Reliable Components of Anchoring and Adjustment as the Next Step in Moderator Research. https://doi.org/10.31234/osf.io/hjbwp","Röseler et al., 2020","https://osf.io/uac2t/","Weight of a pelican (kg)","weight",1,0,0,1,1,1,3,3,15,1,1
"547",21,2,18,10,320,75320,"Röseler, L., Schütz, A., Dolling, I. K., Friedinger, K., Hösch, Y., Hügel, J. C., … Röseler, J. J. (2020, July 24). The Stepwise Anchoring Paradigm: Measuring Reliable Components of Anchoring and Adjustment as the Next Step in Moderator Research. https://doi.org/10.31234/osf.io/hjbwp","Röseler et al., 2020","https://osf.io/uac2t/","Weight of a beaver (kg)","weight",1,0,0,1,1,1,3,3,25,0,1
"548",21,2,34,40,320,75320,"Röseler, L., Schütz, A., Dolling, I. K., Friedinger, K., Hösch, Y., Hügel, J. C., … Röseler, J. J. (2020, July 24). The Stepwise Anchoring Paradigm: Measuring Reliable Components of Anchoring and Adjustment as the Next Step in Moderator Research. https://doi.org/10.31234/osf.io/hjbwp","Röseler et al., 2020","https://osf.io/uac2t/","Weight of a deer (kg)","weight",1,0,0,1,1,1,3,3,25,1,1
"549",21,2,30,25,320,75320,"Röseler, L., Schütz, A., Dolling, I. K., Friedinger, K., Hösch, Y., Hügel, J. C., … Röseler, J. J. (2020, July 24). The Stepwise Anchoring Paradigm: Measuring Reliable Components of Anchoring and Adjustment as the Next Step in Moderator Research. https://doi.org/10.31234/osf.io/hjbwp","Röseler et al., 2020","https://osf.io/uac2t/","Weight of a wolf (kg)","weight",1,0,0,1,1,1,3,3,50,0,1
"550",21,2,26,75,320,75320,"Röseler, L., Schütz, A., Dolling, I. K., Friedinger, K., Hösch, Y., Hügel, J. C., … Röseler, J. J. (2020, July 24). The Stepwise Anchoring Paradigm: Measuring Reliable Components of Anchoring and Adjustment as the Next Step in Moderator Research. https://doi.org/10.31234/osf.io/hjbwp","Röseler et al., 2020","https://osf.io/uac2t/","Weight of a goat (kg)","weight",1,0,0,1,1,1,3,3,50,1,1
"551",21,2,40,36,320,75320,"Röseler, L., Schütz, A., Dolling, I. K., Friedinger, K., Hösch, Y., Hügel, J. C., … Röseler, J. J. (2020, July 24). The Stepwise Anchoring Paradigm: Measuring Reliable Components of Anchoring and Adjustment as the Next Step in Moderator Research. https://doi.org/10.31234/osf.io/hjbwp","Röseler et al., 2020","https://osf.io/uac2t/","Weight of a hyena (kg)","weight",1,0,0,1,1,1,3,3,60,0,1
"552",21,2,70,84,320,75320,"Röseler, L., Schütz, A., Dolling, I. K., Friedinger, K., Hösch, Y., Hügel, J. C., … Röseler, J. J. (2020, July 24). The Stepwise Anchoring Paradigm: Measuring Reliable Components of Anchoring and Adjustment as the Next Step in Moderator Research. https://doi.org/10.31234/osf.io/hjbwp","Röseler et al., 2020","https://osf.io/uac2t/","Weight of a warthog (kg)","weight",1,0,0,1,1,1,3,3,60,1,1
"553",21,2,22,1,323,75323,"Röseler, L., Schütz, A., Dolling, I. K., Friedinger, K., Hösch, Y., Hügel, J. C., … Röseler, J. J. (2020, July 24). The Stepwise Anchoring Paradigm: Measuring Reliable Components of Anchoring and Adjustment as the Next Step in Moderator Research. https://doi.org/10.31234/osf.io/hjbwp","Röseler et al., 2020","https://osf.io/uac2t/","Weight of a rabbit (kg)","weight",1,0,0,1,1,1,3,3,4.5,0,1
"554",21,2,10,8,323,75323,"Röseler, L., Schütz, A., Dolling, I. K., Friedinger, K., Hösch, Y., Hügel, J. C., … Röseler, J. J. (2020, July 24). The Stepwise Anchoring Paradigm: Measuring Reliable Components of Anchoring and Adjustment as the Next Step in Moderator Research. https://doi.org/10.31234/osf.io/hjbwp","Röseler et al., 2020","https://osf.io/uac2t/","Weight of a cat (kg)","weight",1,0,0,1,1,1,3,3,4.25,1,1
"555",21,2,10,2,323,75323,"Röseler, L., Schütz, A., Dolling, I. K., Friedinger, K., Hösch, Y., Hügel, J. C., … Röseler, J. J. (2020, July 24). The Stepwise Anchoring Paradigm: Measuring Reliable Components of Anchoring and Adjustment as the Next Step in Moderator Research. https://doi.org/10.31234/osf.io/hjbwp","Röseler et al., 2020","https://osf.io/uac2t/","Weight of a fox (kg)","weight",1,0,0,1,1,1,3,3,8,0,1
"556",21,2,8,14,323,75323,"Röseler, L., Schütz, A., Dolling, I. K., Friedinger, K., Hösch, Y., Hügel, J. C., … Röseler, J. J. (2020, July 24). The Stepwise Anchoring Paradigm: Measuring Reliable Components of Anchoring and Adjustment as the Next Step in Moderator Research. https://doi.org/10.31234/osf.io/hjbwp","Röseler et al., 2020","https://osf.io/uac2t/","Weight of a racoon (kg)","weight",1,0,0,1,1,1,3,3,8,1,1
"557",21,2,30,4,323,75323,"Röseler, L., Schütz, A., Dolling, I. K., Friedinger, K., Hösch, Y., Hügel, J. C., … Röseler, J. J. (2020, July 24). The Stepwise Anchoring Paradigm: Measuring Reliable Components of Anchoring and Adjustment as the Next Step in Moderator Research. https://doi.org/10.31234/osf.io/hjbwp","Röseler et al., 2020","https://osf.io/uac2t/","Weight of a badger (kg)","weight",1,0,0,1,1,1,3,3,15,0,1
"558",21,2,19,26,323,75323,"Röseler, L., Schütz, A., Dolling, I. K., Friedinger, K., Hösch, Y., Hügel, J. C., … Röseler, J. J. (2020, July 24). The Stepwise Anchoring Paradigm: Measuring Reliable Components of Anchoring and Adjustment as the Next Step in Moderator Research. https://doi.org/10.31234/osf.io/hjbwp","Röseler et al., 2020","https://osf.io/uac2t/","Weight of a pelican (kg)","weight",1,0,0,1,1,1,3,3,15,1,1
"559",21,2,30,10,323,75323,"Röseler, L., Schütz, A., Dolling, I. K., Friedinger, K., Hösch, Y., Hügel, J. C., … Röseler, J. J. (2020, July 24). The Stepwise Anchoring Paradigm: Measuring Reliable Components of Anchoring and Adjustment as the Next Step in Moderator Research. https://doi.org/10.31234/osf.io/hjbwp","Röseler et al., 2020","https://osf.io/uac2t/","Weight of a beaver (kg)","weight",1,0,0,1,1,1,3,3,25,0,1
"560",21,2,22,40,323,75323,"Röseler, L., Schütz, A., Dolling, I. K., Friedinger, K., Hösch, Y., Hügel, J. C., … Röseler, J. J. (2020, July 24). The Stepwise Anchoring Paradigm: Measuring Reliable Components of Anchoring and Adjustment as the Next Step in Moderator Research. https://doi.org/10.31234/osf.io/hjbwp","Röseler et al., 2020","https://osf.io/uac2t/","Weight of a deer (kg)","weight",1,0,0,1,1,1,3,3,25,1,1
"561",21,2,38,25,323,75323,"Röseler, L., Schütz, A., Dolling, I. K., Friedinger, K., Hösch, Y., Hügel, J. C., … Röseler, J. J. (2020, July 24). The Stepwise Anchoring Paradigm: Measuring Reliable Components of Anchoring and Adjustment as the Next Step in Moderator Research. https://doi.org/10.31234/osf.io/hjbwp","Röseler et al., 2020","https://osf.io/uac2t/","Weight of a wolf (kg)","weight",1,0,0,1,1,1,3,3,50,0,1
"562",21,2,69,75,323,75323,"Röseler, L., Schütz, A., Dolling, I. K., Friedinger, K., Hösch, Y., Hügel, J. C., … Röseler, J. J. (2020, July 24). The Stepwise Anchoring Paradigm: Measuring Reliable Components of Anchoring and Adjustment as the Next Step in Moderator Research. https://doi.org/10.31234/osf.io/hjbwp","Röseler et al., 2020","https://osf.io/uac2t/","Weight of a goat (kg)","weight",1,0,0,1,1,1,3,3,50,1,1
"563",21,2,39,36,323,75323,"Röseler, L., Schütz, A., Dolling, I. K., Friedinger, K., Hösch, Y., Hügel, J. C., … Röseler, J. J. (2020, July 24). The Stepwise Anchoring Paradigm: Measuring Reliable Components of Anchoring and Adjustment as the Next Step in Moderator Research. https://doi.org/10.31234/osf.io/hjbwp","Röseler et al., 2020","https://osf.io/uac2t/","Weight of a hyena (kg)","weight",1,0,0,1,1,1,3,3,60,0,1
"564",21,2,63,84,323,75323,"Röseler, L., Schütz, A., Dolling, I. K., Friedinger, K., Hösch, Y., Hügel, J. C., … Röseler, J. J. (2020, July 24). The Stepwise Anchoring Paradigm: Measuring Reliable Components of Anchoring and Adjustment as the Next Step in Moderator Research. https://doi.org/10.31234/osf.io/hjbwp","Röseler et al., 2020","https://osf.io/uac2t/","Weight of a warthog (kg)","weight",1,0,0,1,1,1,3,3,60,1,1
"565",22,2,5,8,326,75326,"Röseler, L., Schütz, A., Dolling, I. K., Friedinger, K., Hösch, Y., Hügel, J. C., … Röseler, J. J. (2020, July 24). The Stepwise Anchoring Paradigm: Measuring Reliable Components of Anchoring and Adjustment as the Next Step in Moderator Research. https://doi.org/10.31234/osf.io/hjbwp","Röseler et al., 2020","https://osf.io/uac2t/","Weight of a rabbit (kg)","weight",1,0,0,1,1,1,3,3,4.5,1,1
"566",22,2,10,1,326,75326,"Röseler, L., Schütz, A., Dolling, I. K., Friedinger, K., Hösch, Y., Hügel, J. C., … Röseler, J. J. (2020, July 24). The Stepwise Anchoring Paradigm: Measuring Reliable Components of Anchoring and Adjustment as the Next Step in Moderator Research. https://doi.org/10.31234/osf.io/hjbwp","Röseler et al., 2020","https://osf.io/uac2t/","Weight of a cat (kg)","weight",1,0,0,1,1,1,3,3,4.25,0,1
"567",22,2,12,14,326,75326,"Röseler, L., Schütz, A., Dolling, I. K., Friedinger, K., Hösch, Y., Hügel, J. C., … Röseler, J. J. (2020, July 24). The Stepwise Anchoring Paradigm: Measuring Reliable Components of Anchoring and Adjustment as the Next Step in Moderator Research. https://doi.org/10.31234/osf.io/hjbwp","Röseler et al., 2020","https://osf.io/uac2t/","Weight of a fox (kg)","weight",1,0,0,1,1,1,3,3,8,1,1
"568",22,2,10,2,326,75326,"Röseler, L., Schütz, A., Dolling, I. K., Friedinger, K., Hösch, Y., Hügel, J. C., … Röseler, J. J. (2020, July 24). The Stepwise Anchoring Paradigm: Measuring Reliable Components of Anchoring and Adjustment as the Next Step in Moderator Research. https://doi.org/10.31234/osf.io/hjbwp","Röseler et al., 2020","https://osf.io/uac2t/","Weight of a racoon (kg)","weight",1,0,0,1,1,1,3,3,8,0,1
"569",22,2,18,26,326,75326,"Röseler, L., Schütz, A., Dolling, I. K., Friedinger, K., Hösch, Y., Hügel, J. C., … Röseler, J. J. (2020, July 24). The Stepwise Anchoring Paradigm: Measuring Reliable Components of Anchoring and Adjustment as the Next Step in Moderator Research. https://doi.org/10.31234/osf.io/hjbwp","Röseler et al., 2020","https://osf.io/uac2t/","Weight of a badger (kg)","weight",1,0,0,1,1,1,3,3,15,1,1
"570",22,2,9,4,326,75326,"Röseler, L., Schütz, A., Dolling, I. K., Friedinger, K., Hösch, Y., Hügel, J. C., … Röseler, J. J. (2020, July 24). The Stepwise Anchoring Paradigm: Measuring Reliable Components of Anchoring and Adjustment as the Next Step in Moderator Research. https://doi.org/10.31234/osf.io/hjbwp","Röseler et al., 2020","https://osf.io/uac2t/","Weight of a pelican (kg)","weight",1,0,0,1,1,1,3,3,15,0,1
"571",22,2,25,40,326,75326,"Röseler, L., Schütz, A., Dolling, I. K., Friedinger, K., Hösch, Y., Hügel, J. C., … Röseler, J. J. (2020, July 24). The Stepwise Anchoring Paradigm: Measuring Reliable Components of Anchoring and Adjustment as the Next Step in Moderator Research. https://doi.org/10.31234/osf.io/hjbwp","Röseler et al., 2020","https://osf.io/uac2t/","Weight of a beaver (kg)","weight",1,0,0,1,1,1,3,3,25,1,1
"572",22,2,42,10,326,75326,"Röseler, L., Schütz, A., Dolling, I. K., Friedinger, K., Hösch, Y., Hügel, J. C., … Röseler, J. J. (2020, July 24). The Stepwise Anchoring Paradigm: Measuring Reliable Components of Anchoring and Adjustment as the Next Step in Moderator Research. https://doi.org/10.31234/osf.io/hjbwp","Röseler et al., 2020","https://osf.io/uac2t/","Weight of a deer (kg)","weight",1,0,0,1,1,1,3,3,25,0,1
"573",22,2,52,75,326,75326,"Röseler, L., Schütz, A., Dolling, I. K., Friedinger, K., Hösch, Y., Hügel, J. C., … Röseler, J. J. (2020, July 24). The Stepwise Anchoring Paradigm: Measuring Reliable Components of Anchoring and Adjustment as the Next Step in Moderator Research. https://doi.org/10.31234/osf.io/hjbwp","Röseler et al., 2020","https://osf.io/uac2t/","Weight of a wolf (kg)","weight",1,0,0,1,1,1,3,3,50,1,1
"574",22,2,35,25,326,75326,"Röseler, L., Schütz, A., Dolling, I. K., Friedinger, K., Hösch, Y., Hügel, J. C., … Röseler, J. J. (2020, July 24). The Stepwise Anchoring Paradigm: Measuring Reliable Components of Anchoring and Adjustment as the Next Step in Moderator Research. https://doi.org/10.31234/osf.io/hjbwp","Röseler et al., 2020","https://osf.io/uac2t/","Weight of a goat (kg)","weight",1,0,0,1,1,1,3,3,50,0,1
"575",22,2,65,84,326,75326,"Röseler, L., Schütz, A., Dolling, I. K., Friedinger, K., Hösch, Y., Hügel, J. C., … Röseler, J. J. (2020, July 24). The Stepwise Anchoring Paradigm: Measuring Reliable Components of Anchoring and Adjustment as the Next Step in Moderator Research. https://doi.org/10.31234/osf.io/hjbwp","Röseler et al., 2020","https://osf.io/uac2t/","Weight of a hyena (kg)","weight",1,0,0,1,1,1,3,3,60,1,1
"576",22,2,65,36,326,75326,"Röseler, L., Schütz, A., Dolling, I. K., Friedinger, K., Hösch, Y., Hügel, J. C., … Röseler, J. J. (2020, July 24). The Stepwise Anchoring Paradigm: Measuring Reliable Components of Anchoring and Adjustment as the Next Step in Moderator Research. https://doi.org/10.31234/osf.io/hjbwp","Röseler et al., 2020","https://osf.io/uac2t/","Weight of a warthog (kg)","weight",1,0,0,1,1,1,3,3,60,0,1
"577",21,2,12,8,327,75327,"Röseler, L., Schütz, A., Dolling, I. K., Friedinger, K., Hösch, Y., Hügel, J. C., … Röseler, J. J. (2020, July 24). The Stepwise Anchoring Paradigm: Measuring Reliable Components of Anchoring and Adjustment as the Next Step in Moderator Research. https://doi.org/10.31234/osf.io/hjbwp","Röseler et al., 2020","https://osf.io/uac2t/","Weight of a rabbit (kg)","weight",1,0,0,1,1,1,3,3,4.5,1,1
"578",21,2,6,1,327,75327,"Röseler, L., Schütz, A., Dolling, I. K., Friedinger, K., Hösch, Y., Hügel, J. C., … Röseler, J. J. (2020, July 24). The Stepwise Anchoring Paradigm: Measuring Reliable Components of Anchoring and Adjustment as the Next Step in Moderator Research. https://doi.org/10.31234/osf.io/hjbwp","Röseler et al., 2020","https://osf.io/uac2t/","Weight of a cat (kg)","weight",1,0,0,1,1,1,3,3,4.25,0,1
"579",21,2,12,14,327,75327,"Röseler, L., Schütz, A., Dolling, I. K., Friedinger, K., Hösch, Y., Hügel, J. C., … Röseler, J. J. (2020, July 24). The Stepwise Anchoring Paradigm: Measuring Reliable Components of Anchoring and Adjustment as the Next Step in Moderator Research. https://doi.org/10.31234/osf.io/hjbwp","Röseler et al., 2020","https://osf.io/uac2t/","Weight of a fox (kg)","weight",1,0,0,1,1,1,3,3,8,1,1
"580",21,2,25,2,327,75327,"Röseler, L., Schütz, A., Dolling, I. K., Friedinger, K., Hösch, Y., Hügel, J. C., … Röseler, J. J. (2020, July 24). The Stepwise Anchoring Paradigm: Measuring Reliable Components of Anchoring and Adjustment as the Next Step in Moderator Research. https://doi.org/10.31234/osf.io/hjbwp","Röseler et al., 2020","https://osf.io/uac2t/","Weight of a racoon (kg)","weight",1,0,0,1,1,1,3,3,8,0,1
"581",21,2,15,26,327,75327,"Röseler, L., Schütz, A., Dolling, I. K., Friedinger, K., Hösch, Y., Hügel, J. C., … Röseler, J. J. (2020, July 24). The Stepwise Anchoring Paradigm: Measuring Reliable Components of Anchoring and Adjustment as the Next Step in Moderator Research. https://doi.org/10.31234/osf.io/hjbwp","Röseler et al., 2020","https://osf.io/uac2t/","Weight of a badger (kg)","weight",1,0,0,1,1,1,3,3,15,1,1
"582",21,2,22,4,327,75327,"Röseler, L., Schütz, A., Dolling, I. K., Friedinger, K., Hösch, Y., Hügel, J. C., … Röseler, J. J. (2020, July 24). The Stepwise Anchoring Paradigm: Measuring Reliable Components of Anchoring and Adjustment as the Next Step in Moderator Research. https://doi.org/10.31234/osf.io/hjbwp","Röseler et al., 2020","https://osf.io/uac2t/","Weight of a pelican (kg)","weight",1,0,0,1,1,1,3,3,15,0,1
"583",21,2,12,40,327,75327,"Röseler, L., Schütz, A., Dolling, I. K., Friedinger, K., Hösch, Y., Hügel, J. C., … Röseler, J. J. (2020, July 24). The Stepwise Anchoring Paradigm: Measuring Reliable Components of Anchoring and Adjustment as the Next Step in Moderator Research. https://doi.org/10.31234/osf.io/hjbwp","Röseler et al., 2020","https://osf.io/uac2t/","Weight of a beaver (kg)","weight",1,0,0,1,1,1,3,3,25,1,1
"584",21,2,68,10,327,75327,"Röseler, L., Schütz, A., Dolling, I. K., Friedinger, K., Hösch, Y., Hügel, J. C., … Röseler, J. J. (2020, July 24). The Stepwise Anchoring Paradigm: Measuring Reliable Components of Anchoring and Adjustment as the Next Step in Moderator Research. https://doi.org/10.31234/osf.io/hjbwp","Röseler et al., 2020","https://osf.io/uac2t/","Weight of a deer (kg)","weight",1,0,0,1,1,1,3,3,25,0,1
"585",21,2,70,75,327,75327,"Röseler, L., Schütz, A., Dolling, I. K., Friedinger, K., Hösch, Y., Hügel, J. C., … Röseler, J. J. (2020, July 24). The Stepwise Anchoring Paradigm: Measuring Reliable Components of Anchoring and Adjustment as the Next Step in Moderator Research. https://doi.org/10.31234/osf.io/hjbwp","Röseler et al., 2020","https://osf.io/uac2t/","Weight of a wolf (kg)","weight",1,0,0,1,1,1,3,3,50,1,1
"586",21,2,45,25,327,75327,"Röseler, L., Schütz, A., Dolling, I. K., Friedinger, K., Hösch, Y., Hügel, J. C., … Röseler, J. J. (2020, July 24). The Stepwise Anchoring Paradigm: Measuring Reliable Components of Anchoring and Adjustment as the Next Step in Moderator Research. https://doi.org/10.31234/osf.io/hjbwp","Röseler et al., 2020","https://osf.io/uac2t/","Weight of a goat (kg)","weight",1,0,0,1,1,1,3,3,50,0,1
"587",21,2,65,84,327,75327,"Röseler, L., Schütz, A., Dolling, I. K., Friedinger, K., Hösch, Y., Hügel, J. C., … Röseler, J. J. (2020, July 24). The Stepwise Anchoring Paradigm: Measuring Reliable Components of Anchoring and Adjustment as the Next Step in Moderator Research. https://doi.org/10.31234/osf.io/hjbwp","Röseler et al., 2020","https://osf.io/uac2t/","Weight of a hyena (kg)","weight",1,0,0,1,1,1,3,3,60,1,1
"588",21,2,50,36,327,75327,"Röseler, L., Schütz, A., Dolling, I. K., Friedinger, K., Hösch, Y., Hügel, J. C., … Röseler, J. J. (2020, July 24). The Stepwise Anchoring Paradigm: Measuring Reliable Components of Anchoring and Adjustment as the Next Step in Moderator Research. https://doi.org/10.31234/osf.io/hjbwp","Röseler et al., 2020","https://osf.io/uac2t/","Weight of a warthog (kg)","weight",1,0,0,1,1,1,3,3,60,0,1
"589",28,1,10,1,329,75329,"Röseler, L., Schütz, A., Dolling, I. K., Friedinger, K., Hösch, Y., Hügel, J. C., … Röseler, J. J. (2020, July 24). The Stepwise Anchoring Paradigm: Measuring Reliable Components of Anchoring and Adjustment as the Next Step in Moderator Research. https://doi.org/10.31234/osf.io/hjbwp","Röseler et al., 2020","https://osf.io/uac2t/","Weight of a rabbit (kg)","weight",1,0,0,1,1,1,3,3,4.5,0,1
"590",28,1,4,8,329,75329,"Röseler, L., Schütz, A., Dolling, I. K., Friedinger, K., Hösch, Y., Hügel, J. C., … Röseler, J. J. (2020, July 24). The Stepwise Anchoring Paradigm: Measuring Reliable Components of Anchoring and Adjustment as the Next Step in Moderator Research. https://doi.org/10.31234/osf.io/hjbwp","Röseler et al., 2020","https://osf.io/uac2t/","Weight of a cat (kg)","weight",1,0,0,1,1,1,3,3,4.25,1,1
"591",28,1,18,2,329,75329,"Röseler, L., Schütz, A., Dolling, I. K., Friedinger, K., Hösch, Y., Hügel, J. C., … Röseler, J. J. (2020, July 24). The Stepwise Anchoring Paradigm: Measuring Reliable Components of Anchoring and Adjustment as the Next Step in Moderator Research. https://doi.org/10.31234/osf.io/hjbwp","Röseler et al., 2020","https://osf.io/uac2t/","Weight of a fox (kg)","weight",1,0,0,1,1,1,3,3,8,0,1
"592",28,1,23,14,329,75329,"Röseler, L., Schütz, A., Dolling, I. K., Friedinger, K., Hösch, Y., Hügel, J. C., … Röseler, J. J. (2020, July 24). The Stepwise Anchoring Paradigm: Measuring Reliable Components of Anchoring and Adjustment as the Next Step in Moderator Research. https://doi.org/10.31234/osf.io/hjbwp","Röseler et al., 2020","https://osf.io/uac2t/","Weight of a racoon (kg)","weight",1,0,0,1,1,1,3,3,8,1,1
"593",28,1,6,4,329,75329,"Röseler, L., Schütz, A., Dolling, I. K., Friedinger, K., Hösch, Y., Hügel, J. C., … Röseler, J. J. (2020, July 24). The Stepwise Anchoring Paradigm: Measuring Reliable Components of Anchoring and Adjustment as the Next Step in Moderator Research. https://doi.org/10.31234/osf.io/hjbwp","Röseler et al., 2020","https://osf.io/uac2t/","Weight of a badger (kg)","weight",1,0,0,1,1,1,3,3,15,0,1
"594",28,1,9,26,329,75329,"Röseler, L., Schütz, A., Dolling, I. K., Friedinger, K., Hösch, Y., Hügel, J. C., … Röseler, J. J. (2020, July 24). The Stepwise Anchoring Paradigm: Measuring Reliable Components of Anchoring and Adjustment as the Next Step in Moderator Research. https://doi.org/10.31234/osf.io/hjbwp","Röseler et al., 2020","https://osf.io/uac2t/","Weight of a pelican (kg)","weight",1,0,0,1,1,1,3,3,15,1,1
"595",28,1,21,10,329,75329,"Röseler, L., Schütz, A., Dolling, I. K., Friedinger, K., Hösch, Y., Hügel, J. C., … Röseler, J. J. (2020, July 24). The Stepwise Anchoring Paradigm: Measuring Reliable Components of Anchoring and Adjustment as the Next Step in Moderator Research. https://doi.org/10.31234/osf.io/hjbwp","Röseler et al., 2020","https://osf.io/uac2t/","Weight of a beaver (kg)","weight",1,0,0,1,1,1,3,3,25,0,1
"596",28,1,19,40,329,75329,"Röseler, L., Schütz, A., Dolling, I. K., Friedinger, K., Hösch, Y., Hügel, J. C., … Röseler, J. J. (2020, July 24). The Stepwise Anchoring Paradigm: Measuring Reliable Components of Anchoring and Adjustment as the Next Step in Moderator Research. https://doi.org/10.31234/osf.io/hjbwp","Röseler et al., 2020","https://osf.io/uac2t/","Weight of a deer (kg)","weight",1,0,0,1,1,1,3,3,25,1,1
"597",28,1,20,25,329,75329,"Röseler, L., Schütz, A., Dolling, I. K., Friedinger, K., Hösch, Y., Hügel, J. C., … Röseler, J. J. (2020, July 24). The Stepwise Anchoring Paradigm: Measuring Reliable Components of Anchoring and Adjustment as the Next Step in Moderator Research. https://doi.org/10.31234/osf.io/hjbwp","Röseler et al., 2020","https://osf.io/uac2t/","Weight of a wolf (kg)","weight",1,0,0,1,1,1,3,3,50,0,1
"598",28,1,45,75,329,75329,"Röseler, L., Schütz, A., Dolling, I. K., Friedinger, K., Hösch, Y., Hügel, J. C., … Röseler, J. J. (2020, July 24). The Stepwise Anchoring Paradigm: Measuring Reliable Components of Anchoring and Adjustment as the Next Step in Moderator Research. https://doi.org/10.31234/osf.io/hjbwp","Röseler et al., 2020","https://osf.io/uac2t/","Weight of a goat (kg)","weight",1,0,0,1,1,1,3,3,50,1,1
"599",28,1,45,36,329,75329,"Röseler, L., Schütz, A., Dolling, I. K., Friedinger, K., Hösch, Y., Hügel, J. C., … Röseler, J. J. (2020, July 24). The Stepwise Anchoring Paradigm: Measuring Reliable Components of Anchoring and Adjustment as the Next Step in Moderator Research. https://doi.org/10.31234/osf.io/hjbwp","Röseler et al., 2020","https://osf.io/uac2t/","Weight of a hyena (kg)","weight",1,0,0,1,1,1,3,3,60,0,1
"600",28,1,60,84,329,75329,"Röseler, L., Schütz, A., Dolling, I. K., Friedinger, K., Hösch, Y., Hügel, J. C., … Röseler, J. J. (2020, July 24). The Stepwise Anchoring Paradigm: Measuring Reliable Components of Anchoring and Adjustment as the Next Step in Moderator Research. https://doi.org/10.31234/osf.io/hjbwp","Röseler et al., 2020","https://osf.io/uac2t/","Weight of a warthog (kg)","weight",1,0,0,1,1,1,3,3,60,1,1
"601",48,1,6,8,332,75332,"Röseler, L., Schütz, A., Dolling, I. K., Friedinger, K., Hösch, Y., Hügel, J. C., … Röseler, J. J. (2020, July 24). The Stepwise Anchoring Paradigm: Measuring Reliable Components of Anchoring and Adjustment as the Next Step in Moderator Research. https://doi.org/10.31234/osf.io/hjbwp","Röseler et al., 2020","https://osf.io/uac2t/","Weight of a rabbit (kg)","weight",1,0,0,1,1,1,3,3,4.5,1,1
"602",48,1,3,1,332,75332,"Röseler, L., Schütz, A., Dolling, I. K., Friedinger, K., Hösch, Y., Hügel, J. C., … Röseler, J. J. (2020, July 24). The Stepwise Anchoring Paradigm: Measuring Reliable Components of Anchoring and Adjustment as the Next Step in Moderator Research. https://doi.org/10.31234/osf.io/hjbwp","Röseler et al., 2020","https://osf.io/uac2t/","Weight of a cat (kg)","weight",1,0,0,1,1,1,3,3,4.25,0,1
"603",48,1,11,14,332,75332,"Röseler, L., Schütz, A., Dolling, I. K., Friedinger, K., Hösch, Y., Hügel, J. C., … Röseler, J. J. (2020, July 24). The Stepwise Anchoring Paradigm: Measuring Reliable Components of Anchoring and Adjustment as the Next Step in Moderator Research. https://doi.org/10.31234/osf.io/hjbwp","Röseler et al., 2020","https://osf.io/uac2t/","Weight of a fox (kg)","weight",1,0,0,1,1,1,3,3,8,1,1
"604",48,1,8,2,332,75332,"Röseler, L., Schütz, A., Dolling, I. K., Friedinger, K., Hösch, Y., Hügel, J. C., … Röseler, J. J. (2020, July 24). The Stepwise Anchoring Paradigm: Measuring Reliable Components of Anchoring and Adjustment as the Next Step in Moderator Research. https://doi.org/10.31234/osf.io/hjbwp","Röseler et al., 2020","https://osf.io/uac2t/","Weight of a racoon (kg)","weight",1,0,0,1,1,1,3,3,8,0,1
"605",48,1,20,26,332,75332,"Röseler, L., Schütz, A., Dolling, I. K., Friedinger, K., Hösch, Y., Hügel, J. C., … Röseler, J. J. (2020, July 24). The Stepwise Anchoring Paradigm: Measuring Reliable Components of Anchoring and Adjustment as the Next Step in Moderator Research. https://doi.org/10.31234/osf.io/hjbwp","Röseler et al., 2020","https://osf.io/uac2t/","Weight of a badger (kg)","weight",1,0,0,1,1,1,3,3,15,1,1
"606",48,1,7,4,332,75332,"Röseler, L., Schütz, A., Dolling, I. K., Friedinger, K., Hösch, Y., Hügel, J. C., … Röseler, J. J. (2020, July 24). The Stepwise Anchoring Paradigm: Measuring Reliable Components of Anchoring and Adjustment as the Next Step in Moderator Research. https://doi.org/10.31234/osf.io/hjbwp","Röseler et al., 2020","https://osf.io/uac2t/","Weight of a pelican (kg)","weight",1,0,0,1,1,1,3,3,15,0,1
"607",48,1,10,40,332,75332,"Röseler, L., Schütz, A., Dolling, I. K., Friedinger, K., Hösch, Y., Hügel, J. C., … Röseler, J. J. (2020, July 24). The Stepwise Anchoring Paradigm: Measuring Reliable Components of Anchoring and Adjustment as the Next Step in Moderator Research. https://doi.org/10.31234/osf.io/hjbwp","Röseler et al., 2020","https://osf.io/uac2t/","Weight of a beaver (kg)","weight",1,0,0,1,1,1,3,3,25,1,1
"608",48,1,21,10,332,75332,"Röseler, L., Schütz, A., Dolling, I. K., Friedinger, K., Hösch, Y., Hügel, J. C., … Röseler, J. J. (2020, July 24). The Stepwise Anchoring Paradigm: Measuring Reliable Components of Anchoring and Adjustment as the Next Step in Moderator Research. https://doi.org/10.31234/osf.io/hjbwp","Röseler et al., 2020","https://osf.io/uac2t/","Weight of a deer (kg)","weight",1,0,0,1,1,1,3,3,25,0,1
"609",48,1,61,75,332,75332,"Röseler, L., Schütz, A., Dolling, I. K., Friedinger, K., Hösch, Y., Hügel, J. C., … Röseler, J. J. (2020, July 24). The Stepwise Anchoring Paradigm: Measuring Reliable Components of Anchoring and Adjustment as the Next Step in Moderator Research. https://doi.org/10.31234/osf.io/hjbwp","Röseler et al., 2020","https://osf.io/uac2t/","Weight of a wolf (kg)","weight",1,0,0,1,1,1,3,3,50,1,1
"610",48,1,30,25,332,75332,"Röseler, L., Schütz, A., Dolling, I. K., Friedinger, K., Hösch, Y., Hügel, J. C., … Röseler, J. J. (2020, July 24). The Stepwise Anchoring Paradigm: Measuring Reliable Components of Anchoring and Adjustment as the Next Step in Moderator Research. https://doi.org/10.31234/osf.io/hjbwp","Röseler et al., 2020","https://osf.io/uac2t/","Weight of a goat (kg)","weight",1,0,0,1,1,1,3,3,50,0,1
"611",48,1,63,84,332,75332,"Röseler, L., Schütz, A., Dolling, I. K., Friedinger, K., Hösch, Y., Hügel, J. C., … Röseler, J. J. (2020, July 24). The Stepwise Anchoring Paradigm: Measuring Reliable Components of Anchoring and Adjustment as the Next Step in Moderator Research. https://doi.org/10.31234/osf.io/hjbwp","Röseler et al., 2020","https://osf.io/uac2t/","Weight of a hyena (kg)","weight",1,0,0,1,1,1,3,3,60,1,1
"612",48,1,45,36,332,75332,"Röseler, L., Schütz, A., Dolling, I. K., Friedinger, K., Hösch, Y., Hügel, J. C., … Röseler, J. J. (2020, July 24). The Stepwise Anchoring Paradigm: Measuring Reliable Components of Anchoring and Adjustment as the Next Step in Moderator Research. https://doi.org/10.31234/osf.io/hjbwp","Röseler et al., 2020","https://osf.io/uac2t/","Weight of a warthog (kg)","weight",1,0,0,1,1,1,3,3,60,0,1
"613",25,1,4,8,339,75339,"Röseler, L., Schütz, A., Dolling, I. K., Friedinger, K., Hösch, Y., Hügel, J. C., … Röseler, J. J. (2020, July 24). The Stepwise Anchoring Paradigm: Measuring Reliable Components of Anchoring and Adjustment as the Next Step in Moderator Research. https://doi.org/10.31234/osf.io/hjbwp","Röseler et al., 2020","https://osf.io/uac2t/","Weight of a rabbit (kg)","weight",1,0,0,1,1,1,3,3,4.5,1,1
"614",25,1,7,1,339,75339,"Röseler, L., Schütz, A., Dolling, I. K., Friedinger, K., Hösch, Y., Hügel, J. C., … Röseler, J. J. (2020, July 24). The Stepwise Anchoring Paradigm: Measuring Reliable Components of Anchoring and Adjustment as the Next Step in Moderator Research. https://doi.org/10.31234/osf.io/hjbwp","Röseler et al., 2020","https://osf.io/uac2t/","Weight of a cat (kg)","weight",1,0,0,1,1,1,3,3,4.25,0,1
"615",25,1,11,14,339,75339,"Röseler, L., Schütz, A., Dolling, I. K., Friedinger, K., Hösch, Y., Hügel, J. C., … Röseler, J. J. (2020, July 24). The Stepwise Anchoring Paradigm: Measuring Reliable Components of Anchoring and Adjustment as the Next Step in Moderator Research. https://doi.org/10.31234/osf.io/hjbwp","Röseler et al., 2020","https://osf.io/uac2t/","Weight of a fox (kg)","weight",1,0,0,1,1,1,3,3,8,1,1
"616",25,1,14,2,339,75339,"Röseler, L., Schütz, A., Dolling, I. K., Friedinger, K., Hösch, Y., Hügel, J. C., … Röseler, J. J. (2020, July 24). The Stepwise Anchoring Paradigm: Measuring Reliable Components of Anchoring and Adjustment as the Next Step in Moderator Research. https://doi.org/10.31234/osf.io/hjbwp","Röseler et al., 2020","https://osf.io/uac2t/","Weight of a racoon (kg)","weight",1,0,0,1,1,1,3,3,8,0,1
"617",25,1,61,26,339,75339,"Röseler, L., Schütz, A., Dolling, I. K., Friedinger, K., Hösch, Y., Hügel, J. C., … Röseler, J. J. (2020, July 24). The Stepwise Anchoring Paradigm: Measuring Reliable Components of Anchoring and Adjustment as the Next Step in Moderator Research. https://doi.org/10.31234/osf.io/hjbwp","Röseler et al., 2020","https://osf.io/uac2t/","Weight of a badger (kg)","weight",1,0,0,1,1,1,3,3,15,1,1
"618",25,1,33,4,339,75339,"Röseler, L., Schütz, A., Dolling, I. K., Friedinger, K., Hösch, Y., Hügel, J. C., … Röseler, J. J. (2020, July 24). The Stepwise Anchoring Paradigm: Measuring Reliable Components of Anchoring and Adjustment as the Next Step in Moderator Research. https://doi.org/10.31234/osf.io/hjbwp","Röseler et al., 2020","https://osf.io/uac2t/","Weight of a pelican (kg)","weight",1,0,0,1,1,1,3,3,15,0,1
"619",25,1,30,40,339,75339,"Röseler, L., Schütz, A., Dolling, I. K., Friedinger, K., Hösch, Y., Hügel, J. C., … Röseler, J. J. (2020, July 24). The Stepwise Anchoring Paradigm: Measuring Reliable Components of Anchoring and Adjustment as the Next Step in Moderator Research. https://doi.org/10.31234/osf.io/hjbwp","Röseler et al., 2020","https://osf.io/uac2t/","Weight of a beaver (kg)","weight",1,0,0,1,1,1,3,3,25,1,1
"620",25,1,40,10,339,75339,"Röseler, L., Schütz, A., Dolling, I. K., Friedinger, K., Hösch, Y., Hügel, J. C., … Röseler, J. J. (2020, July 24). The Stepwise Anchoring Paradigm: Measuring Reliable Components of Anchoring and Adjustment as the Next Step in Moderator Research. https://doi.org/10.31234/osf.io/hjbwp","Röseler et al., 2020","https://osf.io/uac2t/","Weight of a deer (kg)","weight",1,0,0,1,1,1,3,3,25,0,1
"621",25,1,37,75,339,75339,"Röseler, L., Schütz, A., Dolling, I. K., Friedinger, K., Hösch, Y., Hügel, J. C., … Röseler, J. J. (2020, July 24). The Stepwise Anchoring Paradigm: Measuring Reliable Components of Anchoring and Adjustment as the Next Step in Moderator Research. https://doi.org/10.31234/osf.io/hjbwp","Röseler et al., 2020","https://osf.io/uac2t/","Weight of a wolf (kg)","weight",1,0,0,1,1,1,3,3,50,1,1
"622",25,1,33,25,339,75339,"Röseler, L., Schütz, A., Dolling, I. K., Friedinger, K., Hösch, Y., Hügel, J. C., … Röseler, J. J. (2020, July 24). The Stepwise Anchoring Paradigm: Measuring Reliable Components of Anchoring and Adjustment as the Next Step in Moderator Research. https://doi.org/10.31234/osf.io/hjbwp","Röseler et al., 2020","https://osf.io/uac2t/","Weight of a goat (kg)","weight",1,0,0,1,1,1,3,3,50,0,1
"623",25,1,33,84,339,75339,"Röseler, L., Schütz, A., Dolling, I. K., Friedinger, K., Hösch, Y., Hügel, J. C., … Röseler, J. J. (2020, July 24). The Stepwise Anchoring Paradigm: Measuring Reliable Components of Anchoring and Adjustment as the Next Step in Moderator Research. https://doi.org/10.31234/osf.io/hjbwp","Röseler et al., 2020","https://osf.io/uac2t/","Weight of a hyena (kg)","weight",1,0,0,1,1,1,3,3,60,1,1
"624",25,1,80,36,339,75339,"Röseler, L., Schütz, A., Dolling, I. K., Friedinger, K., Hösch, Y., Hügel, J. C., … Röseler, J. J. (2020, July 24). The Stepwise Anchoring Paradigm: Measuring Reliable Components of Anchoring and Adjustment as the Next Step in Moderator Research. https://doi.org/10.31234/osf.io/hjbwp","Röseler et al., 2020","https://osf.io/uac2t/","Weight of a warthog (kg)","weight",1,0,0,1,1,1,3,3,60,0,1
"625",22,1,10,1,341,75341,"Röseler, L., Schütz, A., Dolling, I. K., Friedinger, K., Hösch, Y., Hügel, J. C., … Röseler, J. J. (2020, July 24). The Stepwise Anchoring Paradigm: Measuring Reliable Components of Anchoring and Adjustment as the Next Step in Moderator Research. https://doi.org/10.31234/osf.io/hjbwp","Röseler et al., 2020","https://osf.io/uac2t/","Weight of a rabbit (kg)","weight",1,0,0,1,1,1,3,3,4.5,0,1
"626",22,1,4,8,341,75341,"Röseler, L., Schütz, A., Dolling, I. K., Friedinger, K., Hösch, Y., Hügel, J. C., … Röseler, J. J. (2020, July 24). The Stepwise Anchoring Paradigm: Measuring Reliable Components of Anchoring and Adjustment as the Next Step in Moderator Research. https://doi.org/10.31234/osf.io/hjbwp","Röseler et al., 2020","https://osf.io/uac2t/","Weight of a cat (kg)","weight",1,0,0,1,1,1,3,3,4.25,1,1
"627",22,1,7,2,341,75341,"Röseler, L., Schütz, A., Dolling, I. K., Friedinger, K., Hösch, Y., Hügel, J. C., … Röseler, J. J. (2020, July 24). The Stepwise Anchoring Paradigm: Measuring Reliable Components of Anchoring and Adjustment as the Next Step in Moderator Research. https://doi.org/10.31234/osf.io/hjbwp","Röseler et al., 2020","https://osf.io/uac2t/","Weight of a fox (kg)","weight",1,0,0,1,1,1,3,3,8,0,1
"628",22,1,19,14,341,75341,"Röseler, L., Schütz, A., Dolling, I. K., Friedinger, K., Hösch, Y., Hügel, J. C., … Röseler, J. J. (2020, July 24). The Stepwise Anchoring Paradigm: Measuring Reliable Components of Anchoring and Adjustment as the Next Step in Moderator Research. https://doi.org/10.31234/osf.io/hjbwp","Röseler et al., 2020","https://osf.io/uac2t/","Weight of a racoon (kg)","weight",1,0,0,1,1,1,3,3,8,1,1
"629",22,1,19,4,341,75341,"Röseler, L., Schütz, A., Dolling, I. K., Friedinger, K., Hösch, Y., Hügel, J. C., … Röseler, J. J. (2020, July 24). The Stepwise Anchoring Paradigm: Measuring Reliable Components of Anchoring and Adjustment as the Next Step in Moderator Research. https://doi.org/10.31234/osf.io/hjbwp","Röseler et al., 2020","https://osf.io/uac2t/","Weight of a badger (kg)","weight",1,0,0,1,1,1,3,3,15,0,1
"630",22,1,16,26,341,75341,"Röseler, L., Schütz, A., Dolling, I. K., Friedinger, K., Hösch, Y., Hügel, J. C., … Röseler, J. J. (2020, July 24). The Stepwise Anchoring Paradigm: Measuring Reliable Components of Anchoring and Adjustment as the Next Step in Moderator Research. https://doi.org/10.31234/osf.io/hjbwp","Röseler et al., 2020","https://osf.io/uac2t/","Weight of a pelican (kg)","weight",1,0,0,1,1,1,3,3,15,1,1
"631",22,1,18,10,341,75341,"Röseler, L., Schütz, A., Dolling, I. K., Friedinger, K., Hösch, Y., Hügel, J. C., … Röseler, J. J. (2020, July 24). The Stepwise Anchoring Paradigm: Measuring Reliable Components of Anchoring and Adjustment as the Next Step in Moderator Research. https://doi.org/10.31234/osf.io/hjbwp","Röseler et al., 2020","https://osf.io/uac2t/","Weight of a beaver (kg)","weight",1,0,0,1,1,1,3,3,25,0,1
"632",22,1,33,40,341,75341,"Röseler, L., Schütz, A., Dolling, I. K., Friedinger, K., Hösch, Y., Hügel, J. C., … Röseler, J. J. (2020, July 24). The Stepwise Anchoring Paradigm: Measuring Reliable Components of Anchoring and Adjustment as the Next Step in Moderator Research. https://doi.org/10.31234/osf.io/hjbwp","Röseler et al., 2020","https://osf.io/uac2t/","Weight of a deer (kg)","weight",1,0,0,1,1,1,3,3,25,1,1
"633",22,1,41,25,341,75341,"Röseler, L., Schütz, A., Dolling, I. K., Friedinger, K., Hösch, Y., Hügel, J. C., … Röseler, J. J. (2020, July 24). The Stepwise Anchoring Paradigm: Measuring Reliable Components of Anchoring and Adjustment as the Next Step in Moderator Research. https://doi.org/10.31234/osf.io/hjbwp","Röseler et al., 2020","https://osf.io/uac2t/","Weight of a wolf (kg)","weight",1,0,0,1,1,1,3,3,50,0,1
"634",22,1,39,75,341,75341,"Röseler, L., Schütz, A., Dolling, I. K., Friedinger, K., Hösch, Y., Hügel, J. C., … Röseler, J. J. (2020, July 24). The Stepwise Anchoring Paradigm: Measuring Reliable Components of Anchoring and Adjustment as the Next Step in Moderator Research. https://doi.org/10.31234/osf.io/hjbwp","Röseler et al., 2020","https://osf.io/uac2t/","Weight of a goat (kg)","weight",1,0,0,1,1,1,3,3,50,1,1
"635",22,1,48,36,341,75341,"Röseler, L., Schütz, A., Dolling, I. K., Friedinger, K., Hösch, Y., Hügel, J. C., … Röseler, J. J. (2020, July 24). The Stepwise Anchoring Paradigm: Measuring Reliable Components of Anchoring and Adjustment as the Next Step in Moderator Research. https://doi.org/10.31234/osf.io/hjbwp","Röseler et al., 2020","https://osf.io/uac2t/","Weight of a hyena (kg)","weight",1,0,0,1,1,1,3,3,60,0,1
"636",22,1,69,84,341,75341,"Röseler, L., Schütz, A., Dolling, I. K., Friedinger, K., Hösch, Y., Hügel, J. C., … Röseler, J. J. (2020, July 24). The Stepwise Anchoring Paradigm: Measuring Reliable Components of Anchoring and Adjustment as the Next Step in Moderator Research. https://doi.org/10.31234/osf.io/hjbwp","Röseler et al., 2020","https://osf.io/uac2t/","Weight of a warthog (kg)","weight",1,0,0,1,1,1,3,3,60,1,1
"637",24,2,7,1,345,75345,"Röseler, L., Schütz, A., Dolling, I. K., Friedinger, K., Hösch, Y., Hügel, J. C., … Röseler, J. J. (2020, July 24). The Stepwise Anchoring Paradigm: Measuring Reliable Components of Anchoring and Adjustment as the Next Step in Moderator Research. https://doi.org/10.31234/osf.io/hjbwp","Röseler et al., 2020","https://osf.io/uac2t/","Weight of a rabbit (kg)","weight",1,0,0,1,1,1,3,3,4.5,0,1
"638",24,2,4,8,345,75345,"Röseler, L., Schütz, A., Dolling, I. K., Friedinger, K., Hösch, Y., Hügel, J. C., … Röseler, J. J. (2020, July 24). The Stepwise Anchoring Paradigm: Measuring Reliable Components of Anchoring and Adjustment as the Next Step in Moderator Research. https://doi.org/10.31234/osf.io/hjbwp","Röseler et al., 2020","https://osf.io/uac2t/","Weight of a cat (kg)","weight",1,0,0,1,1,1,3,3,4.25,1,1
"639",24,2,6,2,345,75345,"Röseler, L., Schütz, A., Dolling, I. K., Friedinger, K., Hösch, Y., Hügel, J. C., … Röseler, J. J. (2020, July 24). The Stepwise Anchoring Paradigm: Measuring Reliable Components of Anchoring and Adjustment as the Next Step in Moderator Research. https://doi.org/10.31234/osf.io/hjbwp","Röseler et al., 2020","https://osf.io/uac2t/","Weight of a fox (kg)","weight",1,0,0,1,1,1,3,3,8,0,1
"640",24,2,17,14,345,75345,"Röseler, L., Schütz, A., Dolling, I. K., Friedinger, K., Hösch, Y., Hügel, J. C., … Röseler, J. J. (2020, July 24). The Stepwise Anchoring Paradigm: Measuring Reliable Components of Anchoring and Adjustment as the Next Step in Moderator Research. https://doi.org/10.31234/osf.io/hjbwp","Röseler et al., 2020","https://osf.io/uac2t/","Weight of a racoon (kg)","weight",1,0,0,1,1,1,3,3,8,1,1
"641",24,2,12,4,345,75345,"Röseler, L., Schütz, A., Dolling, I. K., Friedinger, K., Hösch, Y., Hügel, J. C., … Röseler, J. J. (2020, July 24). The Stepwise Anchoring Paradigm: Measuring Reliable Components of Anchoring and Adjustment as the Next Step in Moderator Research. https://doi.org/10.31234/osf.io/hjbwp","Röseler et al., 2020","https://osf.io/uac2t/","Weight of a badger (kg)","weight",1,0,0,1,1,1,3,3,15,0,1
"642",24,2,17,26,345,75345,"Röseler, L., Schütz, A., Dolling, I. K., Friedinger, K., Hösch, Y., Hügel, J. C., … Röseler, J. J. (2020, July 24). The Stepwise Anchoring Paradigm: Measuring Reliable Components of Anchoring and Adjustment as the Next Step in Moderator Research. https://doi.org/10.31234/osf.io/hjbwp","Röseler et al., 2020","https://osf.io/uac2t/","Weight of a pelican (kg)","weight",1,0,0,1,1,1,3,3,15,1,1
"643",24,2,16,10,345,75345,"Röseler, L., Schütz, A., Dolling, I. K., Friedinger, K., Hösch, Y., Hügel, J. C., … Röseler, J. J. (2020, July 24). The Stepwise Anchoring Paradigm: Measuring Reliable Components of Anchoring and Adjustment as the Next Step in Moderator Research. https://doi.org/10.31234/osf.io/hjbwp","Röseler et al., 2020","https://osf.io/uac2t/","Weight of a beaver (kg)","weight",1,0,0,1,1,1,3,3,25,0,1
"644",24,2,31,40,345,75345,"Röseler, L., Schütz, A., Dolling, I. K., Friedinger, K., Hösch, Y., Hügel, J. C., … Röseler, J. J. (2020, July 24). The Stepwise Anchoring Paradigm: Measuring Reliable Components of Anchoring and Adjustment as the Next Step in Moderator Research. https://doi.org/10.31234/osf.io/hjbwp","Röseler et al., 2020","https://osf.io/uac2t/","Weight of a deer (kg)","weight",1,0,0,1,1,1,3,3,25,1,1
"645",24,2,43,25,345,75345,"Röseler, L., Schütz, A., Dolling, I. K., Friedinger, K., Hösch, Y., Hügel, J. C., … Röseler, J. J. (2020, July 24). The Stepwise Anchoring Paradigm: Measuring Reliable Components of Anchoring and Adjustment as the Next Step in Moderator Research. https://doi.org/10.31234/osf.io/hjbwp","Röseler et al., 2020","https://osf.io/uac2t/","Weight of a wolf (kg)","weight",1,0,0,1,1,1,3,3,50,0,1
"646",24,2,30,75,345,75345,"Röseler, L., Schütz, A., Dolling, I. K., Friedinger, K., Hösch, Y., Hügel, J. C., … Röseler, J. J. (2020, July 24). The Stepwise Anchoring Paradigm: Measuring Reliable Components of Anchoring and Adjustment as the Next Step in Moderator Research. https://doi.org/10.31234/osf.io/hjbwp","Röseler et al., 2020","https://osf.io/uac2t/","Weight of a goat (kg)","weight",1,0,0,1,1,1,3,3,50,1,1
"647",24,2,45,36,345,75345,"Röseler, L., Schütz, A., Dolling, I. K., Friedinger, K., Hösch, Y., Hügel, J. C., … Röseler, J. J. (2020, July 24). The Stepwise Anchoring Paradigm: Measuring Reliable Components of Anchoring and Adjustment as the Next Step in Moderator Research. https://doi.org/10.31234/osf.io/hjbwp","Röseler et al., 2020","https://osf.io/uac2t/","Weight of a hyena (kg)","weight",1,0,0,1,1,1,3,3,60,0,1
"648",24,2,53,84,345,75345,"Röseler, L., Schütz, A., Dolling, I. K., Friedinger, K., Hösch, Y., Hügel, J. C., … Röseler, J. J. (2020, July 24). The Stepwise Anchoring Paradigm: Measuring Reliable Components of Anchoring and Adjustment as the Next Step in Moderator Research. https://doi.org/10.31234/osf.io/hjbwp","Röseler et al., 2020","https://osf.io/uac2t/","Weight of a warthog (kg)","weight",1,0,0,1,1,1,3,3,60,1,1
"649",19,2,3,8,348,75348,"Röseler, L., Schütz, A., Dolling, I. K., Friedinger, K., Hösch, Y., Hügel, J. C., … Röseler, J. J. (2020, July 24). The Stepwise Anchoring Paradigm: Measuring Reliable Components of Anchoring and Adjustment as the Next Step in Moderator Research. https://doi.org/10.31234/osf.io/hjbwp","Röseler et al., 2020","https://osf.io/uac2t/","Weight of a rabbit (kg)","weight",1,0,0,1,1,1,3,3,4.5,1,1
"650",19,2,4,1,348,75348,"Röseler, L., Schütz, A., Dolling, I. K., Friedinger, K., Hösch, Y., Hügel, J. C., … Röseler, J. J. (2020, July 24). The Stepwise Anchoring Paradigm: Measuring Reliable Components of Anchoring and Adjustment as the Next Step in Moderator Research. https://doi.org/10.31234/osf.io/hjbwp","Röseler et al., 2020","https://osf.io/uac2t/","Weight of a cat (kg)","weight",1,0,0,1,1,1,3,3,4.25,0,1
"651",19,2,8,14,348,75348,"Röseler, L., Schütz, A., Dolling, I. K., Friedinger, K., Hösch, Y., Hügel, J. C., … Röseler, J. J. (2020, July 24). The Stepwise Anchoring Paradigm: Measuring Reliable Components of Anchoring and Adjustment as the Next Step in Moderator Research. https://doi.org/10.31234/osf.io/hjbwp","Röseler et al., 2020","https://osf.io/uac2t/","Weight of a fox (kg)","weight",1,0,0,1,1,1,3,3,8,1,1
"652",19,2,13,2,348,75348,"Röseler, L., Schütz, A., Dolling, I. K., Friedinger, K., Hösch, Y., Hügel, J. C., … Röseler, J. J. (2020, July 24). The Stepwise Anchoring Paradigm: Measuring Reliable Components of Anchoring and Adjustment as the Next Step in Moderator Research. https://doi.org/10.31234/osf.io/hjbwp","Röseler et al., 2020","https://osf.io/uac2t/","Weight of a racoon (kg)","weight",1,0,0,1,1,1,3,3,8,0,1
"653",19,2,15,26,348,75348,"Röseler, L., Schütz, A., Dolling, I. K., Friedinger, K., Hösch, Y., Hügel, J. C., … Röseler, J. J. (2020, July 24). The Stepwise Anchoring Paradigm: Measuring Reliable Components of Anchoring and Adjustment as the Next Step in Moderator Research. https://doi.org/10.31234/osf.io/hjbwp","Röseler et al., 2020","https://osf.io/uac2t/","Weight of a badger (kg)","weight",1,0,0,1,1,1,3,3,15,1,1
"654",19,2,10,4,348,75348,"Röseler, L., Schütz, A., Dolling, I. K., Friedinger, K., Hösch, Y., Hügel, J. C., … Röseler, J. J. (2020, July 24). The Stepwise Anchoring Paradigm: Measuring Reliable Components of Anchoring and Adjustment as the Next Step in Moderator Research. https://doi.org/10.31234/osf.io/hjbwp","Röseler et al., 2020","https://osf.io/uac2t/","Weight of a pelican (kg)","weight",1,0,0,1,1,1,3,3,15,0,1
"655",19,2,7,40,348,75348,"Röseler, L., Schütz, A., Dolling, I. K., Friedinger, K., Hösch, Y., Hügel, J. C., … Röseler, J. J. (2020, July 24). The Stepwise Anchoring Paradigm: Measuring Reliable Components of Anchoring and Adjustment as the Next Step in Moderator Research. https://doi.org/10.31234/osf.io/hjbwp","Röseler et al., 2020","https://osf.io/uac2t/","Weight of a beaver (kg)","weight",1,0,0,1,1,1,3,3,25,1,1
"656",19,2,46,10,348,75348,"Röseler, L., Schütz, A., Dolling, I. K., Friedinger, K., Hösch, Y., Hügel, J. C., … Röseler, J. J. (2020, July 24). The Stepwise Anchoring Paradigm: Measuring Reliable Components of Anchoring and Adjustment as the Next Step in Moderator Research. https://doi.org/10.31234/osf.io/hjbwp","Röseler et al., 2020","https://osf.io/uac2t/","Weight of a deer (kg)","weight",1,0,0,1,1,1,3,3,25,0,1
"657",19,2,12,75,348,75348,"Röseler, L., Schütz, A., Dolling, I. K., Friedinger, K., Hösch, Y., Hügel, J. C., … Röseler, J. J. (2020, July 24). The Stepwise Anchoring Paradigm: Measuring Reliable Components of Anchoring and Adjustment as the Next Step in Moderator Research. https://doi.org/10.31234/osf.io/hjbwp","Röseler et al., 2020","https://osf.io/uac2t/","Weight of a wolf (kg)","weight",1,0,0,1,1,1,3,3,50,1,1
"658",19,2,40,25,348,75348,"Röseler, L., Schütz, A., Dolling, I. K., Friedinger, K., Hösch, Y., Hügel, J. C., … Röseler, J. J. (2020, July 24). The Stepwise Anchoring Paradigm: Measuring Reliable Components of Anchoring and Adjustment as the Next Step in Moderator Research. https://doi.org/10.31234/osf.io/hjbwp","Röseler et al., 2020","https://osf.io/uac2t/","Weight of a goat (kg)","weight",1,0,0,1,1,1,3,3,50,0,1
"659",19,2,40,84,348,75348,"Röseler, L., Schütz, A., Dolling, I. K., Friedinger, K., Hösch, Y., Hügel, J. C., … Röseler, J. J. (2020, July 24). The Stepwise Anchoring Paradigm: Measuring Reliable Components of Anchoring and Adjustment as the Next Step in Moderator Research. https://doi.org/10.31234/osf.io/hjbwp","Röseler et al., 2020","https://osf.io/uac2t/","Weight of a hyena (kg)","weight",1,0,0,1,1,1,3,3,60,1,1
"660",19,2,48,36,348,75348,"Röseler, L., Schütz, A., Dolling, I. K., Friedinger, K., Hösch, Y., Hügel, J. C., … Röseler, J. J. (2020, July 24). The Stepwise Anchoring Paradigm: Measuring Reliable Components of Anchoring and Adjustment as the Next Step in Moderator Research. https://doi.org/10.31234/osf.io/hjbwp","Röseler et al., 2020","https://osf.io/uac2t/","Weight of a warthog (kg)","weight",1,0,0,1,1,1,3,3,60,0,1
"661",20,2,3,1,371,75371,"Röseler, L., Schütz, A., Dolling, I. K., Friedinger, K., Hösch, Y., Hügel, J. C., … Röseler, J. J. (2020, July 24). The Stepwise Anchoring Paradigm: Measuring Reliable Components of Anchoring and Adjustment as the Next Step in Moderator Research. https://doi.org/10.31234/osf.io/hjbwp","Röseler et al., 2020","https://osf.io/uac2t/","Weight of a rabbit (kg)","weight",1,0,0,1,1,1,3,3,4.5,0,1
"662",20,2,4,8,371,75371,"Röseler, L., Schütz, A., Dolling, I. K., Friedinger, K., Hösch, Y., Hügel, J. C., … Röseler, J. J. (2020, July 24). The Stepwise Anchoring Paradigm: Measuring Reliable Components of Anchoring and Adjustment as the Next Step in Moderator Research. https://doi.org/10.31234/osf.io/hjbwp","Röseler et al., 2020","https://osf.io/uac2t/","Weight of a cat (kg)","weight",1,0,0,1,1,1,3,3,4.25,1,1
"663",20,2,5,2,371,75371,"Röseler, L., Schütz, A., Dolling, I. K., Friedinger, K., Hösch, Y., Hügel, J. C., … Röseler, J. J. (2020, July 24). The Stepwise Anchoring Paradigm: Measuring Reliable Components of Anchoring and Adjustment as the Next Step in Moderator Research. https://doi.org/10.31234/osf.io/hjbwp","Röseler et al., 2020","https://osf.io/uac2t/","Weight of a fox (kg)","weight",1,0,0,1,1,1,3,3,8,0,1
"664",20,2,13,14,371,75371,"Röseler, L., Schütz, A., Dolling, I. K., Friedinger, K., Hösch, Y., Hügel, J. C., … Röseler, J. J. (2020, July 24). The Stepwise Anchoring Paradigm: Measuring Reliable Components of Anchoring and Adjustment as the Next Step in Moderator Research. https://doi.org/10.31234/osf.io/hjbwp","Röseler et al., 2020","https://osf.io/uac2t/","Weight of a racoon (kg)","weight",1,0,0,1,1,1,3,3,8,1,1
"665",20,2,11,4,371,75371,"Röseler, L., Schütz, A., Dolling, I. K., Friedinger, K., Hösch, Y., Hügel, J. C., … Röseler, J. J. (2020, July 24). The Stepwise Anchoring Paradigm: Measuring Reliable Components of Anchoring and Adjustment as the Next Step in Moderator Research. https://doi.org/10.31234/osf.io/hjbwp","Röseler et al., 2020","https://osf.io/uac2t/","Weight of a badger (kg)","weight",1,0,0,1,1,1,3,3,15,0,1
"666",20,2,11,26,371,75371,"Röseler, L., Schütz, A., Dolling, I. K., Friedinger, K., Hösch, Y., Hügel, J. C., … Röseler, J. J. (2020, July 24). The Stepwise Anchoring Paradigm: Measuring Reliable Components of Anchoring and Adjustment as the Next Step in Moderator Research. https://doi.org/10.31234/osf.io/hjbwp","Röseler et al., 2020","https://osf.io/uac2t/","Weight of a pelican (kg)","weight",1,0,0,1,1,1,3,3,15,1,1
"667",20,2,17,10,371,75371,"Röseler, L., Schütz, A., Dolling, I. K., Friedinger, K., Hösch, Y., Hügel, J. C., … Röseler, J. J. (2020, July 24). The Stepwise Anchoring Paradigm: Measuring Reliable Components of Anchoring and Adjustment as the Next Step in Moderator Research. https://doi.org/10.31234/osf.io/hjbwp","Röseler et al., 2020","https://osf.io/uac2t/","Weight of a beaver (kg)","weight",1,0,0,1,1,1,3,3,25,0,1
"668",20,2,32,40,371,75371,"Röseler, L., Schütz, A., Dolling, I. K., Friedinger, K., Hösch, Y., Hügel, J. C., … Röseler, J. J. (2020, July 24). The Stepwise Anchoring Paradigm: Measuring Reliable Components of Anchoring and Adjustment as the Next Step in Moderator Research. https://doi.org/10.31234/osf.io/hjbwp","Röseler et al., 2020","https://osf.io/uac2t/","Weight of a deer (kg)","weight",1,0,0,1,1,1,3,3,25,1,1
"669",20,2,NA,25,371,75371,"Röseler, L., Schütz, A., Dolling, I. K., Friedinger, K., Hösch, Y., Hügel, J. C., … Röseler, J. J. (2020, July 24). The Stepwise Anchoring Paradigm: Measuring Reliable Components of Anchoring and Adjustment as the Next Step in Moderator Research. https://doi.org/10.31234/osf.io/hjbwp","Röseler et al., 2020","https://osf.io/uac2t/","Weight of a wolf (kg)","weight",1,0,0,1,1,1,3,3,50,0,1
"670",20,2,36,75,371,75371,"Röseler, L., Schütz, A., Dolling, I. K., Friedinger, K., Hösch, Y., Hügel, J. C., … Röseler, J. J. (2020, July 24). The Stepwise Anchoring Paradigm: Measuring Reliable Components of Anchoring and Adjustment as the Next Step in Moderator Research. https://doi.org/10.31234/osf.io/hjbwp","Röseler et al., 2020","https://osf.io/uac2t/","Weight of a goat (kg)","weight",1,0,0,1,1,1,3,3,50,1,1
"671",20,2,44,36,371,75371,"Röseler, L., Schütz, A., Dolling, I. K., Friedinger, K., Hösch, Y., Hügel, J. C., … Röseler, J. J. (2020, July 24). The Stepwise Anchoring Paradigm: Measuring Reliable Components of Anchoring and Adjustment as the Next Step in Moderator Research. https://doi.org/10.31234/osf.io/hjbwp","Röseler et al., 2020","https://osf.io/uac2t/","Weight of a hyena (kg)","weight",1,0,0,1,1,1,3,3,60,0,1
"672",20,2,40,84,371,75371,"Röseler, L., Schütz, A., Dolling, I. K., Friedinger, K., Hösch, Y., Hügel, J. C., … Röseler, J. J. (2020, July 24). The Stepwise Anchoring Paradigm: Measuring Reliable Components of Anchoring and Adjustment as the Next Step in Moderator Research. https://doi.org/10.31234/osf.io/hjbwp","Röseler et al., 2020","https://osf.io/uac2t/","Weight of a warthog (kg)","weight",1,0,0,1,1,1,3,3,60,1,1
"673",33,2,6,1,373,75373,"Röseler, L., Schütz, A., Dolling, I. K., Friedinger, K., Hösch, Y., Hügel, J. C., … Röseler, J. J. (2020, July 24). The Stepwise Anchoring Paradigm: Measuring Reliable Components of Anchoring and Adjustment as the Next Step in Moderator Research. https://doi.org/10.31234/osf.io/hjbwp","Röseler et al., 2020","https://osf.io/uac2t/","Weight of a rabbit (kg)","weight",1,0,0,1,1,1,3,3,4.5,0,1
"674",33,2,2,8,373,75373,"Röseler, L., Schütz, A., Dolling, I. K., Friedinger, K., Hösch, Y., Hügel, J. C., … Röseler, J. J. (2020, July 24). The Stepwise Anchoring Paradigm: Measuring Reliable Components of Anchoring and Adjustment as the Next Step in Moderator Research. https://doi.org/10.31234/osf.io/hjbwp","Röseler et al., 2020","https://osf.io/uac2t/","Weight of a cat (kg)","weight",1,0,0,1,1,1,3,3,4.25,1,1
"675",33,2,9,2,373,75373,"Röseler, L., Schütz, A., Dolling, I. K., Friedinger, K., Hösch, Y., Hügel, J. C., … Röseler, J. J. (2020, July 24). The Stepwise Anchoring Paradigm: Measuring Reliable Components of Anchoring and Adjustment as the Next Step in Moderator Research. https://doi.org/10.31234/osf.io/hjbwp","Röseler et al., 2020","https://osf.io/uac2t/","Weight of a fox (kg)","weight",1,0,0,1,1,1,3,3,8,0,1
"676",33,2,19,14,373,75373,"Röseler, L., Schütz, A., Dolling, I. K., Friedinger, K., Hösch, Y., Hügel, J. C., … Röseler, J. J. (2020, July 24). The Stepwise Anchoring Paradigm: Measuring Reliable Components of Anchoring and Adjustment as the Next Step in Moderator Research. https://doi.org/10.31234/osf.io/hjbwp","Röseler et al., 2020","https://osf.io/uac2t/","Weight of a racoon (kg)","weight",1,0,0,1,1,1,3,3,8,1,1
"677",33,2,10,4,373,75373,"Röseler, L., Schütz, A., Dolling, I. K., Friedinger, K., Hösch, Y., Hügel, J. C., … Röseler, J. J. (2020, July 24). The Stepwise Anchoring Paradigm: Measuring Reliable Components of Anchoring and Adjustment as the Next Step in Moderator Research. https://doi.org/10.31234/osf.io/hjbwp","Röseler et al., 2020","https://osf.io/uac2t/","Weight of a badger (kg)","weight",1,0,0,1,1,1,3,3,15,0,1
"678",33,2,14,26,373,75373,"Röseler, L., Schütz, A., Dolling, I. K., Friedinger, K., Hösch, Y., Hügel, J. C., … Röseler, J. J. (2020, July 24). The Stepwise Anchoring Paradigm: Measuring Reliable Components of Anchoring and Adjustment as the Next Step in Moderator Research. https://doi.org/10.31234/osf.io/hjbwp","Röseler et al., 2020","https://osf.io/uac2t/","Weight of a pelican (kg)","weight",1,0,0,1,1,1,3,3,15,1,1
"679",33,2,14,10,373,75373,"Röseler, L., Schütz, A., Dolling, I. K., Friedinger, K., Hösch, Y., Hügel, J. C., … Röseler, J. J. (2020, July 24). The Stepwise Anchoring Paradigm: Measuring Reliable Components of Anchoring and Adjustment as the Next Step in Moderator Research. https://doi.org/10.31234/osf.io/hjbwp","Röseler et al., 2020","https://osf.io/uac2t/","Weight of a beaver (kg)","weight",1,0,0,1,1,1,3,3,25,0,1
"680",33,2,32,40,373,75373,"Röseler, L., Schütz, A., Dolling, I. K., Friedinger, K., Hösch, Y., Hügel, J. C., … Röseler, J. J. (2020, July 24). The Stepwise Anchoring Paradigm: Measuring Reliable Components of Anchoring and Adjustment as the Next Step in Moderator Research. https://doi.org/10.31234/osf.io/hjbwp","Röseler et al., 2020","https://osf.io/uac2t/","Weight of a deer (kg)","weight",1,0,0,1,1,1,3,3,25,1,1
"681",33,2,53,25,373,75373,"Röseler, L., Schütz, A., Dolling, I. K., Friedinger, K., Hösch, Y., Hügel, J. C., … Röseler, J. J. (2020, July 24). The Stepwise Anchoring Paradigm: Measuring Reliable Components of Anchoring and Adjustment as the Next Step in Moderator Research. https://doi.org/10.31234/osf.io/hjbwp","Röseler et al., 2020","https://osf.io/uac2t/","Weight of a wolf (kg)","weight",1,0,0,1,1,1,3,3,50,0,1
"682",33,2,30,75,373,75373,"Röseler, L., Schütz, A., Dolling, I. K., Friedinger, K., Hösch, Y., Hügel, J. C., … Röseler, J. J. (2020, July 24). The Stepwise Anchoring Paradigm: Measuring Reliable Components of Anchoring and Adjustment as the Next Step in Moderator Research. https://doi.org/10.31234/osf.io/hjbwp","Röseler et al., 2020","https://osf.io/uac2t/","Weight of a goat (kg)","weight",1,0,0,1,1,1,3,3,50,1,1
"683",33,2,79,36,373,75373,"Röseler, L., Schütz, A., Dolling, I. K., Friedinger, K., Hösch, Y., Hügel, J. C., … Röseler, J. J. (2020, July 24). The Stepwise Anchoring Paradigm: Measuring Reliable Components of Anchoring and Adjustment as the Next Step in Moderator Research. https://doi.org/10.31234/osf.io/hjbwp","Röseler et al., 2020","https://osf.io/uac2t/","Weight of a hyena (kg)","weight",1,0,0,1,1,1,3,3,60,0,1
"684",33,2,60,84,373,75373,"Röseler, L., Schütz, A., Dolling, I. K., Friedinger, K., Hösch, Y., Hügel, J. C., … Röseler, J. J. (2020, July 24). The Stepwise Anchoring Paradigm: Measuring Reliable Components of Anchoring and Adjustment as the Next Step in Moderator Research. https://doi.org/10.31234/osf.io/hjbwp","Röseler et al., 2020","https://osf.io/uac2t/","Weight of a warthog (kg)","weight",1,0,0,1,1,1,3,3,60,1,1
"685",20,2,4,8,376,75376,"Röseler, L., Schütz, A., Dolling, I. K., Friedinger, K., Hösch, Y., Hügel, J. C., … Röseler, J. J. (2020, July 24). The Stepwise Anchoring Paradigm: Measuring Reliable Components of Anchoring and Adjustment as the Next Step in Moderator Research. https://doi.org/10.31234/osf.io/hjbwp","Röseler et al., 2020","https://osf.io/uac2t/","Weight of a rabbit (kg)","weight",1,0,0,1,1,1,3,3,4.5,1,1
"686",20,2,10,1,376,75376,"Röseler, L., Schütz, A., Dolling, I. K., Friedinger, K., Hösch, Y., Hügel, J. C., … Röseler, J. J. (2020, July 24). The Stepwise Anchoring Paradigm: Measuring Reliable Components of Anchoring and Adjustment as the Next Step in Moderator Research. https://doi.org/10.31234/osf.io/hjbwp","Röseler et al., 2020","https://osf.io/uac2t/","Weight of a cat (kg)","weight",1,0,0,1,1,1,3,3,4.25,0,1
"687",20,2,4,14,376,75376,"Röseler, L., Schütz, A., Dolling, I. K., Friedinger, K., Hösch, Y., Hügel, J. C., … Röseler, J. J. (2020, July 24). The Stepwise Anchoring Paradigm: Measuring Reliable Components of Anchoring and Adjustment as the Next Step in Moderator Research. https://doi.org/10.31234/osf.io/hjbwp","Röseler et al., 2020","https://osf.io/uac2t/","Weight of a fox (kg)","weight",1,0,0,1,1,1,3,3,8,1,1
"688",20,2,2,2,376,75376,"Röseler, L., Schütz, A., Dolling, I. K., Friedinger, K., Hösch, Y., Hügel, J. C., … Röseler, J. J. (2020, July 24). The Stepwise Anchoring Paradigm: Measuring Reliable Components of Anchoring and Adjustment as the Next Step in Moderator Research. https://doi.org/10.31234/osf.io/hjbwp","Röseler et al., 2020","https://osf.io/uac2t/","Weight of a racoon (kg)","weight",1,0,0,1,1,1,3,3,8,0,1
"689",20,2,17,26,376,75376,"Röseler, L., Schütz, A., Dolling, I. K., Friedinger, K., Hösch, Y., Hügel, J. C., … Röseler, J. J. (2020, July 24). The Stepwise Anchoring Paradigm: Measuring Reliable Components of Anchoring and Adjustment as the Next Step in Moderator Research. https://doi.org/10.31234/osf.io/hjbwp","Röseler et al., 2020","https://osf.io/uac2t/","Weight of a badger (kg)","weight",1,0,0,1,1,1,3,3,15,1,1
"690",20,2,15,4,376,75376,"Röseler, L., Schütz, A., Dolling, I. K., Friedinger, K., Hösch, Y., Hügel, J. C., … Röseler, J. J. (2020, July 24). The Stepwise Anchoring Paradigm: Measuring Reliable Components of Anchoring and Adjustment as the Next Step in Moderator Research. https://doi.org/10.31234/osf.io/hjbwp","Röseler et al., 2020","https://osf.io/uac2t/","Weight of a pelican (kg)","weight",1,0,0,1,1,1,3,3,15,0,1
"691",20,2,13,40,376,75376,"Röseler, L., Schütz, A., Dolling, I. K., Friedinger, K., Hösch, Y., Hügel, J. C., … Röseler, J. J. (2020, July 24). The Stepwise Anchoring Paradigm: Measuring Reliable Components of Anchoring and Adjustment as the Next Step in Moderator Research. https://doi.org/10.31234/osf.io/hjbwp","Röseler et al., 2020","https://osf.io/uac2t/","Weight of a beaver (kg)","weight",1,0,0,1,1,1,3,3,25,1,1
"692",20,2,27,10,376,75376,"Röseler, L., Schütz, A., Dolling, I. K., Friedinger, K., Hösch, Y., Hügel, J. C., … Röseler, J. J. (2020, July 24). The Stepwise Anchoring Paradigm: Measuring Reliable Components of Anchoring and Adjustment as the Next Step in Moderator Research. https://doi.org/10.31234/osf.io/hjbwp","Röseler et al., 2020","https://osf.io/uac2t/","Weight of a deer (kg)","weight",1,0,0,1,1,1,3,3,25,0,1
"693",20,2,78,75,376,75376,"Röseler, L., Schütz, A., Dolling, I. K., Friedinger, K., Hösch, Y., Hügel, J. C., … Röseler, J. J. (2020, July 24). The Stepwise Anchoring Paradigm: Measuring Reliable Components of Anchoring and Adjustment as the Next Step in Moderator Research. https://doi.org/10.31234/osf.io/hjbwp","Röseler et al., 2020","https://osf.io/uac2t/","Weight of a wolf (kg)","weight",1,0,0,1,1,1,3,3,50,1,1
"694",20,2,42,25,376,75376,"Röseler, L., Schütz, A., Dolling, I. K., Friedinger, K., Hösch, Y., Hügel, J. C., … Röseler, J. J. (2020, July 24). The Stepwise Anchoring Paradigm: Measuring Reliable Components of Anchoring and Adjustment as the Next Step in Moderator Research. https://doi.org/10.31234/osf.io/hjbwp","Röseler et al., 2020","https://osf.io/uac2t/","Weight of a goat (kg)","weight",1,0,0,1,1,1,3,3,50,0,1
"695",20,2,73,84,376,75376,"Röseler, L., Schütz, A., Dolling, I. K., Friedinger, K., Hösch, Y., Hügel, J. C., … Röseler, J. J. (2020, July 24). The Stepwise Anchoring Paradigm: Measuring Reliable Components of Anchoring and Adjustment as the Next Step in Moderator Research. https://doi.org/10.31234/osf.io/hjbwp","Röseler et al., 2020","https://osf.io/uac2t/","Weight of a hyena (kg)","weight",1,0,0,1,1,1,3,3,60,1,1
"696",20,2,45,36,376,75376,"Röseler, L., Schütz, A., Dolling, I. K., Friedinger, K., Hösch, Y., Hügel, J. C., … Röseler, J. J. (2020, July 24). The Stepwise Anchoring Paradigm: Measuring Reliable Components of Anchoring and Adjustment as the Next Step in Moderator Research. https://doi.org/10.31234/osf.io/hjbwp","Röseler et al., 2020","https://osf.io/uac2t/","Weight of a warthog (kg)","weight",1,0,0,1,1,1,3,3,60,0,1
"697",28,1,6,8,380,75380,"Röseler, L., Schütz, A., Dolling, I. K., Friedinger, K., Hösch, Y., Hügel, J. C., … Röseler, J. J. (2020, July 24). The Stepwise Anchoring Paradigm: Measuring Reliable Components of Anchoring and Adjustment as the Next Step in Moderator Research. https://doi.org/10.31234/osf.io/hjbwp","Röseler et al., 2020","https://osf.io/uac2t/","Weight of a rabbit (kg)","weight",1,0,0,1,1,1,3,3,4.5,1,1
"698",28,1,5,1,380,75380,"Röseler, L., Schütz, A., Dolling, I. K., Friedinger, K., Hösch, Y., Hügel, J. C., … Röseler, J. J. (2020, July 24). The Stepwise Anchoring Paradigm: Measuring Reliable Components of Anchoring and Adjustment as the Next Step in Moderator Research. https://doi.org/10.31234/osf.io/hjbwp","Röseler et al., 2020","https://osf.io/uac2t/","Weight of a cat (kg)","weight",1,0,0,1,1,1,3,3,4.25,0,1
"699",28,1,12,14,380,75380,"Röseler, L., Schütz, A., Dolling, I. K., Friedinger, K., Hösch, Y., Hügel, J. C., … Röseler, J. J. (2020, July 24). The Stepwise Anchoring Paradigm: Measuring Reliable Components of Anchoring and Adjustment as the Next Step in Moderator Research. https://doi.org/10.31234/osf.io/hjbwp","Röseler et al., 2020","https://osf.io/uac2t/","Weight of a fox (kg)","weight",1,0,0,1,1,1,3,3,8,1,1
"700",28,1,5,2,380,75380,"Röseler, L., Schütz, A., Dolling, I. K., Friedinger, K., Hösch, Y., Hügel, J. C., … Röseler, J. J. (2020, July 24). The Stepwise Anchoring Paradigm: Measuring Reliable Components of Anchoring and Adjustment as the Next Step in Moderator Research. https://doi.org/10.31234/osf.io/hjbwp","Röseler et al., 2020","https://osf.io/uac2t/","Weight of a racoon (kg)","weight",1,0,0,1,1,1,3,3,8,0,1
"701",28,1,13,26,380,75380,"Röseler, L., Schütz, A., Dolling, I. K., Friedinger, K., Hösch, Y., Hügel, J. C., … Röseler, J. J. (2020, July 24). The Stepwise Anchoring Paradigm: Measuring Reliable Components of Anchoring and Adjustment as the Next Step in Moderator Research. https://doi.org/10.31234/osf.io/hjbwp","Röseler et al., 2020","https://osf.io/uac2t/","Weight of a badger (kg)","weight",1,0,0,1,1,1,3,3,15,1,1
"702",28,1,13,4,380,75380,"Röseler, L., Schütz, A., Dolling, I. K., Friedinger, K., Hösch, Y., Hügel, J. C., … Röseler, J. J. (2020, July 24). The Stepwise Anchoring Paradigm: Measuring Reliable Components of Anchoring and Adjustment as the Next Step in Moderator Research. https://doi.org/10.31234/osf.io/hjbwp","Röseler et al., 2020","https://osf.io/uac2t/","Weight of a pelican (kg)","weight",1,0,0,1,1,1,3,3,15,0,1
"703",28,1,12,40,380,75380,"Röseler, L., Schütz, A., Dolling, I. K., Friedinger, K., Hösch, Y., Hügel, J. C., … Röseler, J. J. (2020, July 24). The Stepwise Anchoring Paradigm: Measuring Reliable Components of Anchoring and Adjustment as the Next Step in Moderator Research. https://doi.org/10.31234/osf.io/hjbwp","Röseler et al., 2020","https://osf.io/uac2t/","Weight of a beaver (kg)","weight",1,0,0,1,1,1,3,3,25,1,1
"704",28,1,34,10,380,75380,"Röseler, L., Schütz, A., Dolling, I. K., Friedinger, K., Hösch, Y., Hügel, J. C., … Röseler, J. J. (2020, July 24). The Stepwise Anchoring Paradigm: Measuring Reliable Components of Anchoring and Adjustment as the Next Step in Moderator Research. https://doi.org/10.31234/osf.io/hjbwp","Röseler et al., 2020","https://osf.io/uac2t/","Weight of a deer (kg)","weight",1,0,0,1,1,1,3,3,25,0,1
"705",28,1,27,75,380,75380,"Röseler, L., Schütz, A., Dolling, I. K., Friedinger, K., Hösch, Y., Hügel, J. C., … Röseler, J. J. (2020, July 24). The Stepwise Anchoring Paradigm: Measuring Reliable Components of Anchoring and Adjustment as the Next Step in Moderator Research. https://doi.org/10.31234/osf.io/hjbwp","Röseler et al., 2020","https://osf.io/uac2t/","Weight of a wolf (kg)","weight",1,0,0,1,1,1,3,3,50,1,1
"706",28,1,35,25,380,75380,"Röseler, L., Schütz, A., Dolling, I. K., Friedinger, K., Hösch, Y., Hügel, J. C., … Röseler, J. J. (2020, July 24). The Stepwise Anchoring Paradigm: Measuring Reliable Components of Anchoring and Adjustment as the Next Step in Moderator Research. https://doi.org/10.31234/osf.io/hjbwp","Röseler et al., 2020","https://osf.io/uac2t/","Weight of a goat (kg)","weight",1,0,0,1,1,1,3,3,50,0,1
"707",28,1,50,84,380,75380,"Röseler, L., Schütz, A., Dolling, I. K., Friedinger, K., Hösch, Y., Hügel, J. C., … Röseler, J. J. (2020, July 24). The Stepwise Anchoring Paradigm: Measuring Reliable Components of Anchoring and Adjustment as the Next Step in Moderator Research. https://doi.org/10.31234/osf.io/hjbwp","Röseler et al., 2020","https://osf.io/uac2t/","Weight of a hyena (kg)","weight",1,0,0,1,1,1,3,3,60,1,1
"708",28,1,54,36,380,75380,"Röseler, L., Schütz, A., Dolling, I. K., Friedinger, K., Hösch, Y., Hügel, J. C., … Röseler, J. J. (2020, July 24). The Stepwise Anchoring Paradigm: Measuring Reliable Components of Anchoring and Adjustment as the Next Step in Moderator Research. https://doi.org/10.31234/osf.io/hjbwp","Röseler et al., 2020","https://osf.io/uac2t/","Weight of a warthog (kg)","weight",1,0,0,1,1,1,3,3,60,0,1
"709",20,2,3,8,385,75385,"Röseler, L., Schütz, A., Dolling, I. K., Friedinger, K., Hösch, Y., Hügel, J. C., … Röseler, J. J. (2020, July 24). The Stepwise Anchoring Paradigm: Measuring Reliable Components of Anchoring and Adjustment as the Next Step in Moderator Research. https://doi.org/10.31234/osf.io/hjbwp","Röseler et al., 2020","https://osf.io/uac2t/","Weight of a rabbit (kg)","weight",1,0,0,1,1,1,3,3,4.5,1,1
"710",20,2,9,1,385,75385,"Röseler, L., Schütz, A., Dolling, I. K., Friedinger, K., Hösch, Y., Hügel, J. C., … Röseler, J. J. (2020, July 24). The Stepwise Anchoring Paradigm: Measuring Reliable Components of Anchoring and Adjustment as the Next Step in Moderator Research. https://doi.org/10.31234/osf.io/hjbwp","Röseler et al., 2020","https://osf.io/uac2t/","Weight of a cat (kg)","weight",1,0,0,1,1,1,3,3,4.25,0,1
"711",20,2,8,14,385,75385,"Röseler, L., Schütz, A., Dolling, I. K., Friedinger, K., Hösch, Y., Hügel, J. C., … Röseler, J. J. (2020, July 24). The Stepwise Anchoring Paradigm: Measuring Reliable Components of Anchoring and Adjustment as the Next Step in Moderator Research. https://doi.org/10.31234/osf.io/hjbwp","Röseler et al., 2020","https://osf.io/uac2t/","Weight of a fox (kg)","weight",1,0,0,1,1,1,3,3,8,1,1
"712",20,2,6,2,385,75385,"Röseler, L., Schütz, A., Dolling, I. K., Friedinger, K., Hösch, Y., Hügel, J. C., … Röseler, J. J. (2020, July 24). The Stepwise Anchoring Paradigm: Measuring Reliable Components of Anchoring and Adjustment as the Next Step in Moderator Research. https://doi.org/10.31234/osf.io/hjbwp","Röseler et al., 2020","https://osf.io/uac2t/","Weight of a racoon (kg)","weight",1,0,0,1,1,1,3,3,8,0,1
"713",20,2,12,26,385,75385,"Röseler, L., Schütz, A., Dolling, I. K., Friedinger, K., Hösch, Y., Hügel, J. C., … Röseler, J. J. (2020, July 24). The Stepwise Anchoring Paradigm: Measuring Reliable Components of Anchoring and Adjustment as the Next Step in Moderator Research. https://doi.org/10.31234/osf.io/hjbwp","Röseler et al., 2020","https://osf.io/uac2t/","Weight of a badger (kg)","weight",1,0,0,1,1,1,3,3,15,1,1
"714",20,2,11,4,385,75385,"Röseler, L., Schütz, A., Dolling, I. K., Friedinger, K., Hösch, Y., Hügel, J. C., … Röseler, J. J. (2020, July 24). The Stepwise Anchoring Paradigm: Measuring Reliable Components of Anchoring and Adjustment as the Next Step in Moderator Research. https://doi.org/10.31234/osf.io/hjbwp","Röseler et al., 2020","https://osf.io/uac2t/","Weight of a pelican (kg)","weight",1,0,0,1,1,1,3,3,15,0,1
"715",20,2,17,40,385,75385,"Röseler, L., Schütz, A., Dolling, I. K., Friedinger, K., Hösch, Y., Hügel, J. C., … Röseler, J. J. (2020, July 24). The Stepwise Anchoring Paradigm: Measuring Reliable Components of Anchoring and Adjustment as the Next Step in Moderator Research. https://doi.org/10.31234/osf.io/hjbwp","Röseler et al., 2020","https://osf.io/uac2t/","Weight of a beaver (kg)","weight",1,0,0,1,1,1,3,3,25,1,1
"716",20,2,32,10,385,75385,"Röseler, L., Schütz, A., Dolling, I. K., Friedinger, K., Hösch, Y., Hügel, J. C., … Röseler, J. J. (2020, July 24). The Stepwise Anchoring Paradigm: Measuring Reliable Components of Anchoring and Adjustment as the Next Step in Moderator Research. https://doi.org/10.31234/osf.io/hjbwp","Röseler et al., 2020","https://osf.io/uac2t/","Weight of a deer (kg)","weight",1,0,0,1,1,1,3,3,25,0,1
"717",20,2,25,75,385,75385,"Röseler, L., Schütz, A., Dolling, I. K., Friedinger, K., Hösch, Y., Hügel, J. C., … Röseler, J. J. (2020, July 24). The Stepwise Anchoring Paradigm: Measuring Reliable Components of Anchoring and Adjustment as the Next Step in Moderator Research. https://doi.org/10.31234/osf.io/hjbwp","Röseler et al., 2020","https://osf.io/uac2t/","Weight of a wolf (kg)","weight",1,0,0,1,1,1,3,3,50,1,1
"718",20,2,33,25,385,75385,"Röseler, L., Schütz, A., Dolling, I. K., Friedinger, K., Hösch, Y., Hügel, J. C., … Röseler, J. J. (2020, July 24). The Stepwise Anchoring Paradigm: Measuring Reliable Components of Anchoring and Adjustment as the Next Step in Moderator Research. https://doi.org/10.31234/osf.io/hjbwp","Röseler et al., 2020","https://osf.io/uac2t/","Weight of a goat (kg)","weight",1,0,0,1,1,1,3,3,50,0,1
"719",20,2,42,84,385,75385,"Röseler, L., Schütz, A., Dolling, I. K., Friedinger, K., Hösch, Y., Hügel, J. C., … Röseler, J. J. (2020, July 24). The Stepwise Anchoring Paradigm: Measuring Reliable Components of Anchoring and Adjustment as the Next Step in Moderator Research. https://doi.org/10.31234/osf.io/hjbwp","Röseler et al., 2020","https://osf.io/uac2t/","Weight of a hyena (kg)","weight",1,0,0,1,1,1,3,3,60,1,1
"720",20,2,39,36,385,75385,"Röseler, L., Schütz, A., Dolling, I. K., Friedinger, K., Hösch, Y., Hügel, J. C., … Röseler, J. J. (2020, July 24). The Stepwise Anchoring Paradigm: Measuring Reliable Components of Anchoring and Adjustment as the Next Step in Moderator Research. https://doi.org/10.31234/osf.io/hjbwp","Röseler et al., 2020","https://osf.io/uac2t/","Weight of a warthog (kg)","weight",1,0,0,1,1,1,3,3,60,0,1
"721",23,1,4,1,386,75386,"Röseler, L., Schütz, A., Dolling, I. K., Friedinger, K., Hösch, Y., Hügel, J. C., … Röseler, J. J. (2020, July 24). The Stepwise Anchoring Paradigm: Measuring Reliable Components of Anchoring and Adjustment as the Next Step in Moderator Research. https://doi.org/10.31234/osf.io/hjbwp","Röseler et al., 2020","https://osf.io/uac2t/","Weight of a rabbit (kg)","weight",1,0,0,1,1,1,3,3,4.5,0,1
"722",23,1,3,8,386,75386,"Röseler, L., Schütz, A., Dolling, I. K., Friedinger, K., Hösch, Y., Hügel, J. C., … Röseler, J. J. (2020, July 24). The Stepwise Anchoring Paradigm: Measuring Reliable Components of Anchoring and Adjustment as the Next Step in Moderator Research. https://doi.org/10.31234/osf.io/hjbwp","Röseler et al., 2020","https://osf.io/uac2t/","Weight of a cat (kg)","weight",1,0,0,1,1,1,3,3,4.25,1,1
"723",23,1,6,2,386,75386,"Röseler, L., Schütz, A., Dolling, I. K., Friedinger, K., Hösch, Y., Hügel, J. C., … Röseler, J. J. (2020, July 24). The Stepwise Anchoring Paradigm: Measuring Reliable Components of Anchoring and Adjustment as the Next Step in Moderator Research. https://doi.org/10.31234/osf.io/hjbwp","Röseler et al., 2020","https://osf.io/uac2t/","Weight of a fox (kg)","weight",1,0,0,1,1,1,3,3,8,0,1
"724",23,1,17,14,386,75386,"Röseler, L., Schütz, A., Dolling, I. K., Friedinger, K., Hösch, Y., Hügel, J. C., … Röseler, J. J. (2020, July 24). The Stepwise Anchoring Paradigm: Measuring Reliable Components of Anchoring and Adjustment as the Next Step in Moderator Research. https://doi.org/10.31234/osf.io/hjbwp","Röseler et al., 2020","https://osf.io/uac2t/","Weight of a racoon (kg)","weight",1,0,0,1,1,1,3,3,8,1,1
"725",23,1,12,4,386,75386,"Röseler, L., Schütz, A., Dolling, I. K., Friedinger, K., Hösch, Y., Hügel, J. C., … Röseler, J. J. (2020, July 24). The Stepwise Anchoring Paradigm: Measuring Reliable Components of Anchoring and Adjustment as the Next Step in Moderator Research. https://doi.org/10.31234/osf.io/hjbwp","Röseler et al., 2020","https://osf.io/uac2t/","Weight of a badger (kg)","weight",1,0,0,1,1,1,3,3,15,0,1
"726",23,1,14,26,386,75386,"Röseler, L., Schütz, A., Dolling, I. K., Friedinger, K., Hösch, Y., Hügel, J. C., … Röseler, J. J. (2020, July 24). The Stepwise Anchoring Paradigm: Measuring Reliable Components of Anchoring and Adjustment as the Next Step in Moderator Research. https://doi.org/10.31234/osf.io/hjbwp","Röseler et al., 2020","https://osf.io/uac2t/","Weight of a pelican (kg)","weight",1,0,0,1,1,1,3,3,15,1,1
"727",23,1,15,10,386,75386,"Röseler, L., Schütz, A., Dolling, I. K., Friedinger, K., Hösch, Y., Hügel, J. C., … Röseler, J. J. (2020, July 24). The Stepwise Anchoring Paradigm: Measuring Reliable Components of Anchoring and Adjustment as the Next Step in Moderator Research. https://doi.org/10.31234/osf.io/hjbwp","Röseler et al., 2020","https://osf.io/uac2t/","Weight of a beaver (kg)","weight",1,0,0,1,1,1,3,3,25,0,1
"728",23,1,27,40,386,75386,"Röseler, L., Schütz, A., Dolling, I. K., Friedinger, K., Hösch, Y., Hügel, J. C., … Röseler, J. J. (2020, July 24). The Stepwise Anchoring Paradigm: Measuring Reliable Components of Anchoring and Adjustment as the Next Step in Moderator Research. https://doi.org/10.31234/osf.io/hjbwp","Röseler et al., 2020","https://osf.io/uac2t/","Weight of a deer (kg)","weight",1,0,0,1,1,1,3,3,25,1,1
"729",23,1,54,25,386,75386,"Röseler, L., Schütz, A., Dolling, I. K., Friedinger, K., Hösch, Y., Hügel, J. C., … Röseler, J. J. (2020, July 24). The Stepwise Anchoring Paradigm: Measuring Reliable Components of Anchoring and Adjustment as the Next Step in Moderator Research. https://doi.org/10.31234/osf.io/hjbwp","Röseler et al., 2020","https://osf.io/uac2t/","Weight of a wolf (kg)","weight",1,0,0,1,1,1,3,3,50,0,1
"730",23,1,36,75,386,75386,"Röseler, L., Schütz, A., Dolling, I. K., Friedinger, K., Hösch, Y., Hügel, J. C., … Röseler, J. J. (2020, July 24). The Stepwise Anchoring Paradigm: Measuring Reliable Components of Anchoring and Adjustment as the Next Step in Moderator Research. https://doi.org/10.31234/osf.io/hjbwp","Röseler et al., 2020","https://osf.io/uac2t/","Weight of a goat (kg)","weight",1,0,0,1,1,1,3,3,50,1,1
"731",23,1,44,36,386,75386,"Röseler, L., Schütz, A., Dolling, I. K., Friedinger, K., Hösch, Y., Hügel, J. C., … Röseler, J. J. (2020, July 24). The Stepwise Anchoring Paradigm: Measuring Reliable Components of Anchoring and Adjustment as the Next Step in Moderator Research. https://doi.org/10.31234/osf.io/hjbwp","Röseler et al., 2020","https://osf.io/uac2t/","Weight of a hyena (kg)","weight",1,0,0,1,1,1,3,3,60,0,1
"732",23,1,37,84,386,75386,"Röseler, L., Schütz, A., Dolling, I. K., Friedinger, K., Hösch, Y., Hügel, J. C., … Röseler, J. J. (2020, July 24). The Stepwise Anchoring Paradigm: Measuring Reliable Components of Anchoring and Adjustment as the Next Step in Moderator Research. https://doi.org/10.31234/osf.io/hjbwp","Röseler et al., 2020","https://osf.io/uac2t/","Weight of a warthog (kg)","weight",1,0,0,1,1,1,3,3,60,1,1
"733",30,1,5,1,389,75389,"Röseler, L., Schütz, A., Dolling, I. K., Friedinger, K., Hösch, Y., Hügel, J. C., … Röseler, J. J. (2020, July 24). The Stepwise Anchoring Paradigm: Measuring Reliable Components of Anchoring and Adjustment as the Next Step in Moderator Research. https://doi.org/10.31234/osf.io/hjbwp","Röseler et al., 2020","https://osf.io/uac2t/","Weight of a rabbit (kg)","weight",1,0,0,1,1,1,3,3,4.5,0,1
"734",30,1,3,8,389,75389,"Röseler, L., Schütz, A., Dolling, I. K., Friedinger, K., Hösch, Y., Hügel, J. C., … Röseler, J. J. (2020, July 24). The Stepwise Anchoring Paradigm: Measuring Reliable Components of Anchoring and Adjustment as the Next Step in Moderator Research. https://doi.org/10.31234/osf.io/hjbwp","Röseler et al., 2020","https://osf.io/uac2t/","Weight of a cat (kg)","weight",1,0,0,1,1,1,3,3,4.25,1,1
"735",30,1,20,2,389,75389,"Röseler, L., Schütz, A., Dolling, I. K., Friedinger, K., Hösch, Y., Hügel, J. C., … Röseler, J. J. (2020, July 24). The Stepwise Anchoring Paradigm: Measuring Reliable Components of Anchoring and Adjustment as the Next Step in Moderator Research. https://doi.org/10.31234/osf.io/hjbwp","Röseler et al., 2020","https://osf.io/uac2t/","Weight of a fox (kg)","weight",1,0,0,1,1,1,3,3,8,0,1
"736",30,1,22,14,389,75389,"Röseler, L., Schütz, A., Dolling, I. K., Friedinger, K., Hösch, Y., Hügel, J. C., … Röseler, J. J. (2020, July 24). The Stepwise Anchoring Paradigm: Measuring Reliable Components of Anchoring and Adjustment as the Next Step in Moderator Research. https://doi.org/10.31234/osf.io/hjbwp","Röseler et al., 2020","https://osf.io/uac2t/","Weight of a racoon (kg)","weight",1,0,0,1,1,1,3,3,8,1,1
"737",30,1,26,4,389,75389,"Röseler, L., Schütz, A., Dolling, I. K., Friedinger, K., Hösch, Y., Hügel, J. C., … Röseler, J. J. (2020, July 24). The Stepwise Anchoring Paradigm: Measuring Reliable Components of Anchoring and Adjustment as the Next Step in Moderator Research. https://doi.org/10.31234/osf.io/hjbwp","Röseler et al., 2020","https://osf.io/uac2t/","Weight of a badger (kg)","weight",1,0,0,1,1,1,3,3,15,0,1
"738",30,1,13,26,389,75389,"Röseler, L., Schütz, A., Dolling, I. K., Friedinger, K., Hösch, Y., Hügel, J. C., … Röseler, J. J. (2020, July 24). The Stepwise Anchoring Paradigm: Measuring Reliable Components of Anchoring and Adjustment as the Next Step in Moderator Research. https://doi.org/10.31234/osf.io/hjbwp","Röseler et al., 2020","https://osf.io/uac2t/","Weight of a pelican (kg)","weight",1,0,0,1,1,1,3,3,15,1,1
"739",30,1,12,10,389,75389,"Röseler, L., Schütz, A., Dolling, I. K., Friedinger, K., Hösch, Y., Hügel, J. C., … Röseler, J. J. (2020, July 24). The Stepwise Anchoring Paradigm: Measuring Reliable Components of Anchoring and Adjustment as the Next Step in Moderator Research. https://doi.org/10.31234/osf.io/hjbwp","Röseler et al., 2020","https://osf.io/uac2t/","Weight of a beaver (kg)","weight",1,0,0,1,1,1,3,3,25,0,1
"740",30,1,33,40,389,75389,"Röseler, L., Schütz, A., Dolling, I. K., Friedinger, K., Hösch, Y., Hügel, J. C., … Röseler, J. J. (2020, July 24). The Stepwise Anchoring Paradigm: Measuring Reliable Components of Anchoring and Adjustment as the Next Step in Moderator Research. https://doi.org/10.31234/osf.io/hjbwp","Röseler et al., 2020","https://osf.io/uac2t/","Weight of a deer (kg)","weight",1,0,0,1,1,1,3,3,25,1,1
"741",30,1,50,25,389,75389,"Röseler, L., Schütz, A., Dolling, I. K., Friedinger, K., Hösch, Y., Hügel, J. C., … Röseler, J. J. (2020, July 24). The Stepwise Anchoring Paradigm: Measuring Reliable Components of Anchoring and Adjustment as the Next Step in Moderator Research. https://doi.org/10.31234/osf.io/hjbwp","Röseler et al., 2020","https://osf.io/uac2t/","Weight of a wolf (kg)","weight",1,0,0,1,1,1,3,3,50,0,1
"742",30,1,50,75,389,75389,"Röseler, L., Schütz, A., Dolling, I. K., Friedinger, K., Hösch, Y., Hügel, J. C., … Röseler, J. J. (2020, July 24). The Stepwise Anchoring Paradigm: Measuring Reliable Components of Anchoring and Adjustment as the Next Step in Moderator Research. https://doi.org/10.31234/osf.io/hjbwp","Röseler et al., 2020","https://osf.io/uac2t/","Weight of a goat (kg)","weight",1,0,0,1,1,1,3,3,50,1,1
"743",30,1,55,36,389,75389,"Röseler, L., Schütz, A., Dolling, I. K., Friedinger, K., Hösch, Y., Hügel, J. C., … Röseler, J. J. (2020, July 24). The Stepwise Anchoring Paradigm: Measuring Reliable Components of Anchoring and Adjustment as the Next Step in Moderator Research. https://doi.org/10.31234/osf.io/hjbwp","Röseler et al., 2020","https://osf.io/uac2t/","Weight of a hyena (kg)","weight",1,0,0,1,1,1,3,3,60,0,1
"744",30,1,65,84,389,75389,"Röseler, L., Schütz, A., Dolling, I. K., Friedinger, K., Hösch, Y., Hügel, J. C., … Röseler, J. J. (2020, July 24). The Stepwise Anchoring Paradigm: Measuring Reliable Components of Anchoring and Adjustment as the Next Step in Moderator Research. https://doi.org/10.31234/osf.io/hjbwp","Röseler et al., 2020","https://osf.io/uac2t/","Weight of a warthog (kg)","weight",1,0,0,1,1,1,3,3,60,1,1
"745",53,1,5,8,392,75392,"Röseler, L., Schütz, A., Dolling, I. K., Friedinger, K., Hösch, Y., Hügel, J. C., … Röseler, J. J. (2020, July 24). The Stepwise Anchoring Paradigm: Measuring Reliable Components of Anchoring and Adjustment as the Next Step in Moderator Research. https://doi.org/10.31234/osf.io/hjbwp","Röseler et al., 2020","https://osf.io/uac2t/","Weight of a rabbit (kg)","weight",1,0,0,1,1,1,3,3,4.5,1,1
"746",53,1,15,1,392,75392,"Röseler, L., Schütz, A., Dolling, I. K., Friedinger, K., Hösch, Y., Hügel, J. C., … Röseler, J. J. (2020, July 24). The Stepwise Anchoring Paradigm: Measuring Reliable Components of Anchoring and Adjustment as the Next Step in Moderator Research. https://doi.org/10.31234/osf.io/hjbwp","Röseler et al., 2020","https://osf.io/uac2t/","Weight of a cat (kg)","weight",1,0,0,1,1,1,3,3,4.25,0,1
"747",53,1,10,14,392,75392,"Röseler, L., Schütz, A., Dolling, I. K., Friedinger, K., Hösch, Y., Hügel, J. C., … Röseler, J. J. (2020, July 24). The Stepwise Anchoring Paradigm: Measuring Reliable Components of Anchoring and Adjustment as the Next Step in Moderator Research. https://doi.org/10.31234/osf.io/hjbwp","Röseler et al., 2020","https://osf.io/uac2t/","Weight of a fox (kg)","weight",1,0,0,1,1,1,3,3,8,1,1
"748",53,1,6,2,392,75392,"Röseler, L., Schütz, A., Dolling, I. K., Friedinger, K., Hösch, Y., Hügel, J. C., … Röseler, J. J. (2020, July 24). The Stepwise Anchoring Paradigm: Measuring Reliable Components of Anchoring and Adjustment as the Next Step in Moderator Research. https://doi.org/10.31234/osf.io/hjbwp","Röseler et al., 2020","https://osf.io/uac2t/","Weight of a racoon (kg)","weight",1,0,0,1,1,1,3,3,8,0,1
"749",53,1,9,26,392,75392,"Röseler, L., Schütz, A., Dolling, I. K., Friedinger, K., Hösch, Y., Hügel, J. C., … Röseler, J. J. (2020, July 24). The Stepwise Anchoring Paradigm: Measuring Reliable Components of Anchoring and Adjustment as the Next Step in Moderator Research. https://doi.org/10.31234/osf.io/hjbwp","Röseler et al., 2020","https://osf.io/uac2t/","Weight of a badger (kg)","weight",1,0,0,1,1,1,3,3,15,1,1
"750",53,1,15,4,392,75392,"Röseler, L., Schütz, A., Dolling, I. K., Friedinger, K., Hösch, Y., Hügel, J. C., … Röseler, J. J. (2020, July 24). The Stepwise Anchoring Paradigm: Measuring Reliable Components of Anchoring and Adjustment as the Next Step in Moderator Research. https://doi.org/10.31234/osf.io/hjbwp","Röseler et al., 2020","https://osf.io/uac2t/","Weight of a pelican (kg)","weight",1,0,0,1,1,1,3,3,15,0,1
"751",53,1,15,40,392,75392,"Röseler, L., Schütz, A., Dolling, I. K., Friedinger, K., Hösch, Y., Hügel, J. C., … Röseler, J. J. (2020, July 24). The Stepwise Anchoring Paradigm: Measuring Reliable Components of Anchoring and Adjustment as the Next Step in Moderator Research. https://doi.org/10.31234/osf.io/hjbwp","Röseler et al., 2020","https://osf.io/uac2t/","Weight of a beaver (kg)","weight",1,0,0,1,1,1,3,3,25,1,1
"752",53,1,50,10,392,75392,"Röseler, L., Schütz, A., Dolling, I. K., Friedinger, K., Hösch, Y., Hügel, J. C., … Röseler, J. J. (2020, July 24). The Stepwise Anchoring Paradigm: Measuring Reliable Components of Anchoring and Adjustment as the Next Step in Moderator Research. https://doi.org/10.31234/osf.io/hjbwp","Röseler et al., 2020","https://osf.io/uac2t/","Weight of a deer (kg)","weight",1,0,0,1,1,1,3,3,25,0,1
"753",53,1,40,75,392,75392,"Röseler, L., Schütz, A., Dolling, I. K., Friedinger, K., Hösch, Y., Hügel, J. C., … Röseler, J. J. (2020, July 24). The Stepwise Anchoring Paradigm: Measuring Reliable Components of Anchoring and Adjustment as the Next Step in Moderator Research. https://doi.org/10.31234/osf.io/hjbwp","Röseler et al., 2020","https://osf.io/uac2t/","Weight of a wolf (kg)","weight",1,0,0,1,1,1,3,3,50,1,1
"754",53,1,40,25,392,75392,"Röseler, L., Schütz, A., Dolling, I. K., Friedinger, K., Hösch, Y., Hügel, J. C., … Röseler, J. J. (2020, July 24). The Stepwise Anchoring Paradigm: Measuring Reliable Components of Anchoring and Adjustment as the Next Step in Moderator Research. https://doi.org/10.31234/osf.io/hjbwp","Röseler et al., 2020","https://osf.io/uac2t/","Weight of a goat (kg)","weight",1,0,0,1,1,1,3,3,50,0,1
"755",53,1,36,84,392,75392,"Röseler, L., Schütz, A., Dolling, I. K., Friedinger, K., Hösch, Y., Hügel, J. C., … Röseler, J. J. (2020, July 24). The Stepwise Anchoring Paradigm: Measuring Reliable Components of Anchoring and Adjustment as the Next Step in Moderator Research. https://doi.org/10.31234/osf.io/hjbwp","Röseler et al., 2020","https://osf.io/uac2t/","Weight of a hyena (kg)","weight",1,0,0,1,1,1,3,3,60,1,1
"756",53,1,80,36,392,75392,"Röseler, L., Schütz, A., Dolling, I. K., Friedinger, K., Hösch, Y., Hügel, J. C., … Röseler, J. J. (2020, July 24). The Stepwise Anchoring Paradigm: Measuring Reliable Components of Anchoring and Adjustment as the Next Step in Moderator Research. https://doi.org/10.31234/osf.io/hjbwp","Röseler et al., 2020","https://osf.io/uac2t/","Weight of a warthog (kg)","weight",1,0,0,1,1,1,3,3,60,0,1
"757",26,1,5,8,393,75393,"Röseler, L., Schütz, A., Dolling, I. K., Friedinger, K., Hösch, Y., Hügel, J. C., … Röseler, J. J. (2020, July 24). The Stepwise Anchoring Paradigm: Measuring Reliable Components of Anchoring and Adjustment as the Next Step in Moderator Research. https://doi.org/10.31234/osf.io/hjbwp","Röseler et al., 2020","https://osf.io/uac2t/","Weight of a rabbit (kg)","weight",1,0,0,1,1,1,3,3,4.5,1,1
"758",26,1,3,1,393,75393,"Röseler, L., Schütz, A., Dolling, I. K., Friedinger, K., Hösch, Y., Hügel, J. C., … Röseler, J. J. (2020, July 24). The Stepwise Anchoring Paradigm: Measuring Reliable Components of Anchoring and Adjustment as the Next Step in Moderator Research. https://doi.org/10.31234/osf.io/hjbwp","Röseler et al., 2020","https://osf.io/uac2t/","Weight of a cat (kg)","weight",1,0,0,1,1,1,3,3,4.25,0,1
"759",26,1,6,14,393,75393,"Röseler, L., Schütz, A., Dolling, I. K., Friedinger, K., Hösch, Y., Hügel, J. C., … Röseler, J. J. (2020, July 24). The Stepwise Anchoring Paradigm: Measuring Reliable Components of Anchoring and Adjustment as the Next Step in Moderator Research. https://doi.org/10.31234/osf.io/hjbwp","Röseler et al., 2020","https://osf.io/uac2t/","Weight of a fox (kg)","weight",1,0,0,1,1,1,3,3,8,1,1
"760",26,1,6,2,393,75393,"Röseler, L., Schütz, A., Dolling, I. K., Friedinger, K., Hösch, Y., Hügel, J. C., … Röseler, J. J. (2020, July 24). The Stepwise Anchoring Paradigm: Measuring Reliable Components of Anchoring and Adjustment as the Next Step in Moderator Research. https://doi.org/10.31234/osf.io/hjbwp","Röseler et al., 2020","https://osf.io/uac2t/","Weight of a racoon (kg)","weight",1,0,0,1,1,1,3,3,8,0,1
"761",26,1,13,26,393,75393,"Röseler, L., Schütz, A., Dolling, I. K., Friedinger, K., Hösch, Y., Hügel, J. C., … Röseler, J. J. (2020, July 24). The Stepwise Anchoring Paradigm: Measuring Reliable Components of Anchoring and Adjustment as the Next Step in Moderator Research. https://doi.org/10.31234/osf.io/hjbwp","Röseler et al., 2020","https://osf.io/uac2t/","Weight of a badger (kg)","weight",1,0,0,1,1,1,3,3,15,1,1
"762",26,1,12,4,393,75393,"Röseler, L., Schütz, A., Dolling, I. K., Friedinger, K., Hösch, Y., Hügel, J. C., … Röseler, J. J. (2020, July 24). The Stepwise Anchoring Paradigm: Measuring Reliable Components of Anchoring and Adjustment as the Next Step in Moderator Research. https://doi.org/10.31234/osf.io/hjbwp","Röseler et al., 2020","https://osf.io/uac2t/","Weight of a pelican (kg)","weight",1,0,0,1,1,1,3,3,15,0,1
"763",26,1,7,40,393,75393,"Röseler, L., Schütz, A., Dolling, I. K., Friedinger, K., Hösch, Y., Hügel, J. C., … Röseler, J. J. (2020, July 24). The Stepwise Anchoring Paradigm: Measuring Reliable Components of Anchoring and Adjustment as the Next Step in Moderator Research. https://doi.org/10.31234/osf.io/hjbwp","Röseler et al., 2020","https://osf.io/uac2t/","Weight of a beaver (kg)","weight",1,0,0,1,1,1,3,3,25,1,1
"764",26,1,30,10,393,75393,"Röseler, L., Schütz, A., Dolling, I. K., Friedinger, K., Hösch, Y., Hügel, J. C., … Röseler, J. J. (2020, July 24). The Stepwise Anchoring Paradigm: Measuring Reliable Components of Anchoring and Adjustment as the Next Step in Moderator Research. https://doi.org/10.31234/osf.io/hjbwp","Röseler et al., 2020","https://osf.io/uac2t/","Weight of a deer (kg)","weight",1,0,0,1,1,1,3,3,25,0,1
"765",26,1,63,75,393,75393,"Röseler, L., Schütz, A., Dolling, I. K., Friedinger, K., Hösch, Y., Hügel, J. C., … Röseler, J. J. (2020, July 24). The Stepwise Anchoring Paradigm: Measuring Reliable Components of Anchoring and Adjustment as the Next Step in Moderator Research. https://doi.org/10.31234/osf.io/hjbwp","Röseler et al., 2020","https://osf.io/uac2t/","Weight of a wolf (kg)","weight",1,0,0,1,1,1,3,3,50,1,1
"766",26,1,35,25,393,75393,"Röseler, L., Schütz, A., Dolling, I. K., Friedinger, K., Hösch, Y., Hügel, J. C., … Röseler, J. J. (2020, July 24). The Stepwise Anchoring Paradigm: Measuring Reliable Components of Anchoring and Adjustment as the Next Step in Moderator Research. https://doi.org/10.31234/osf.io/hjbwp","Röseler et al., 2020","https://osf.io/uac2t/","Weight of a goat (kg)","weight",1,0,0,1,1,1,3,3,50,0,1
"767",26,1,50,84,393,75393,"Röseler, L., Schütz, A., Dolling, I. K., Friedinger, K., Hösch, Y., Hügel, J. C., … Röseler, J. J. (2020, July 24). The Stepwise Anchoring Paradigm: Measuring Reliable Components of Anchoring and Adjustment as the Next Step in Moderator Research. https://doi.org/10.31234/osf.io/hjbwp","Röseler et al., 2020","https://osf.io/uac2t/","Weight of a hyena (kg)","weight",1,0,0,1,1,1,3,3,60,1,1
"768",26,1,60,36,393,75393,"Röseler, L., Schütz, A., Dolling, I. K., Friedinger, K., Hösch, Y., Hügel, J. C., … Röseler, J. J. (2020, July 24). The Stepwise Anchoring Paradigm: Measuring Reliable Components of Anchoring and Adjustment as the Next Step in Moderator Research. https://doi.org/10.31234/osf.io/hjbwp","Röseler et al., 2020","https://osf.io/uac2t/","Weight of a warthog (kg)","weight",1,0,0,1,1,1,3,3,60,0,1
"769",29,2,5,8,394,75394,"Röseler, L., Schütz, A., Dolling, I. K., Friedinger, K., Hösch, Y., Hügel, J. C., … Röseler, J. J. (2020, July 24). The Stepwise Anchoring Paradigm: Measuring Reliable Components of Anchoring and Adjustment as the Next Step in Moderator Research. https://doi.org/10.31234/osf.io/hjbwp","Röseler et al., 2020","https://osf.io/uac2t/","Weight of a rabbit (kg)","weight",1,0,0,1,1,1,3,3,4.5,1,1
"770",29,2,4,1,394,75394,"Röseler, L., Schütz, A., Dolling, I. K., Friedinger, K., Hösch, Y., Hügel, J. C., … Röseler, J. J. (2020, July 24). The Stepwise Anchoring Paradigm: Measuring Reliable Components of Anchoring and Adjustment as the Next Step in Moderator Research. https://doi.org/10.31234/osf.io/hjbwp","Röseler et al., 2020","https://osf.io/uac2t/","Weight of a cat (kg)","weight",1,0,0,1,1,1,3,3,4.25,0,1
"771",29,2,12,14,394,75394,"Röseler, L., Schütz, A., Dolling, I. K., Friedinger, K., Hösch, Y., Hügel, J. C., … Röseler, J. J. (2020, July 24). The Stepwise Anchoring Paradigm: Measuring Reliable Components of Anchoring and Adjustment as the Next Step in Moderator Research. https://doi.org/10.31234/osf.io/hjbwp","Röseler et al., 2020","https://osf.io/uac2t/","Weight of a fox (kg)","weight",1,0,0,1,1,1,3,3,8,1,1
"772",29,2,6,2,394,75394,"Röseler, L., Schütz, A., Dolling, I. K., Friedinger, K., Hösch, Y., Hügel, J. C., … Röseler, J. J. (2020, July 24). The Stepwise Anchoring Paradigm: Measuring Reliable Components of Anchoring and Adjustment as the Next Step in Moderator Research. https://doi.org/10.31234/osf.io/hjbwp","Röseler et al., 2020","https://osf.io/uac2t/","Weight of a racoon (kg)","weight",1,0,0,1,1,1,3,3,8,0,1
"773",29,2,12,26,394,75394,"Röseler, L., Schütz, A., Dolling, I. K., Friedinger, K., Hösch, Y., Hügel, J. C., … Röseler, J. J. (2020, July 24). The Stepwise Anchoring Paradigm: Measuring Reliable Components of Anchoring and Adjustment as the Next Step in Moderator Research. https://doi.org/10.31234/osf.io/hjbwp","Röseler et al., 2020","https://osf.io/uac2t/","Weight of a badger (kg)","weight",1,0,0,1,1,1,3,3,15,1,1
"774",29,2,6,4,394,75394,"Röseler, L., Schütz, A., Dolling, I. K., Friedinger, K., Hösch, Y., Hügel, J. C., … Röseler, J. J. (2020, July 24). The Stepwise Anchoring Paradigm: Measuring Reliable Components of Anchoring and Adjustment as the Next Step in Moderator Research. https://doi.org/10.31234/osf.io/hjbwp","Röseler et al., 2020","https://osf.io/uac2t/","Weight of a pelican (kg)","weight",1,0,0,1,1,1,3,3,15,0,1
"775",29,2,24,40,394,75394,"Röseler, L., Schütz, A., Dolling, I. K., Friedinger, K., Hösch, Y., Hügel, J. C., … Röseler, J. J. (2020, July 24). The Stepwise Anchoring Paradigm: Measuring Reliable Components of Anchoring and Adjustment as the Next Step in Moderator Research. https://doi.org/10.31234/osf.io/hjbwp","Röseler et al., 2020","https://osf.io/uac2t/","Weight of a beaver (kg)","weight",1,0,0,1,1,1,3,3,25,1,1
"776",29,2,16,10,394,75394,"Röseler, L., Schütz, A., Dolling, I. K., Friedinger, K., Hösch, Y., Hügel, J. C., … Röseler, J. J. (2020, July 24). The Stepwise Anchoring Paradigm: Measuring Reliable Components of Anchoring and Adjustment as the Next Step in Moderator Research. https://doi.org/10.31234/osf.io/hjbwp","Röseler et al., 2020","https://osf.io/uac2t/","Weight of a deer (kg)","weight",1,0,0,1,1,1,3,3,25,0,1
"777",29,2,65,75,394,75394,"Röseler, L., Schütz, A., Dolling, I. K., Friedinger, K., Hösch, Y., Hügel, J. C., … Röseler, J. J. (2020, July 24). The Stepwise Anchoring Paradigm: Measuring Reliable Components of Anchoring and Adjustment as the Next Step in Moderator Research. https://doi.org/10.31234/osf.io/hjbwp","Röseler et al., 2020","https://osf.io/uac2t/","Weight of a wolf (kg)","weight",1,0,0,1,1,1,3,3,50,1,1
"778",29,2,30,25,394,75394,"Röseler, L., Schütz, A., Dolling, I. K., Friedinger, K., Hösch, Y., Hügel, J. C., … Röseler, J. J. (2020, July 24). The Stepwise Anchoring Paradigm: Measuring Reliable Components of Anchoring and Adjustment as the Next Step in Moderator Research. https://doi.org/10.31234/osf.io/hjbwp","Röseler et al., 2020","https://osf.io/uac2t/","Weight of a goat (kg)","weight",1,0,0,1,1,1,3,3,50,0,1
"779",29,2,53,84,394,75394,"Röseler, L., Schütz, A., Dolling, I. K., Friedinger, K., Hösch, Y., Hügel, J. C., … Röseler, J. J. (2020, July 24). The Stepwise Anchoring Paradigm: Measuring Reliable Components of Anchoring and Adjustment as the Next Step in Moderator Research. https://doi.org/10.31234/osf.io/hjbwp","Röseler et al., 2020","https://osf.io/uac2t/","Weight of a hyena (kg)","weight",1,0,0,1,1,1,3,3,60,1,1
"780",29,2,43,36,394,75394,"Röseler, L., Schütz, A., Dolling, I. K., Friedinger, K., Hösch, Y., Hügel, J. C., … Röseler, J. J. (2020, July 24). The Stepwise Anchoring Paradigm: Measuring Reliable Components of Anchoring and Adjustment as the Next Step in Moderator Research. https://doi.org/10.31234/osf.io/hjbwp","Röseler et al., 2020","https://osf.io/uac2t/","Weight of a warthog (kg)","weight",1,0,0,1,1,1,3,3,60,0,1
"781",22,1,11,1,396,75396,"Röseler, L., Schütz, A., Dolling, I. K., Friedinger, K., Hösch, Y., Hügel, J. C., … Röseler, J. J. (2020, July 24). The Stepwise Anchoring Paradigm: Measuring Reliable Components of Anchoring and Adjustment as the Next Step in Moderator Research. https://doi.org/10.31234/osf.io/hjbwp","Röseler et al., 2020","https://osf.io/uac2t/","Weight of a rabbit (kg)","weight",1,0,0,1,1,1,3,3,4.5,0,1
"782",22,1,11,8,396,75396,"Röseler, L., Schütz, A., Dolling, I. K., Friedinger, K., Hösch, Y., Hügel, J. C., … Röseler, J. J. (2020, July 24). The Stepwise Anchoring Paradigm: Measuring Reliable Components of Anchoring and Adjustment as the Next Step in Moderator Research. https://doi.org/10.31234/osf.io/hjbwp","Röseler et al., 2020","https://osf.io/uac2t/","Weight of a cat (kg)","weight",1,0,0,1,1,1,3,3,4.25,1,1
"783",22,1,21,2,396,75396,"Röseler, L., Schütz, A., Dolling, I. K., Friedinger, K., Hösch, Y., Hügel, J. C., … Röseler, J. J. (2020, July 24). The Stepwise Anchoring Paradigm: Measuring Reliable Components of Anchoring and Adjustment as the Next Step in Moderator Research. https://doi.org/10.31234/osf.io/hjbwp","Röseler et al., 2020","https://osf.io/uac2t/","Weight of a fox (kg)","weight",1,0,0,1,1,1,3,3,8,0,1
"784",22,1,22,14,396,75396,"Röseler, L., Schütz, A., Dolling, I. K., Friedinger, K., Hösch, Y., Hügel, J. C., … Röseler, J. J. (2020, July 24). The Stepwise Anchoring Paradigm: Measuring Reliable Components of Anchoring and Adjustment as the Next Step in Moderator Research. https://doi.org/10.31234/osf.io/hjbwp","Röseler et al., 2020","https://osf.io/uac2t/","Weight of a racoon (kg)","weight",1,0,0,1,1,1,3,3,8,1,1
"785",22,1,39,4,396,75396,"Röseler, L., Schütz, A., Dolling, I. K., Friedinger, K., Hösch, Y., Hügel, J. C., … Röseler, J. J. (2020, July 24). The Stepwise Anchoring Paradigm: Measuring Reliable Components of Anchoring and Adjustment as the Next Step in Moderator Research. https://doi.org/10.31234/osf.io/hjbwp","Röseler et al., 2020","https://osf.io/uac2t/","Weight of a badger (kg)","weight",1,0,0,1,1,1,3,3,15,0,1
"786",22,1,17,26,396,75396,"Röseler, L., Schütz, A., Dolling, I. K., Friedinger, K., Hösch, Y., Hügel, J. C., … Röseler, J. J. (2020, July 24). The Stepwise Anchoring Paradigm: Measuring Reliable Components of Anchoring and Adjustment as the Next Step in Moderator Research. https://doi.org/10.31234/osf.io/hjbwp","Röseler et al., 2020","https://osf.io/uac2t/","Weight of a pelican (kg)","weight",1,0,0,1,1,1,3,3,15,1,1
"787",22,1,25,10,396,75396,"Röseler, L., Schütz, A., Dolling, I. K., Friedinger, K., Hösch, Y., Hügel, J. C., … Röseler, J. J. (2020, July 24). The Stepwise Anchoring Paradigm: Measuring Reliable Components of Anchoring and Adjustment as the Next Step in Moderator Research. https://doi.org/10.31234/osf.io/hjbwp","Röseler et al., 2020","https://osf.io/uac2t/","Weight of a beaver (kg)","weight",1,0,0,1,1,1,3,3,25,0,1
"788",22,1,29,40,396,75396,"Röseler, L., Schütz, A., Dolling, I. K., Friedinger, K., Hösch, Y., Hügel, J. C., … Röseler, J. J. (2020, July 24). The Stepwise Anchoring Paradigm: Measuring Reliable Components of Anchoring and Adjustment as the Next Step in Moderator Research. https://doi.org/10.31234/osf.io/hjbwp","Röseler et al., 2020","https://osf.io/uac2t/","Weight of a deer (kg)","weight",1,0,0,1,1,1,3,3,25,1,1
"789",22,1,49,25,396,75396,"Röseler, L., Schütz, A., Dolling, I. K., Friedinger, K., Hösch, Y., Hügel, J. C., … Röseler, J. J. (2020, July 24). The Stepwise Anchoring Paradigm: Measuring Reliable Components of Anchoring and Adjustment as the Next Step in Moderator Research. https://doi.org/10.31234/osf.io/hjbwp","Röseler et al., 2020","https://osf.io/uac2t/","Weight of a wolf (kg)","weight",1,0,0,1,1,1,3,3,50,0,1
"790",22,1,50,75,396,75396,"Röseler, L., Schütz, A., Dolling, I. K., Friedinger, K., Hösch, Y., Hügel, J. C., … Röseler, J. J. (2020, July 24). The Stepwise Anchoring Paradigm: Measuring Reliable Components of Anchoring and Adjustment as the Next Step in Moderator Research. https://doi.org/10.31234/osf.io/hjbwp","Röseler et al., 2020","https://osf.io/uac2t/","Weight of a goat (kg)","weight",1,0,0,1,1,1,3,3,50,1,1
"791",22,1,63,36,396,75396,"Röseler, L., Schütz, A., Dolling, I. K., Friedinger, K., Hösch, Y., Hügel, J. C., … Röseler, J. J. (2020, July 24). The Stepwise Anchoring Paradigm: Measuring Reliable Components of Anchoring and Adjustment as the Next Step in Moderator Research. https://doi.org/10.31234/osf.io/hjbwp","Röseler et al., 2020","https://osf.io/uac2t/","Weight of a hyena (kg)","weight",1,0,0,1,1,1,3,3,60,0,1
"792",22,1,65,84,396,75396,"Röseler, L., Schütz, A., Dolling, I. K., Friedinger, K., Hösch, Y., Hügel, J. C., … Röseler, J. J. (2020, July 24). The Stepwise Anchoring Paradigm: Measuring Reliable Components of Anchoring and Adjustment as the Next Step in Moderator Research. https://doi.org/10.31234/osf.io/hjbwp","Röseler et al., 2020","https://osf.io/uac2t/","Weight of a warthog (kg)","weight",1,0,0,1,1,1,3,3,60,1,1
"793",21,1,3,1,399,75399,"Röseler, L., Schütz, A., Dolling, I. K., Friedinger, K., Hösch, Y., Hügel, J. C., … Röseler, J. J. (2020, July 24). The Stepwise Anchoring Paradigm: Measuring Reliable Components of Anchoring and Adjustment as the Next Step in Moderator Research. https://doi.org/10.31234/osf.io/hjbwp","Röseler et al., 2020","https://osf.io/uac2t/","Weight of a rabbit (kg)","weight",1,0,0,1,1,1,3,3,4.5,0,1
"794",21,1,4,8,399,75399,"Röseler, L., Schütz, A., Dolling, I. K., Friedinger, K., Hösch, Y., Hügel, J. C., … Röseler, J. J. (2020, July 24). The Stepwise Anchoring Paradigm: Measuring Reliable Components of Anchoring and Adjustment as the Next Step in Moderator Research. https://doi.org/10.31234/osf.io/hjbwp","Röseler et al., 2020","https://osf.io/uac2t/","Weight of a cat (kg)","weight",1,0,0,1,1,1,3,3,4.25,1,1
"795",21,1,5,2,399,75399,"Röseler, L., Schütz, A., Dolling, I. K., Friedinger, K., Hösch, Y., Hügel, J. C., … Röseler, J. J. (2020, July 24). The Stepwise Anchoring Paradigm: Measuring Reliable Components of Anchoring and Adjustment as the Next Step in Moderator Research. https://doi.org/10.31234/osf.io/hjbwp","Röseler et al., 2020","https://osf.io/uac2t/","Weight of a fox (kg)","weight",1,0,0,1,1,1,3,3,8,0,1
"796",21,1,19,14,399,75399,"Röseler, L., Schütz, A., Dolling, I. K., Friedinger, K., Hösch, Y., Hügel, J. C., … Röseler, J. J. (2020, July 24). The Stepwise Anchoring Paradigm: Measuring Reliable Components of Anchoring and Adjustment as the Next Step in Moderator Research. https://doi.org/10.31234/osf.io/hjbwp","Röseler et al., 2020","https://osf.io/uac2t/","Weight of a racoon (kg)","weight",1,0,0,1,1,1,3,3,8,1,1
"797",21,1,11,4,399,75399,"Röseler, L., Schütz, A., Dolling, I. K., Friedinger, K., Hösch, Y., Hügel, J. C., … Röseler, J. J. (2020, July 24). The Stepwise Anchoring Paradigm: Measuring Reliable Components of Anchoring and Adjustment as the Next Step in Moderator Research. https://doi.org/10.31234/osf.io/hjbwp","Röseler et al., 2020","https://osf.io/uac2t/","Weight of a badger (kg)","weight",1,0,0,1,1,1,3,3,15,0,1
"798",21,1,19,26,399,75399,"Röseler, L., Schütz, A., Dolling, I. K., Friedinger, K., Hösch, Y., Hügel, J. C., … Röseler, J. J. (2020, July 24). The Stepwise Anchoring Paradigm: Measuring Reliable Components of Anchoring and Adjustment as the Next Step in Moderator Research. https://doi.org/10.31234/osf.io/hjbwp","Röseler et al., 2020","https://osf.io/uac2t/","Weight of a pelican (kg)","weight",1,0,0,1,1,1,3,3,15,1,1
"799",21,1,12,10,399,75399,"Röseler, L., Schütz, A., Dolling, I. K., Friedinger, K., Hösch, Y., Hügel, J. C., … Röseler, J. J. (2020, July 24). The Stepwise Anchoring Paradigm: Measuring Reliable Components of Anchoring and Adjustment as the Next Step in Moderator Research. https://doi.org/10.31234/osf.io/hjbwp","Röseler et al., 2020","https://osf.io/uac2t/","Weight of a beaver (kg)","weight",1,0,0,1,1,1,3,3,25,0,1
"800",21,1,36,40,399,75399,"Röseler, L., Schütz, A., Dolling, I. K., Friedinger, K., Hösch, Y., Hügel, J. C., … Röseler, J. J. (2020, July 24). The Stepwise Anchoring Paradigm: Measuring Reliable Components of Anchoring and Adjustment as the Next Step in Moderator Research. https://doi.org/10.31234/osf.io/hjbwp","Röseler et al., 2020","https://osf.io/uac2t/","Weight of a deer (kg)","weight",1,0,0,1,1,1,3,3,25,1,1
"801",21,1,31,25,399,75399,"Röseler, L., Schütz, A., Dolling, I. K., Friedinger, K., Hösch, Y., Hügel, J. C., … Röseler, J. J. (2020, July 24). The Stepwise Anchoring Paradigm: Measuring Reliable Components of Anchoring and Adjustment as the Next Step in Moderator Research. https://doi.org/10.31234/osf.io/hjbwp","Röseler et al., 2020","https://osf.io/uac2t/","Weight of a wolf (kg)","weight",1,0,0,1,1,1,3,3,50,0,1
"802",21,1,41,75,399,75399,"Röseler, L., Schütz, A., Dolling, I. K., Friedinger, K., Hösch, Y., Hügel, J. C., … Röseler, J. J. (2020, July 24). The Stepwise Anchoring Paradigm: Measuring Reliable Components of Anchoring and Adjustment as the Next Step in Moderator Research. https://doi.org/10.31234/osf.io/hjbwp","Röseler et al., 2020","https://osf.io/uac2t/","Weight of a goat (kg)","weight",1,0,0,1,1,1,3,3,50,1,1
"803",21,1,39,36,399,75399,"Röseler, L., Schütz, A., Dolling, I. K., Friedinger, K., Hösch, Y., Hügel, J. C., … Röseler, J. J. (2020, July 24). The Stepwise Anchoring Paradigm: Measuring Reliable Components of Anchoring and Adjustment as the Next Step in Moderator Research. https://doi.org/10.31234/osf.io/hjbwp","Röseler et al., 2020","https://osf.io/uac2t/","Weight of a hyena (kg)","weight",1,0,0,1,1,1,3,3,60,0,1
"804",21,1,48,84,399,75399,"Röseler, L., Schütz, A., Dolling, I. K., Friedinger, K., Hösch, Y., Hügel, J. C., … Röseler, J. J. (2020, July 24). The Stepwise Anchoring Paradigm: Measuring Reliable Components of Anchoring and Adjustment as the Next Step in Moderator Research. https://doi.org/10.31234/osf.io/hjbwp","Röseler et al., 2020","https://osf.io/uac2t/","Weight of a warthog (kg)","weight",1,0,0,1,1,1,3,3,60,1,1
"805",23,2,4,8,401,75401,"Röseler, L., Schütz, A., Dolling, I. K., Friedinger, K., Hösch, Y., Hügel, J. C., … Röseler, J. J. (2020, July 24). The Stepwise Anchoring Paradigm: Measuring Reliable Components of Anchoring and Adjustment as the Next Step in Moderator Research. https://doi.org/10.31234/osf.io/hjbwp","Röseler et al., 2020","https://osf.io/uac2t/","Weight of a rabbit (kg)","weight",1,0,0,1,1,1,3,3,4.5,1,1
"806",23,2,10,1,401,75401,"Röseler, L., Schütz, A., Dolling, I. K., Friedinger, K., Hösch, Y., Hügel, J. C., … Röseler, J. J. (2020, July 24). The Stepwise Anchoring Paradigm: Measuring Reliable Components of Anchoring and Adjustment as the Next Step in Moderator Research. https://doi.org/10.31234/osf.io/hjbwp","Röseler et al., 2020","https://osf.io/uac2t/","Weight of a cat (kg)","weight",1,0,0,1,1,1,3,3,4.25,0,1
"807",23,2,10,14,401,75401,"Röseler, L., Schütz, A., Dolling, I. K., Friedinger, K., Hösch, Y., Hügel, J. C., … Röseler, J. J. (2020, July 24). The Stepwise Anchoring Paradigm: Measuring Reliable Components of Anchoring and Adjustment as the Next Step in Moderator Research. https://doi.org/10.31234/osf.io/hjbwp","Röseler et al., 2020","https://osf.io/uac2t/","Weight of a fox (kg)","weight",1,0,0,1,1,1,3,3,8,1,1
"808",23,2,12,2,401,75401,"Röseler, L., Schütz, A., Dolling, I. K., Friedinger, K., Hösch, Y., Hügel, J. C., … Röseler, J. J. (2020, July 24). The Stepwise Anchoring Paradigm: Measuring Reliable Components of Anchoring and Adjustment as the Next Step in Moderator Research. https://doi.org/10.31234/osf.io/hjbwp","Röseler et al., 2020","https://osf.io/uac2t/","Weight of a racoon (kg)","weight",1,0,0,1,1,1,3,3,8,0,1
"809",23,2,20,26,401,75401,"Röseler, L., Schütz, A., Dolling, I. K., Friedinger, K., Hösch, Y., Hügel, J. C., … Röseler, J. J. (2020, July 24). The Stepwise Anchoring Paradigm: Measuring Reliable Components of Anchoring and Adjustment as the Next Step in Moderator Research. https://doi.org/10.31234/osf.io/hjbwp","Röseler et al., 2020","https://osf.io/uac2t/","Weight of a badger (kg)","weight",1,0,0,1,1,1,3,3,15,1,1
"810",23,2,13,4,401,75401,"Röseler, L., Schütz, A., Dolling, I. K., Friedinger, K., Hösch, Y., Hügel, J. C., … Röseler, J. J. (2020, July 24). The Stepwise Anchoring Paradigm: Measuring Reliable Components of Anchoring and Adjustment as the Next Step in Moderator Research. https://doi.org/10.31234/osf.io/hjbwp","Röseler et al., 2020","https://osf.io/uac2t/","Weight of a pelican (kg)","weight",1,0,0,1,1,1,3,3,15,0,1
"811",23,2,31,40,401,75401,"Röseler, L., Schütz, A., Dolling, I. K., Friedinger, K., Hösch, Y., Hügel, J. C., … Röseler, J. J. (2020, July 24). The Stepwise Anchoring Paradigm: Measuring Reliable Components of Anchoring and Adjustment as the Next Step in Moderator Research. https://doi.org/10.31234/osf.io/hjbwp","Röseler et al., 2020","https://osf.io/uac2t/","Weight of a beaver (kg)","weight",1,0,0,1,1,1,3,3,25,1,1
"812",23,2,24,10,401,75401,"Röseler, L., Schütz, A., Dolling, I. K., Friedinger, K., Hösch, Y., Hügel, J. C., … Röseler, J. J. (2020, July 24). The Stepwise Anchoring Paradigm: Measuring Reliable Components of Anchoring and Adjustment as the Next Step in Moderator Research. https://doi.org/10.31234/osf.io/hjbwp","Röseler et al., 2020","https://osf.io/uac2t/","Weight of a deer (kg)","weight",1,0,0,1,1,1,3,3,25,0,1
"813",23,2,60,75,401,75401,"Röseler, L., Schütz, A., Dolling, I. K., Friedinger, K., Hösch, Y., Hügel, J. C., … Röseler, J. J. (2020, July 24). The Stepwise Anchoring Paradigm: Measuring Reliable Components of Anchoring and Adjustment as the Next Step in Moderator Research. https://doi.org/10.31234/osf.io/hjbwp","Röseler et al., 2020","https://osf.io/uac2t/","Weight of a wolf (kg)","weight",1,0,0,1,1,1,3,3,50,1,1
"814",23,2,32,25,401,75401,"Röseler, L., Schütz, A., Dolling, I. K., Friedinger, K., Hösch, Y., Hügel, J. C., … Röseler, J. J. (2020, July 24). The Stepwise Anchoring Paradigm: Measuring Reliable Components of Anchoring and Adjustment as the Next Step in Moderator Research. https://doi.org/10.31234/osf.io/hjbwp","Röseler et al., 2020","https://osf.io/uac2t/","Weight of a goat (kg)","weight",1,0,0,1,1,1,3,3,50,0,1
"815",23,2,60,84,401,75401,"Röseler, L., Schütz, A., Dolling, I. K., Friedinger, K., Hösch, Y., Hügel, J. C., … Röseler, J. J. (2020, July 24). The Stepwise Anchoring Paradigm: Measuring Reliable Components of Anchoring and Adjustment as the Next Step in Moderator Research. https://doi.org/10.31234/osf.io/hjbwp","Röseler et al., 2020","https://osf.io/uac2t/","Weight of a hyena (kg)","weight",1,0,0,1,1,1,3,3,60,1,1
"816",23,2,50,36,401,75401,"Röseler, L., Schütz, A., Dolling, I. K., Friedinger, K., Hösch, Y., Hügel, J. C., … Röseler, J. J. (2020, July 24). The Stepwise Anchoring Paradigm: Measuring Reliable Components of Anchoring and Adjustment as the Next Step in Moderator Research. https://doi.org/10.31234/osf.io/hjbwp","Röseler et al., 2020","https://osf.io/uac2t/","Weight of a warthog (kg)","weight",1,0,0,1,1,1,3,3,60,0,1
"817",53,2,6,1,405,75405,"Röseler, L., Schütz, A., Dolling, I. K., Friedinger, K., Hösch, Y., Hügel, J. C., … Röseler, J. J. (2020, July 24). The Stepwise Anchoring Paradigm: Measuring Reliable Components of Anchoring and Adjustment as the Next Step in Moderator Research. https://doi.org/10.31234/osf.io/hjbwp","Röseler et al., 2020","https://osf.io/uac2t/","Weight of a rabbit (kg)","weight",1,0,0,1,1,1,3,3,4.5,0,1
"818",53,2,4,8,405,75405,"Röseler, L., Schütz, A., Dolling, I. K., Friedinger, K., Hösch, Y., Hügel, J. C., … Röseler, J. J. (2020, July 24). The Stepwise Anchoring Paradigm: Measuring Reliable Components of Anchoring and Adjustment as the Next Step in Moderator Research. https://doi.org/10.31234/osf.io/hjbwp","Röseler et al., 2020","https://osf.io/uac2t/","Weight of a cat (kg)","weight",1,0,0,1,1,1,3,3,4.25,1,1
"819",53,2,7,2,405,75405,"Röseler, L., Schütz, A., Dolling, I. K., Friedinger, K., Hösch, Y., Hügel, J. C., … Röseler, J. J. (2020, July 24). The Stepwise Anchoring Paradigm: Measuring Reliable Components of Anchoring and Adjustment as the Next Step in Moderator Research. https://doi.org/10.31234/osf.io/hjbwp","Röseler et al., 2020","https://osf.io/uac2t/","Weight of a fox (kg)","weight",1,0,0,1,1,1,3,3,8,0,1
"820",53,2,18,14,405,75405,"Röseler, L., Schütz, A., Dolling, I. K., Friedinger, K., Hösch, Y., Hügel, J. C., … Röseler, J. J. (2020, July 24). The Stepwise Anchoring Paradigm: Measuring Reliable Components of Anchoring and Adjustment as the Next Step in Moderator Research. https://doi.org/10.31234/osf.io/hjbwp","Röseler et al., 2020","https://osf.io/uac2t/","Weight of a racoon (kg)","weight",1,0,0,1,1,1,3,3,8,1,1
"821",53,2,9,4,405,75405,"Röseler, L., Schütz, A., Dolling, I. K., Friedinger, K., Hösch, Y., Hügel, J. C., … Röseler, J. J. (2020, July 24). The Stepwise Anchoring Paradigm: Measuring Reliable Components of Anchoring and Adjustment as the Next Step in Moderator Research. https://doi.org/10.31234/osf.io/hjbwp","Röseler et al., 2020","https://osf.io/uac2t/","Weight of a badger (kg)","weight",1,0,0,1,1,1,3,3,15,0,1
"822",53,2,20,26,405,75405,"Röseler, L., Schütz, A., Dolling, I. K., Friedinger, K., Hösch, Y., Hügel, J. C., … Röseler, J. J. (2020, July 24). The Stepwise Anchoring Paradigm: Measuring Reliable Components of Anchoring and Adjustment as the Next Step in Moderator Research. https://doi.org/10.31234/osf.io/hjbwp","Röseler et al., 2020","https://osf.io/uac2t/","Weight of a pelican (kg)","weight",1,0,0,1,1,1,3,3,15,1,1
"823",53,2,17,10,405,75405,"Röseler, L., Schütz, A., Dolling, I. K., Friedinger, K., Hösch, Y., Hügel, J. C., … Röseler, J. J. (2020, July 24). The Stepwise Anchoring Paradigm: Measuring Reliable Components of Anchoring and Adjustment as the Next Step in Moderator Research. https://doi.org/10.31234/osf.io/hjbwp","Röseler et al., 2020","https://osf.io/uac2t/","Weight of a beaver (kg)","weight",1,0,0,1,1,1,3,3,25,0,1
"824",53,2,36,40,405,75405,"Röseler, L., Schütz, A., Dolling, I. K., Friedinger, K., Hösch, Y., Hügel, J. C., … Röseler, J. J. (2020, July 24). The Stepwise Anchoring Paradigm: Measuring Reliable Components of Anchoring and Adjustment as the Next Step in Moderator Research. https://doi.org/10.31234/osf.io/hjbwp","Röseler et al., 2020","https://osf.io/uac2t/","Weight of a deer (kg)","weight",1,0,0,1,1,1,3,3,25,1,1
"825",53,2,35,25,405,75405,"Röseler, L., Schütz, A., Dolling, I. K., Friedinger, K., Hösch, Y., Hügel, J. C., … Röseler, J. J. (2020, July 24). The Stepwise Anchoring Paradigm: Measuring Reliable Components of Anchoring and Adjustment as the Next Step in Moderator Research. https://doi.org/10.31234/osf.io/hjbwp","Röseler et al., 2020","https://osf.io/uac2t/","Weight of a wolf (kg)","weight",1,0,0,1,1,1,3,3,50,0,1
"826",53,2,30,75,405,75405,"Röseler, L., Schütz, A., Dolling, I. K., Friedinger, K., Hösch, Y., Hügel, J. C., … Röseler, J. J. (2020, July 24). The Stepwise Anchoring Paradigm: Measuring Reliable Components of Anchoring and Adjustment as the Next Step in Moderator Research. https://doi.org/10.31234/osf.io/hjbwp","Röseler et al., 2020","https://osf.io/uac2t/","Weight of a goat (kg)","weight",1,0,0,1,1,1,3,3,50,1,1
"827",53,2,48,36,405,75405,"Röseler, L., Schütz, A., Dolling, I. K., Friedinger, K., Hösch, Y., Hügel, J. C., … Röseler, J. J. (2020, July 24). The Stepwise Anchoring Paradigm: Measuring Reliable Components of Anchoring and Adjustment as the Next Step in Moderator Research. https://doi.org/10.31234/osf.io/hjbwp","Röseler et al., 2020","https://osf.io/uac2t/","Weight of a hyena (kg)","weight",1,0,0,1,1,1,3,3,60,0,1
"828",53,2,65,84,405,75405,"Röseler, L., Schütz, A., Dolling, I. K., Friedinger, K., Hösch, Y., Hügel, J. C., … Röseler, J. J. (2020, July 24). The Stepwise Anchoring Paradigm: Measuring Reliable Components of Anchoring and Adjustment as the Next Step in Moderator Research. https://doi.org/10.31234/osf.io/hjbwp","Röseler et al., 2020","https://osf.io/uac2t/","Weight of a warthog (kg)","weight",1,0,0,1,1,1,3,3,60,1,1
"829",22,2,10,8,410,75410,"Röseler, L., Schütz, A., Dolling, I. K., Friedinger, K., Hösch, Y., Hügel, J. C., … Röseler, J. J. (2020, July 24). The Stepwise Anchoring Paradigm: Measuring Reliable Components of Anchoring and Adjustment as the Next Step in Moderator Research. https://doi.org/10.31234/osf.io/hjbwp","Röseler et al., 2020","https://osf.io/uac2t/","Weight of a rabbit (kg)","weight",1,0,0,1,1,1,3,3,4.5,1,1
"830",22,2,3,1,410,75410,"Röseler, L., Schütz, A., Dolling, I. K., Friedinger, K., Hösch, Y., Hügel, J. C., … Röseler, J. J. (2020, July 24). The Stepwise Anchoring Paradigm: Measuring Reliable Components of Anchoring and Adjustment as the Next Step in Moderator Research. https://doi.org/10.31234/osf.io/hjbwp","Röseler et al., 2020","https://osf.io/uac2t/","Weight of a cat (kg)","weight",1,0,0,1,1,1,3,3,4.25,0,1
"831",22,2,21,14,410,75410,"Röseler, L., Schütz, A., Dolling, I. K., Friedinger, K., Hösch, Y., Hügel, J. C., … Röseler, J. J. (2020, July 24). The Stepwise Anchoring Paradigm: Measuring Reliable Components of Anchoring and Adjustment as the Next Step in Moderator Research. https://doi.org/10.31234/osf.io/hjbwp","Röseler et al., 2020","https://osf.io/uac2t/","Weight of a fox (kg)","weight",1,0,0,1,1,1,3,3,8,1,1
"832",22,2,9,2,410,75410,"Röseler, L., Schütz, A., Dolling, I. K., Friedinger, K., Hösch, Y., Hügel, J. C., … Röseler, J. J. (2020, July 24). The Stepwise Anchoring Paradigm: Measuring Reliable Components of Anchoring and Adjustment as the Next Step in Moderator Research. https://doi.org/10.31234/osf.io/hjbwp","Röseler et al., 2020","https://osf.io/uac2t/","Weight of a racoon (kg)","weight",1,0,0,1,1,1,3,3,8,0,1
"833",22,2,15,26,410,75410,"Röseler, L., Schütz, A., Dolling, I. K., Friedinger, K., Hösch, Y., Hügel, J. C., … Röseler, J. J. (2020, July 24). The Stepwise Anchoring Paradigm: Measuring Reliable Components of Anchoring and Adjustment as the Next Step in Moderator Research. https://doi.org/10.31234/osf.io/hjbwp","Röseler et al., 2020","https://osf.io/uac2t/","Weight of a badger (kg)","weight",1,0,0,1,1,1,3,3,15,1,1
"834",22,2,16,4,410,75410,"Röseler, L., Schütz, A., Dolling, I. K., Friedinger, K., Hösch, Y., Hügel, J. C., … Röseler, J. J. (2020, July 24). The Stepwise Anchoring Paradigm: Measuring Reliable Components of Anchoring and Adjustment as the Next Step in Moderator Research. https://doi.org/10.31234/osf.io/hjbwp","Röseler et al., 2020","https://osf.io/uac2t/","Weight of a pelican (kg)","weight",1,0,0,1,1,1,3,3,15,0,1
"835",22,2,20,40,410,75410,"Röseler, L., Schütz, A., Dolling, I. K., Friedinger, K., Hösch, Y., Hügel, J. C., … Röseler, J. J. (2020, July 24). The Stepwise Anchoring Paradigm: Measuring Reliable Components of Anchoring and Adjustment as the Next Step in Moderator Research. https://doi.org/10.31234/osf.io/hjbwp","Röseler et al., 2020","https://osf.io/uac2t/","Weight of a beaver (kg)","weight",1,0,0,1,1,1,3,3,25,1,1
"836",22,2,32,10,410,75410,"Röseler, L., Schütz, A., Dolling, I. K., Friedinger, K., Hösch, Y., Hügel, J. C., … Röseler, J. J. (2020, July 24). The Stepwise Anchoring Paradigm: Measuring Reliable Components of Anchoring and Adjustment as the Next Step in Moderator Research. https://doi.org/10.31234/osf.io/hjbwp","Röseler et al., 2020","https://osf.io/uac2t/","Weight of a deer (kg)","weight",1,0,0,1,1,1,3,3,25,0,1
"837",22,2,51,75,410,75410,"Röseler, L., Schütz, A., Dolling, I. K., Friedinger, K., Hösch, Y., Hügel, J. C., … Röseler, J. J. (2020, July 24). The Stepwise Anchoring Paradigm: Measuring Reliable Components of Anchoring and Adjustment as the Next Step in Moderator Research. https://doi.org/10.31234/osf.io/hjbwp","Röseler et al., 2020","https://osf.io/uac2t/","Weight of a wolf (kg)","weight",1,0,0,1,1,1,3,3,50,1,1
"838",22,2,29,25,410,75410,"Röseler, L., Schütz, A., Dolling, I. K., Friedinger, K., Hösch, Y., Hügel, J. C., … Röseler, J. J. (2020, July 24). The Stepwise Anchoring Paradigm: Measuring Reliable Components of Anchoring and Adjustment as the Next Step in Moderator Research. https://doi.org/10.31234/osf.io/hjbwp","Röseler et al., 2020","https://osf.io/uac2t/","Weight of a goat (kg)","weight",1,0,0,1,1,1,3,3,50,0,1
"839",22,2,29,84,410,75410,"Röseler, L., Schütz, A., Dolling, I. K., Friedinger, K., Hösch, Y., Hügel, J. C., … Röseler, J. J. (2020, July 24). The Stepwise Anchoring Paradigm: Measuring Reliable Components of Anchoring and Adjustment as the Next Step in Moderator Research. https://doi.org/10.31234/osf.io/hjbwp","Röseler et al., 2020","https://osf.io/uac2t/","Weight of a hyena (kg)","weight",1,0,0,1,1,1,3,3,60,1,1
"840",22,2,48,36,410,75410,"Röseler, L., Schütz, A., Dolling, I. K., Friedinger, K., Hösch, Y., Hügel, J. C., … Röseler, J. J. (2020, July 24). The Stepwise Anchoring Paradigm: Measuring Reliable Components of Anchoring and Adjustment as the Next Step in Moderator Research. https://doi.org/10.31234/osf.io/hjbwp","Röseler et al., 2020","https://osf.io/uac2t/","Weight of a warthog (kg)","weight",1,0,0,1,1,1,3,3,60,0,1
"841",84,1,6,8,414,75414,"Röseler, L., Schütz, A., Dolling, I. K., Friedinger, K., Hösch, Y., Hügel, J. C., … Röseler, J. J. (2020, July 24). The Stepwise Anchoring Paradigm: Measuring Reliable Components of Anchoring and Adjustment as the Next Step in Moderator Research. https://doi.org/10.31234/osf.io/hjbwp","Röseler et al., 2020","https://osf.io/uac2t/","Weight of a rabbit (kg)","weight",1,0,0,1,1,1,3,3,4.5,1,1
"842",84,1,7,1,414,75414,"Röseler, L., Schütz, A., Dolling, I. K., Friedinger, K., Hösch, Y., Hügel, J. C., … Röseler, J. J. (2020, July 24). The Stepwise Anchoring Paradigm: Measuring Reliable Components of Anchoring and Adjustment as the Next Step in Moderator Research. https://doi.org/10.31234/osf.io/hjbwp","Röseler et al., 2020","https://osf.io/uac2t/","Weight of a cat (kg)","weight",1,0,0,1,1,1,3,3,4.25,0,1
"843",84,1,10,14,414,75414,"Röseler, L., Schütz, A., Dolling, I. K., Friedinger, K., Hösch, Y., Hügel, J. C., … Röseler, J. J. (2020, July 24). The Stepwise Anchoring Paradigm: Measuring Reliable Components of Anchoring and Adjustment as the Next Step in Moderator Research. https://doi.org/10.31234/osf.io/hjbwp","Röseler et al., 2020","https://osf.io/uac2t/","Weight of a fox (kg)","weight",1,0,0,1,1,1,3,3,8,1,1
"844",84,1,30,2,414,75414,"Röseler, L., Schütz, A., Dolling, I. K., Friedinger, K., Hösch, Y., Hügel, J. C., … Röseler, J. J. (2020, July 24). The Stepwise Anchoring Paradigm: Measuring Reliable Components of Anchoring and Adjustment as the Next Step in Moderator Research. https://doi.org/10.31234/osf.io/hjbwp","Röseler et al., 2020","https://osf.io/uac2t/","Weight of a racoon (kg)","weight",1,0,0,1,1,1,3,3,8,0,1
"845",84,1,NA,26,414,75414,"Röseler, L., Schütz, A., Dolling, I. K., Friedinger, K., Hösch, Y., Hügel, J. C., … Röseler, J. J. (2020, July 24). The Stepwise Anchoring Paradigm: Measuring Reliable Components of Anchoring and Adjustment as the Next Step in Moderator Research. https://doi.org/10.31234/osf.io/hjbwp","Röseler et al., 2020","https://osf.io/uac2t/","Weight of a badger (kg)","weight",1,0,0,1,1,1,3,3,15,1,1
"846",84,1,7,4,414,75414,"Röseler, L., Schütz, A., Dolling, I. K., Friedinger, K., Hösch, Y., Hügel, J. C., … Röseler, J. J. (2020, July 24). The Stepwise Anchoring Paradigm: Measuring Reliable Components of Anchoring and Adjustment as the Next Step in Moderator Research. https://doi.org/10.31234/osf.io/hjbwp","Röseler et al., 2020","https://osf.io/uac2t/","Weight of a pelican (kg)","weight",1,0,0,1,1,1,3,3,15,0,1
"847",84,1,NA,40,414,75414,"Röseler, L., Schütz, A., Dolling, I. K., Friedinger, K., Hösch, Y., Hügel, J. C., … Röseler, J. J. (2020, July 24). The Stepwise Anchoring Paradigm: Measuring Reliable Components of Anchoring and Adjustment as the Next Step in Moderator Research. https://doi.org/10.31234/osf.io/hjbwp","Röseler et al., 2020","https://osf.io/uac2t/","Weight of a beaver (kg)","weight",1,0,0,1,1,1,3,3,25,1,1
"848",84,1,40,10,414,75414,"Röseler, L., Schütz, A., Dolling, I. K., Friedinger, K., Hösch, Y., Hügel, J. C., … Röseler, J. J. (2020, July 24). The Stepwise Anchoring Paradigm: Measuring Reliable Components of Anchoring and Adjustment as the Next Step in Moderator Research. https://doi.org/10.31234/osf.io/hjbwp","Röseler et al., 2020","https://osf.io/uac2t/","Weight of a deer (kg)","weight",1,0,0,1,1,1,3,3,25,0,1
"849",84,1,40,75,414,75414,"Röseler, L., Schütz, A., Dolling, I. K., Friedinger, K., Hösch, Y., Hügel, J. C., … Röseler, J. J. (2020, July 24). The Stepwise Anchoring Paradigm: Measuring Reliable Components of Anchoring and Adjustment as the Next Step in Moderator Research. https://doi.org/10.31234/osf.io/hjbwp","Röseler et al., 2020","https://osf.io/uac2t/","Weight of a wolf (kg)","weight",1,0,0,1,1,1,3,3,50,1,1
"850",84,1,40,25,414,75414,"Röseler, L., Schütz, A., Dolling, I. K., Friedinger, K., Hösch, Y., Hügel, J. C., … Röseler, J. J. (2020, July 24). The Stepwise Anchoring Paradigm: Measuring Reliable Components of Anchoring and Adjustment as the Next Step in Moderator Research. https://doi.org/10.31234/osf.io/hjbwp","Röseler et al., 2020","https://osf.io/uac2t/","Weight of a goat (kg)","weight",1,0,0,1,1,1,3,3,50,0,1
"851",84,1,50,84,414,75414,"Röseler, L., Schütz, A., Dolling, I. K., Friedinger, K., Hösch, Y., Hügel, J. C., … Röseler, J. J. (2020, July 24). The Stepwise Anchoring Paradigm: Measuring Reliable Components of Anchoring and Adjustment as the Next Step in Moderator Research. https://doi.org/10.31234/osf.io/hjbwp","Röseler et al., 2020","https://osf.io/uac2t/","Weight of a hyena (kg)","weight",1,0,0,1,1,1,3,3,60,1,1
"852",84,1,61,36,414,75414,"Röseler, L., Schütz, A., Dolling, I. K., Friedinger, K., Hösch, Y., Hügel, J. C., … Röseler, J. J. (2020, July 24). The Stepwise Anchoring Paradigm: Measuring Reliable Components of Anchoring and Adjustment as the Next Step in Moderator Research. https://doi.org/10.31234/osf.io/hjbwp","Röseler et al., 2020","https://osf.io/uac2t/","Weight of a warthog (kg)","weight",1,0,0,1,1,1,3,3,60,0,1
"853",21,2,5,8,416,75416,"Röseler, L., Schütz, A., Dolling, I. K., Friedinger, K., Hösch, Y., Hügel, J. C., … Röseler, J. J. (2020, July 24). The Stepwise Anchoring Paradigm: Measuring Reliable Components of Anchoring and Adjustment as the Next Step in Moderator Research. https://doi.org/10.31234/osf.io/hjbwp","Röseler et al., 2020","https://osf.io/uac2t/","Weight of a rabbit (kg)","weight",1,0,0,1,1,1,3,3,4.5,1,1
"854",21,2,5,1,416,75416,"Röseler, L., Schütz, A., Dolling, I. K., Friedinger, K., Hösch, Y., Hügel, J. C., … Röseler, J. J. (2020, July 24). The Stepwise Anchoring Paradigm: Measuring Reliable Components of Anchoring and Adjustment as the Next Step in Moderator Research. https://doi.org/10.31234/osf.io/hjbwp","Röseler et al., 2020","https://osf.io/uac2t/","Weight of a cat (kg)","weight",1,0,0,1,1,1,3,3,4.25,0,1
"855",21,2,6,14,416,75416,"Röseler, L., Schütz, A., Dolling, I. K., Friedinger, K., Hösch, Y., Hügel, J. C., … Röseler, J. J. (2020, July 24). The Stepwise Anchoring Paradigm: Measuring Reliable Components of Anchoring and Adjustment as the Next Step in Moderator Research. https://doi.org/10.31234/osf.io/hjbwp","Röseler et al., 2020","https://osf.io/uac2t/","Weight of a fox (kg)","weight",1,0,0,1,1,1,3,3,8,1,1
"856",21,2,10,2,416,75416,"Röseler, L., Schütz, A., Dolling, I. K., Friedinger, K., Hösch, Y., Hügel, J. C., … Röseler, J. J. (2020, July 24). The Stepwise Anchoring Paradigm: Measuring Reliable Components of Anchoring and Adjustment as the Next Step in Moderator Research. https://doi.org/10.31234/osf.io/hjbwp","Röseler et al., 2020","https://osf.io/uac2t/","Weight of a racoon (kg)","weight",1,0,0,1,1,1,3,3,8,0,1
"857",21,2,14,26,416,75416,"Röseler, L., Schütz, A., Dolling, I. K., Friedinger, K., Hösch, Y., Hügel, J. C., … Röseler, J. J. (2020, July 24). The Stepwise Anchoring Paradigm: Measuring Reliable Components of Anchoring and Adjustment as the Next Step in Moderator Research. https://doi.org/10.31234/osf.io/hjbwp","Röseler et al., 2020","https://osf.io/uac2t/","Weight of a badger (kg)","weight",1,0,0,1,1,1,3,3,15,1,1
"858",21,2,13,4,416,75416,"Röseler, L., Schütz, A., Dolling, I. K., Friedinger, K., Hösch, Y., Hügel, J. C., … Röseler, J. J. (2020, July 24). The Stepwise Anchoring Paradigm: Measuring Reliable Components of Anchoring and Adjustment as the Next Step in Moderator Research. https://doi.org/10.31234/osf.io/hjbwp","Röseler et al., 2020","https://osf.io/uac2t/","Weight of a pelican (kg)","weight",1,0,0,1,1,1,3,3,15,0,1
"859",21,2,15,40,416,75416,"Röseler, L., Schütz, A., Dolling, I. K., Friedinger, K., Hösch, Y., Hügel, J. C., … Röseler, J. J. (2020, July 24). The Stepwise Anchoring Paradigm: Measuring Reliable Components of Anchoring and Adjustment as the Next Step in Moderator Research. https://doi.org/10.31234/osf.io/hjbwp","Röseler et al., 2020","https://osf.io/uac2t/","Weight of a beaver (kg)","weight",1,0,0,1,1,1,3,3,25,1,1
"860",21,2,26,10,416,75416,"Röseler, L., Schütz, A., Dolling, I. K., Friedinger, K., Hösch, Y., Hügel, J. C., … Röseler, J. J. (2020, July 24). The Stepwise Anchoring Paradigm: Measuring Reliable Components of Anchoring and Adjustment as the Next Step in Moderator Research. https://doi.org/10.31234/osf.io/hjbwp","Röseler et al., 2020","https://osf.io/uac2t/","Weight of a deer (kg)","weight",1,0,0,1,1,1,3,3,25,0,1
"861",21,2,65,75,416,75416,"Röseler, L., Schütz, A., Dolling, I. K., Friedinger, K., Hösch, Y., Hügel, J. C., … Röseler, J. J. (2020, July 24). The Stepwise Anchoring Paradigm: Measuring Reliable Components of Anchoring and Adjustment as the Next Step in Moderator Research. https://doi.org/10.31234/osf.io/hjbwp","Röseler et al., 2020","https://osf.io/uac2t/","Weight of a wolf (kg)","weight",1,0,0,1,1,1,3,3,50,1,1
"862",21,2,40,25,416,75416,"Röseler, L., Schütz, A., Dolling, I. K., Friedinger, K., Hösch, Y., Hügel, J. C., … Röseler, J. J. (2020, July 24). The Stepwise Anchoring Paradigm: Measuring Reliable Components of Anchoring and Adjustment as the Next Step in Moderator Research. https://doi.org/10.31234/osf.io/hjbwp","Röseler et al., 2020","https://osf.io/uac2t/","Weight of a goat (kg)","weight",1,0,0,1,1,1,3,3,50,0,1
"863",21,2,76,84,416,75416,"Röseler, L., Schütz, A., Dolling, I. K., Friedinger, K., Hösch, Y., Hügel, J. C., … Röseler, J. J. (2020, July 24). The Stepwise Anchoring Paradigm: Measuring Reliable Components of Anchoring and Adjustment as the Next Step in Moderator Research. https://doi.org/10.31234/osf.io/hjbwp","Röseler et al., 2020","https://osf.io/uac2t/","Weight of a hyena (kg)","weight",1,0,0,1,1,1,3,3,60,1,1
"864",21,2,40,36,416,75416,"Röseler, L., Schütz, A., Dolling, I. K., Friedinger, K., Hösch, Y., Hügel, J. C., … Röseler, J. J. (2020, July 24). The Stepwise Anchoring Paradigm: Measuring Reliable Components of Anchoring and Adjustment as the Next Step in Moderator Research. https://doi.org/10.31234/osf.io/hjbwp","Röseler et al., 2020","https://osf.io/uac2t/","Weight of a warthog (kg)","weight",1,0,0,1,1,1,3,3,60,0,1
"865",22,2,NA,1,424,75424,"Röseler, L., Schütz, A., Dolling, I. K., Friedinger, K., Hösch, Y., Hügel, J. C., … Röseler, J. J. (2020, July 24). The Stepwise Anchoring Paradigm: Measuring Reliable Components of Anchoring and Adjustment as the Next Step in Moderator Research. https://doi.org/10.31234/osf.io/hjbwp","Röseler et al., 2020","https://osf.io/uac2t/","Weight of a rabbit (kg)","weight",1,0,0,1,1,1,3,3,4.5,0,1
"866",22,2,1,8,424,75424,"Röseler, L., Schütz, A., Dolling, I. K., Friedinger, K., Hösch, Y., Hügel, J. C., … Röseler, J. J. (2020, July 24). The Stepwise Anchoring Paradigm: Measuring Reliable Components of Anchoring and Adjustment as the Next Step in Moderator Research. https://doi.org/10.31234/osf.io/hjbwp","Röseler et al., 2020","https://osf.io/uac2t/","Weight of a cat (kg)","weight",1,0,0,1,1,1,3,3,4.25,1,1
"867",22,2,23,2,424,75424,"Röseler, L., Schütz, A., Dolling, I. K., Friedinger, K., Hösch, Y., Hügel, J. C., … Röseler, J. J. (2020, July 24). The Stepwise Anchoring Paradigm: Measuring Reliable Components of Anchoring and Adjustment as the Next Step in Moderator Research. https://doi.org/10.31234/osf.io/hjbwp","Röseler et al., 2020","https://osf.io/uac2t/","Weight of a fox (kg)","weight",1,0,0,1,1,1,3,3,8,0,1
"868",22,2,22,14,424,75424,"Röseler, L., Schütz, A., Dolling, I. K., Friedinger, K., Hösch, Y., Hügel, J. C., … Röseler, J. J. (2020, July 24). The Stepwise Anchoring Paradigm: Measuring Reliable Components of Anchoring and Adjustment as the Next Step in Moderator Research. https://doi.org/10.31234/osf.io/hjbwp","Röseler et al., 2020","https://osf.io/uac2t/","Weight of a racoon (kg)","weight",1,0,0,1,1,1,3,3,8,1,1
"869",22,2,38,4,424,75424,"Röseler, L., Schütz, A., Dolling, I. K., Friedinger, K., Hösch, Y., Hügel, J. C., … Röseler, J. J. (2020, July 24). The Stepwise Anchoring Paradigm: Measuring Reliable Components of Anchoring and Adjustment as the Next Step in Moderator Research. https://doi.org/10.31234/osf.io/hjbwp","Röseler et al., 2020","https://osf.io/uac2t/","Weight of a badger (kg)","weight",1,0,0,1,1,1,3,3,15,0,1
"870",22,2,18,26,424,75424,"Röseler, L., Schütz, A., Dolling, I. K., Friedinger, K., Hösch, Y., Hügel, J. C., … Röseler, J. J. (2020, July 24). The Stepwise Anchoring Paradigm: Measuring Reliable Components of Anchoring and Adjustment as the Next Step in Moderator Research. https://doi.org/10.31234/osf.io/hjbwp","Röseler et al., 2020","https://osf.io/uac2t/","Weight of a pelican (kg)","weight",1,0,0,1,1,1,3,3,15,1,1
"871",22,2,NA,10,424,75424,"Röseler, L., Schütz, A., Dolling, I. K., Friedinger, K., Hösch, Y., Hügel, J. C., … Röseler, J. J. (2020, July 24). The Stepwise Anchoring Paradigm: Measuring Reliable Components of Anchoring and Adjustment as the Next Step in Moderator Research. https://doi.org/10.31234/osf.io/hjbwp","Röseler et al., 2020","https://osf.io/uac2t/","Weight of a beaver (kg)","weight",1,0,0,1,1,1,3,3,25,0,1
"872",22,2,18,40,424,75424,"Röseler, L., Schütz, A., Dolling, I. K., Friedinger, K., Hösch, Y., Hügel, J. C., … Röseler, J. J. (2020, July 24). The Stepwise Anchoring Paradigm: Measuring Reliable Components of Anchoring and Adjustment as the Next Step in Moderator Research. https://doi.org/10.31234/osf.io/hjbwp","Röseler et al., 2020","https://osf.io/uac2t/","Weight of a deer (kg)","weight",1,0,0,1,1,1,3,3,25,1,1
"873",22,2,29,25,424,75424,"Röseler, L., Schütz, A., Dolling, I. K., Friedinger, K., Hösch, Y., Hügel, J. C., … Röseler, J. J. (2020, July 24). The Stepwise Anchoring Paradigm: Measuring Reliable Components of Anchoring and Adjustment as the Next Step in Moderator Research. https://doi.org/10.31234/osf.io/hjbwp","Röseler et al., 2020","https://osf.io/uac2t/","Weight of a wolf (kg)","weight",1,0,0,1,1,1,3,3,50,0,1
"874",22,2,25,75,424,75424,"Röseler, L., Schütz, A., Dolling, I. K., Friedinger, K., Hösch, Y., Hügel, J. C., … Röseler, J. J. (2020, July 24). The Stepwise Anchoring Paradigm: Measuring Reliable Components of Anchoring and Adjustment as the Next Step in Moderator Research. https://doi.org/10.31234/osf.io/hjbwp","Röseler et al., 2020","https://osf.io/uac2t/","Weight of a goat (kg)","weight",1,0,0,1,1,1,3,3,50,1,1
"875",22,2,47,36,424,75424,"Röseler, L., Schütz, A., Dolling, I. K., Friedinger, K., Hösch, Y., Hügel, J. C., … Röseler, J. J. (2020, July 24). The Stepwise Anchoring Paradigm: Measuring Reliable Components of Anchoring and Adjustment as the Next Step in Moderator Research. https://doi.org/10.31234/osf.io/hjbwp","Röseler et al., 2020","https://osf.io/uac2t/","Weight of a hyena (kg)","weight",1,0,0,1,1,1,3,3,60,0,1
"876",22,2,60,84,424,75424,"Röseler, L., Schütz, A., Dolling, I. K., Friedinger, K., Hösch, Y., Hügel, J. C., … Röseler, J. J. (2020, July 24). The Stepwise Anchoring Paradigm: Measuring Reliable Components of Anchoring and Adjustment as the Next Step in Moderator Research. https://doi.org/10.31234/osf.io/hjbwp","Röseler et al., 2020","https://osf.io/uac2t/","Weight of a warthog (kg)","weight",1,0,0,1,1,1,3,3,60,1,1
"877",17,2,4,1,428,75428,"Röseler, L., Schütz, A., Dolling, I. K., Friedinger, K., Hösch, Y., Hügel, J. C., … Röseler, J. J. (2020, July 24). The Stepwise Anchoring Paradigm: Measuring Reliable Components of Anchoring and Adjustment as the Next Step in Moderator Research. https://doi.org/10.31234/osf.io/hjbwp","Röseler et al., 2020","https://osf.io/uac2t/","Weight of a rabbit (kg)","weight",1,0,0,1,1,1,3,3,4.5,0,1
"878",17,2,4,8,428,75428,"Röseler, L., Schütz, A., Dolling, I. K., Friedinger, K., Hösch, Y., Hügel, J. C., … Röseler, J. J. (2020, July 24). The Stepwise Anchoring Paradigm: Measuring Reliable Components of Anchoring and Adjustment as the Next Step in Moderator Research. https://doi.org/10.31234/osf.io/hjbwp","Röseler et al., 2020","https://osf.io/uac2t/","Weight of a cat (kg)","weight",1,0,0,1,1,1,3,3,4.25,1,1
"879",17,2,16,2,428,75428,"Röseler, L., Schütz, A., Dolling, I. K., Friedinger, K., Hösch, Y., Hügel, J. C., … Röseler, J. J. (2020, July 24). The Stepwise Anchoring Paradigm: Measuring Reliable Components of Anchoring and Adjustment as the Next Step in Moderator Research. https://doi.org/10.31234/osf.io/hjbwp","Röseler et al., 2020","https://osf.io/uac2t/","Weight of a fox (kg)","weight",1,0,0,1,1,1,3,3,8,0,1
"880",17,2,17,14,428,75428,"Röseler, L., Schütz, A., Dolling, I. K., Friedinger, K., Hösch, Y., Hügel, J. C., … Röseler, J. J. (2020, July 24). The Stepwise Anchoring Paradigm: Measuring Reliable Components of Anchoring and Adjustment as the Next Step in Moderator Research. https://doi.org/10.31234/osf.io/hjbwp","Röseler et al., 2020","https://osf.io/uac2t/","Weight of a racoon (kg)","weight",1,0,0,1,1,1,3,3,8,1,1
"881",17,2,11,4,428,75428,"Röseler, L., Schütz, A., Dolling, I. K., Friedinger, K., Hösch, Y., Hügel, J. C., … Röseler, J. J. (2020, July 24). The Stepwise Anchoring Paradigm: Measuring Reliable Components of Anchoring and Adjustment as the Next Step in Moderator Research. https://doi.org/10.31234/osf.io/hjbwp","Röseler et al., 2020","https://osf.io/uac2t/","Weight of a badger (kg)","weight",1,0,0,1,1,1,3,3,15,0,1
"882",17,2,10,26,428,75428,"Röseler, L., Schütz, A., Dolling, I. K., Friedinger, K., Hösch, Y., Hügel, J. C., … Röseler, J. J. (2020, July 24). The Stepwise Anchoring Paradigm: Measuring Reliable Components of Anchoring and Adjustment as the Next Step in Moderator Research. https://doi.org/10.31234/osf.io/hjbwp","Röseler et al., 2020","https://osf.io/uac2t/","Weight of a pelican (kg)","weight",1,0,0,1,1,1,3,3,15,1,1
"883",17,2,13,10,428,75428,"Röseler, L., Schütz, A., Dolling, I. K., Friedinger, K., Hösch, Y., Hügel, J. C., … Röseler, J. J. (2020, July 24). The Stepwise Anchoring Paradigm: Measuring Reliable Components of Anchoring and Adjustment as the Next Step in Moderator Research. https://doi.org/10.31234/osf.io/hjbwp","Röseler et al., 2020","https://osf.io/uac2t/","Weight of a beaver (kg)","weight",1,0,0,1,1,1,3,3,25,0,1
"884",17,2,33,40,428,75428,"Röseler, L., Schütz, A., Dolling, I. K., Friedinger, K., Hösch, Y., Hügel, J. C., … Röseler, J. J. (2020, July 24). The Stepwise Anchoring Paradigm: Measuring Reliable Components of Anchoring and Adjustment as the Next Step in Moderator Research. https://doi.org/10.31234/osf.io/hjbwp","Röseler et al., 2020","https://osf.io/uac2t/","Weight of a deer (kg)","weight",1,0,0,1,1,1,3,3,25,1,1
"885",17,2,26,25,428,75428,"Röseler, L., Schütz, A., Dolling, I. K., Friedinger, K., Hösch, Y., Hügel, J. C., … Röseler, J. J. (2020, July 24). The Stepwise Anchoring Paradigm: Measuring Reliable Components of Anchoring and Adjustment as the Next Step in Moderator Research. https://doi.org/10.31234/osf.io/hjbwp","Röseler et al., 2020","https://osf.io/uac2t/","Weight of a wolf (kg)","weight",1,0,0,1,1,1,3,3,50,0,1
"886",17,2,33,75,428,75428,"Röseler, L., Schütz, A., Dolling, I. K., Friedinger, K., Hösch, Y., Hügel, J. C., … Röseler, J. J. (2020, July 24). The Stepwise Anchoring Paradigm: Measuring Reliable Components of Anchoring and Adjustment as the Next Step in Moderator Research. https://doi.org/10.31234/osf.io/hjbwp","Röseler et al., 2020","https://osf.io/uac2t/","Weight of a goat (kg)","weight",1,0,0,1,1,1,3,3,50,1,1
"887",17,2,38,36,428,75428,"Röseler, L., Schütz, A., Dolling, I. K., Friedinger, K., Hösch, Y., Hügel, J. C., … Röseler, J. J. (2020, July 24). The Stepwise Anchoring Paradigm: Measuring Reliable Components of Anchoring and Adjustment as the Next Step in Moderator Research. https://doi.org/10.31234/osf.io/hjbwp","Röseler et al., 2020","https://osf.io/uac2t/","Weight of a hyena (kg)","weight",1,0,0,1,1,1,3,3,60,0,1
"888",17,2,38,84,428,75428,"Röseler, L., Schütz, A., Dolling, I. K., Friedinger, K., Hösch, Y., Hügel, J. C., … Röseler, J. J. (2020, July 24). The Stepwise Anchoring Paradigm: Measuring Reliable Components of Anchoring and Adjustment as the Next Step in Moderator Research. https://doi.org/10.31234/osf.io/hjbwp","Röseler et al., 2020","https://osf.io/uac2t/","Weight of a warthog (kg)","weight",1,0,0,1,1,1,3,3,60,1,1
"889",26,1,NA,1,429,75429,"Röseler, L., Schütz, A., Dolling, I. K., Friedinger, K., Hösch, Y., Hügel, J. C., … Röseler, J. J. (2020, July 24). The Stepwise Anchoring Paradigm: Measuring Reliable Components of Anchoring and Adjustment as the Next Step in Moderator Research. https://doi.org/10.31234/osf.io/hjbwp","Röseler et al., 2020","https://osf.io/uac2t/","Weight of a rabbit (kg)","weight",1,0,0,1,1,1,3,3,4.5,0,1
"890",26,1,5,8,429,75429,"Röseler, L., Schütz, A., Dolling, I. K., Friedinger, K., Hösch, Y., Hügel, J. C., … Röseler, J. J. (2020, July 24). The Stepwise Anchoring Paradigm: Measuring Reliable Components of Anchoring and Adjustment as the Next Step in Moderator Research. https://doi.org/10.31234/osf.io/hjbwp","Röseler et al., 2020","https://osf.io/uac2t/","Weight of a cat (kg)","weight",1,0,0,1,1,1,3,3,4.25,1,1
"891",26,1,9,2,429,75429,"Röseler, L., Schütz, A., Dolling, I. K., Friedinger, K., Hösch, Y., Hügel, J. C., … Röseler, J. J. (2020, July 24). The Stepwise Anchoring Paradigm: Measuring Reliable Components of Anchoring and Adjustment as the Next Step in Moderator Research. https://doi.org/10.31234/osf.io/hjbwp","Röseler et al., 2020","https://osf.io/uac2t/","Weight of a fox (kg)","weight",1,0,0,1,1,1,3,3,8,0,1
"892",26,1,16,14,429,75429,"Röseler, L., Schütz, A., Dolling, I. K., Friedinger, K., Hösch, Y., Hügel, J. C., … Röseler, J. J. (2020, July 24). The Stepwise Anchoring Paradigm: Measuring Reliable Components of Anchoring and Adjustment as the Next Step in Moderator Research. https://doi.org/10.31234/osf.io/hjbwp","Röseler et al., 2020","https://osf.io/uac2t/","Weight of a racoon (kg)","weight",1,0,0,1,1,1,3,3,8,1,1
"893",26,1,23,4,429,75429,"Röseler, L., Schütz, A., Dolling, I. K., Friedinger, K., Hösch, Y., Hügel, J. C., … Röseler, J. J. (2020, July 24). The Stepwise Anchoring Paradigm: Measuring Reliable Components of Anchoring and Adjustment as the Next Step in Moderator Research. https://doi.org/10.31234/osf.io/hjbwp","Röseler et al., 2020","https://osf.io/uac2t/","Weight of a badger (kg)","weight",1,0,0,1,1,1,3,3,15,0,1
"894",26,1,8,26,429,75429,"Röseler, L., Schütz, A., Dolling, I. K., Friedinger, K., Hösch, Y., Hügel, J. C., … Röseler, J. J. (2020, July 24). The Stepwise Anchoring Paradigm: Measuring Reliable Components of Anchoring and Adjustment as the Next Step in Moderator Research. https://doi.org/10.31234/osf.io/hjbwp","Röseler et al., 2020","https://osf.io/uac2t/","Weight of a pelican (kg)","weight",1,0,0,1,1,1,3,3,15,1,1
"895",26,1,19,10,429,75429,"Röseler, L., Schütz, A., Dolling, I. K., Friedinger, K., Hösch, Y., Hügel, J. C., … Röseler, J. J. (2020, July 24). The Stepwise Anchoring Paradigm: Measuring Reliable Components of Anchoring and Adjustment as the Next Step in Moderator Research. https://doi.org/10.31234/osf.io/hjbwp","Röseler et al., 2020","https://osf.io/uac2t/","Weight of a beaver (kg)","weight",1,0,0,1,1,1,3,3,25,0,1
"896",26,1,34,40,429,75429,"Röseler, L., Schütz, A., Dolling, I. K., Friedinger, K., Hösch, Y., Hügel, J. C., … Röseler, J. J. (2020, July 24). The Stepwise Anchoring Paradigm: Measuring Reliable Components of Anchoring and Adjustment as the Next Step in Moderator Research. https://doi.org/10.31234/osf.io/hjbwp","Röseler et al., 2020","https://osf.io/uac2t/","Weight of a deer (kg)","weight",1,0,0,1,1,1,3,3,25,1,1
"897",26,1,35,25,429,75429,"Röseler, L., Schütz, A., Dolling, I. K., Friedinger, K., Hösch, Y., Hügel, J. C., … Röseler, J. J. (2020, July 24). The Stepwise Anchoring Paradigm: Measuring Reliable Components of Anchoring and Adjustment as the Next Step in Moderator Research. https://doi.org/10.31234/osf.io/hjbwp","Röseler et al., 2020","https://osf.io/uac2t/","Weight of a wolf (kg)","weight",1,0,0,1,1,1,3,3,50,0,1
"898",26,1,27,75,429,75429,"Röseler, L., Schütz, A., Dolling, I. K., Friedinger, K., Hösch, Y., Hügel, J. C., … Röseler, J. J. (2020, July 24). The Stepwise Anchoring Paradigm: Measuring Reliable Components of Anchoring and Adjustment as the Next Step in Moderator Research. https://doi.org/10.31234/osf.io/hjbwp","Röseler et al., 2020","https://osf.io/uac2t/","Weight of a goat (kg)","weight",1,0,0,1,1,1,3,3,50,1,1
"899",26,1,46,36,429,75429,"Röseler, L., Schütz, A., Dolling, I. K., Friedinger, K., Hösch, Y., Hügel, J. C., … Röseler, J. J. (2020, July 24). The Stepwise Anchoring Paradigm: Measuring Reliable Components of Anchoring and Adjustment as the Next Step in Moderator Research. https://doi.org/10.31234/osf.io/hjbwp","Röseler et al., 2020","https://osf.io/uac2t/","Weight of a hyena (kg)","weight",1,0,0,1,1,1,3,3,60,0,1
"900",26,1,57,84,429,75429,"Röseler, L., Schütz, A., Dolling, I. K., Friedinger, K., Hösch, Y., Hügel, J. C., … Röseler, J. J. (2020, July 24). The Stepwise Anchoring Paradigm: Measuring Reliable Components of Anchoring and Adjustment as the Next Step in Moderator Research. https://doi.org/10.31234/osf.io/hjbwp","Röseler et al., 2020","https://osf.io/uac2t/","Weight of a warthog (kg)","weight",1,0,0,1,1,1,3,3,60,1,1
"901",23,2,2,8,433,75433,"Röseler, L., Schütz, A., Dolling, I. K., Friedinger, K., Hösch, Y., Hügel, J. C., … Röseler, J. J. (2020, July 24). The Stepwise Anchoring Paradigm: Measuring Reliable Components of Anchoring and Adjustment as the Next Step in Moderator Research. https://doi.org/10.31234/osf.io/hjbwp","Röseler et al., 2020","https://osf.io/uac2t/","Weight of a rabbit (kg)","weight",1,0,0,1,1,1,3,3,4.5,1,1
"902",23,2,5,1,433,75433,"Röseler, L., Schütz, A., Dolling, I. K., Friedinger, K., Hösch, Y., Hügel, J. C., … Röseler, J. J. (2020, July 24). The Stepwise Anchoring Paradigm: Measuring Reliable Components of Anchoring and Adjustment as the Next Step in Moderator Research. https://doi.org/10.31234/osf.io/hjbwp","Röseler et al., 2020","https://osf.io/uac2t/","Weight of a cat (kg)","weight",1,0,0,1,1,1,3,3,4.25,0,1
"903",23,2,4,14,433,75433,"Röseler, L., Schütz, A., Dolling, I. K., Friedinger, K., Hösch, Y., Hügel, J. C., … Röseler, J. J. (2020, July 24). The Stepwise Anchoring Paradigm: Measuring Reliable Components of Anchoring and Adjustment as the Next Step in Moderator Research. https://doi.org/10.31234/osf.io/hjbwp","Röseler et al., 2020","https://osf.io/uac2t/","Weight of a fox (kg)","weight",1,0,0,1,1,1,3,3,8,1,1
"904",23,2,7,2,433,75433,"Röseler, L., Schütz, A., Dolling, I. K., Friedinger, K., Hösch, Y., Hügel, J. C., … Röseler, J. J. (2020, July 24). The Stepwise Anchoring Paradigm: Measuring Reliable Components of Anchoring and Adjustment as the Next Step in Moderator Research. https://doi.org/10.31234/osf.io/hjbwp","Röseler et al., 2020","https://osf.io/uac2t/","Weight of a racoon (kg)","weight",1,0,0,1,1,1,3,3,8,0,1
"905",23,2,7,26,433,75433,"Röseler, L., Schütz, A., Dolling, I. K., Friedinger, K., Hösch, Y., Hügel, J. C., … Röseler, J. J. (2020, July 24). The Stepwise Anchoring Paradigm: Measuring Reliable Components of Anchoring and Adjustment as the Next Step in Moderator Research. https://doi.org/10.31234/osf.io/hjbwp","Röseler et al., 2020","https://osf.io/uac2t/","Weight of a badger (kg)","weight",1,0,0,1,1,1,3,3,15,1,1
"906",23,2,15,4,433,75433,"Röseler, L., Schütz, A., Dolling, I. K., Friedinger, K., Hösch, Y., Hügel, J. C., … Röseler, J. J. (2020, July 24). The Stepwise Anchoring Paradigm: Measuring Reliable Components of Anchoring and Adjustment as the Next Step in Moderator Research. https://doi.org/10.31234/osf.io/hjbwp","Röseler et al., 2020","https://osf.io/uac2t/","Weight of a pelican (kg)","weight",1,0,0,1,1,1,3,3,15,0,1
"907",23,2,10,40,433,75433,"Röseler, L., Schütz, A., Dolling, I. K., Friedinger, K., Hösch, Y., Hügel, J. C., … Röseler, J. J. (2020, July 24). The Stepwise Anchoring Paradigm: Measuring Reliable Components of Anchoring and Adjustment as the Next Step in Moderator Research. https://doi.org/10.31234/osf.io/hjbwp","Röseler et al., 2020","https://osf.io/uac2t/","Weight of a beaver (kg)","weight",1,0,0,1,1,1,3,3,25,1,1
"908",23,2,15,10,433,75433,"Röseler, L., Schütz, A., Dolling, I. K., Friedinger, K., Hösch, Y., Hügel, J. C., … Röseler, J. J. (2020, July 24). The Stepwise Anchoring Paradigm: Measuring Reliable Components of Anchoring and Adjustment as the Next Step in Moderator Research. https://doi.org/10.31234/osf.io/hjbwp","Röseler et al., 2020","https://osf.io/uac2t/","Weight of a deer (kg)","weight",1,0,0,1,1,1,3,3,25,0,1
"909",23,2,43,75,433,75433,"Röseler, L., Schütz, A., Dolling, I. K., Friedinger, K., Hösch, Y., Hügel, J. C., … Röseler, J. J. (2020, July 24). The Stepwise Anchoring Paradigm: Measuring Reliable Components of Anchoring and Adjustment as the Next Step in Moderator Research. https://doi.org/10.31234/osf.io/hjbwp","Röseler et al., 2020","https://osf.io/uac2t/","Weight of a wolf (kg)","weight",1,0,0,1,1,1,3,3,50,1,1
"910",23,2,33,25,433,75433,"Röseler, L., Schütz, A., Dolling, I. K., Friedinger, K., Hösch, Y., Hügel, J. C., … Röseler, J. J. (2020, July 24). The Stepwise Anchoring Paradigm: Measuring Reliable Components of Anchoring and Adjustment as the Next Step in Moderator Research. https://doi.org/10.31234/osf.io/hjbwp","Röseler et al., 2020","https://osf.io/uac2t/","Weight of a goat (kg)","weight",1,0,0,1,1,1,3,3,50,0,1
"911",23,2,16,84,433,75433,"Röseler, L., Schütz, A., Dolling, I. K., Friedinger, K., Hösch, Y., Hügel, J. C., … Röseler, J. J. (2020, July 24). The Stepwise Anchoring Paradigm: Measuring Reliable Components of Anchoring and Adjustment as the Next Step in Moderator Research. https://doi.org/10.31234/osf.io/hjbwp","Röseler et al., 2020","https://osf.io/uac2t/","Weight of a hyena (kg)","weight",1,0,0,1,1,1,3,3,60,1,1
"912",23,2,63,36,433,75433,"Röseler, L., Schütz, A., Dolling, I. K., Friedinger, K., Hösch, Y., Hügel, J. C., … Röseler, J. J. (2020, July 24). The Stepwise Anchoring Paradigm: Measuring Reliable Components of Anchoring and Adjustment as the Next Step in Moderator Research. https://doi.org/10.31234/osf.io/hjbwp","Röseler et al., 2020","https://osf.io/uac2t/","Weight of a warthog (kg)","weight",1,0,0,1,1,1,3,3,60,0,1
"913",18,2,15,1,434,75434,"Röseler, L., Schütz, A., Dolling, I. K., Friedinger, K., Hösch, Y., Hügel, J. C., … Röseler, J. J. (2020, July 24). The Stepwise Anchoring Paradigm: Measuring Reliable Components of Anchoring and Adjustment as the Next Step in Moderator Research. https://doi.org/10.31234/osf.io/hjbwp","Röseler et al., 2020","https://osf.io/uac2t/","Weight of a rabbit (kg)","weight",1,0,0,1,1,1,3,3,4.5,0,1
"914",18,2,10,8,434,75434,"Röseler, L., Schütz, A., Dolling, I. K., Friedinger, K., Hösch, Y., Hügel, J. C., … Röseler, J. J. (2020, July 24). The Stepwise Anchoring Paradigm: Measuring Reliable Components of Anchoring and Adjustment as the Next Step in Moderator Research. https://doi.org/10.31234/osf.io/hjbwp","Röseler et al., 2020","https://osf.io/uac2t/","Weight of a cat (kg)","weight",1,0,0,1,1,1,3,3,4.25,1,1
"915",18,2,19,2,434,75434,"Röseler, L., Schütz, A., Dolling, I. K., Friedinger, K., Hösch, Y., Hügel, J. C., … Röseler, J. J. (2020, July 24). The Stepwise Anchoring Paradigm: Measuring Reliable Components of Anchoring and Adjustment as the Next Step in Moderator Research. https://doi.org/10.31234/osf.io/hjbwp","Röseler et al., 2020","https://osf.io/uac2t/","Weight of a fox (kg)","weight",1,0,0,1,1,1,3,3,8,0,1
"916",18,2,12,14,434,75434,"Röseler, L., Schütz, A., Dolling, I. K., Friedinger, K., Hösch, Y., Hügel, J. C., … Röseler, J. J. (2020, July 24). The Stepwise Anchoring Paradigm: Measuring Reliable Components of Anchoring and Adjustment as the Next Step in Moderator Research. https://doi.org/10.31234/osf.io/hjbwp","Röseler et al., 2020","https://osf.io/uac2t/","Weight of a racoon (kg)","weight",1,0,0,1,1,1,3,3,8,1,1
"917",18,2,12,4,434,75434,"Röseler, L., Schütz, A., Dolling, I. K., Friedinger, K., Hösch, Y., Hügel, J. C., … Röseler, J. J. (2020, July 24). The Stepwise Anchoring Paradigm: Measuring Reliable Components of Anchoring and Adjustment as the Next Step in Moderator Research. https://doi.org/10.31234/osf.io/hjbwp","Röseler et al., 2020","https://osf.io/uac2t/","Weight of a badger (kg)","weight",1,0,0,1,1,1,3,3,15,0,1
"918",18,2,18,26,434,75434,"Röseler, L., Schütz, A., Dolling, I. K., Friedinger, K., Hösch, Y., Hügel, J. C., … Röseler, J. J. (2020, July 24). The Stepwise Anchoring Paradigm: Measuring Reliable Components of Anchoring and Adjustment as the Next Step in Moderator Research. https://doi.org/10.31234/osf.io/hjbwp","Röseler et al., 2020","https://osf.io/uac2t/","Weight of a pelican (kg)","weight",1,0,0,1,1,1,3,3,15,1,1
"919",18,2,21,10,434,75434,"Röseler, L., Schütz, A., Dolling, I. K., Friedinger, K., Hösch, Y., Hügel, J. C., … Röseler, J. J. (2020, July 24). The Stepwise Anchoring Paradigm: Measuring Reliable Components of Anchoring and Adjustment as the Next Step in Moderator Research. https://doi.org/10.31234/osf.io/hjbwp","Röseler et al., 2020","https://osf.io/uac2t/","Weight of a beaver (kg)","weight",1,0,0,1,1,1,3,3,25,0,1
"920",18,2,22,40,434,75434,"Röseler, L., Schütz, A., Dolling, I. K., Friedinger, K., Hösch, Y., Hügel, J. C., … Röseler, J. J. (2020, July 24). The Stepwise Anchoring Paradigm: Measuring Reliable Components of Anchoring and Adjustment as the Next Step in Moderator Research. https://doi.org/10.31234/osf.io/hjbwp","Röseler et al., 2020","https://osf.io/uac2t/","Weight of a deer (kg)","weight",1,0,0,1,1,1,3,3,25,1,1
"921",18,2,50,25,434,75434,"Röseler, L., Schütz, A., Dolling, I. K., Friedinger, K., Hösch, Y., Hügel, J. C., … Röseler, J. J. (2020, July 24). The Stepwise Anchoring Paradigm: Measuring Reliable Components of Anchoring and Adjustment as the Next Step in Moderator Research. https://doi.org/10.31234/osf.io/hjbwp","Röseler et al., 2020","https://osf.io/uac2t/","Weight of a wolf (kg)","weight",1,0,0,1,1,1,3,3,50,0,1
"922",18,2,41,75,434,75434,"Röseler, L., Schütz, A., Dolling, I. K., Friedinger, K., Hösch, Y., Hügel, J. C., … Röseler, J. J. (2020, July 24). The Stepwise Anchoring Paradigm: Measuring Reliable Components of Anchoring and Adjustment as the Next Step in Moderator Research. https://doi.org/10.31234/osf.io/hjbwp","Röseler et al., 2020","https://osf.io/uac2t/","Weight of a goat (kg)","weight",1,0,0,1,1,1,3,3,50,1,1
"923",18,2,57,36,434,75434,"Röseler, L., Schütz, A., Dolling, I. K., Friedinger, K., Hösch, Y., Hügel, J. C., … Röseler, J. J. (2020, July 24). The Stepwise Anchoring Paradigm: Measuring Reliable Components of Anchoring and Adjustment as the Next Step in Moderator Research. https://doi.org/10.31234/osf.io/hjbwp","Röseler et al., 2020","https://osf.io/uac2t/","Weight of a hyena (kg)","weight",1,0,0,1,1,1,3,3,60,0,1
"924",18,2,66,84,434,75434,"Röseler, L., Schütz, A., Dolling, I. K., Friedinger, K., Hösch, Y., Hügel, J. C., … Röseler, J. J. (2020, July 24). The Stepwise Anchoring Paradigm: Measuring Reliable Components of Anchoring and Adjustment as the Next Step in Moderator Research. https://doi.org/10.31234/osf.io/hjbwp","Röseler et al., 2020","https://osf.io/uac2t/","Weight of a warthog (kg)","weight",1,0,0,1,1,1,3,3,60,1,1
"925",23,2,5,8,435,75435,"Röseler, L., Schütz, A., Dolling, I. K., Friedinger, K., Hösch, Y., Hügel, J. C., … Röseler, J. J. (2020, July 24). The Stepwise Anchoring Paradigm: Measuring Reliable Components of Anchoring and Adjustment as the Next Step in Moderator Research. https://doi.org/10.31234/osf.io/hjbwp","Röseler et al., 2020","https://osf.io/uac2t/","Weight of a rabbit (kg)","weight",1,0,0,1,1,1,3,3,4.5,1,1
"926",23,2,6,1,435,75435,"Röseler, L., Schütz, A., Dolling, I. K., Friedinger, K., Hösch, Y., Hügel, J. C., … Röseler, J. J. (2020, July 24). The Stepwise Anchoring Paradigm: Measuring Reliable Components of Anchoring and Adjustment as the Next Step in Moderator Research. https://doi.org/10.31234/osf.io/hjbwp","Röseler et al., 2020","https://osf.io/uac2t/","Weight of a cat (kg)","weight",1,0,0,1,1,1,3,3,4.25,0,1
"927",23,2,7,14,435,75435,"Röseler, L., Schütz, A., Dolling, I. K., Friedinger, K., Hösch, Y., Hügel, J. C., … Röseler, J. J. (2020, July 24). The Stepwise Anchoring Paradigm: Measuring Reliable Components of Anchoring and Adjustment as the Next Step in Moderator Research. https://doi.org/10.31234/osf.io/hjbwp","Röseler et al., 2020","https://osf.io/uac2t/","Weight of a fox (kg)","weight",1,0,0,1,1,1,3,3,8,1,1
"928",23,2,6,2,435,75435,"Röseler, L., Schütz, A., Dolling, I. K., Friedinger, K., Hösch, Y., Hügel, J. C., … Röseler, J. J. (2020, July 24). The Stepwise Anchoring Paradigm: Measuring Reliable Components of Anchoring and Adjustment as the Next Step in Moderator Research. https://doi.org/10.31234/osf.io/hjbwp","Röseler et al., 2020","https://osf.io/uac2t/","Weight of a racoon (kg)","weight",1,0,0,1,1,1,3,3,8,0,1
"929",23,2,15,26,435,75435,"Röseler, L., Schütz, A., Dolling, I. K., Friedinger, K., Hösch, Y., Hügel, J. C., … Röseler, J. J. (2020, July 24). The Stepwise Anchoring Paradigm: Measuring Reliable Components of Anchoring and Adjustment as the Next Step in Moderator Research. https://doi.org/10.31234/osf.io/hjbwp","Röseler et al., 2020","https://osf.io/uac2t/","Weight of a badger (kg)","weight",1,0,0,1,1,1,3,3,15,1,1
"930",23,2,14,4,435,75435,"Röseler, L., Schütz, A., Dolling, I. K., Friedinger, K., Hösch, Y., Hügel, J. C., … Röseler, J. J. (2020, July 24). The Stepwise Anchoring Paradigm: Measuring Reliable Components of Anchoring and Adjustment as the Next Step in Moderator Research. https://doi.org/10.31234/osf.io/hjbwp","Röseler et al., 2020","https://osf.io/uac2t/","Weight of a pelican (kg)","weight",1,0,0,1,1,1,3,3,15,0,1
"931",23,2,28,40,435,75435,"Röseler, L., Schütz, A., Dolling, I. K., Friedinger, K., Hösch, Y., Hügel, J. C., … Röseler, J. J. (2020, July 24). The Stepwise Anchoring Paradigm: Measuring Reliable Components of Anchoring and Adjustment as the Next Step in Moderator Research. https://doi.org/10.31234/osf.io/hjbwp","Röseler et al., 2020","https://osf.io/uac2t/","Weight of a beaver (kg)","weight",1,0,0,1,1,1,3,3,25,1,1
"932",23,2,30,10,435,75435,"Röseler, L., Schütz, A., Dolling, I. K., Friedinger, K., Hösch, Y., Hügel, J. C., … Röseler, J. J. (2020, July 24). The Stepwise Anchoring Paradigm: Measuring Reliable Components of Anchoring and Adjustment as the Next Step in Moderator Research. https://doi.org/10.31234/osf.io/hjbwp","Röseler et al., 2020","https://osf.io/uac2t/","Weight of a deer (kg)","weight",1,0,0,1,1,1,3,3,25,0,1
"933",23,2,39,75,435,75435,"Röseler, L., Schütz, A., Dolling, I. K., Friedinger, K., Hösch, Y., Hügel, J. C., … Röseler, J. J. (2020, July 24). The Stepwise Anchoring Paradigm: Measuring Reliable Components of Anchoring and Adjustment as the Next Step in Moderator Research. https://doi.org/10.31234/osf.io/hjbwp","Röseler et al., 2020","https://osf.io/uac2t/","Weight of a wolf (kg)","weight",1,0,0,1,1,1,3,3,50,1,1
"934",23,2,30,25,435,75435,"Röseler, L., Schütz, A., Dolling, I. K., Friedinger, K., Hösch, Y., Hügel, J. C., … Röseler, J. J. (2020, July 24). The Stepwise Anchoring Paradigm: Measuring Reliable Components of Anchoring and Adjustment as the Next Step in Moderator Research. https://doi.org/10.31234/osf.io/hjbwp","Röseler et al., 2020","https://osf.io/uac2t/","Weight of a goat (kg)","weight",1,0,0,1,1,1,3,3,50,0,1
"935",23,2,38,84,435,75435,"Röseler, L., Schütz, A., Dolling, I. K., Friedinger, K., Hösch, Y., Hügel, J. C., … Röseler, J. J. (2020, July 24). The Stepwise Anchoring Paradigm: Measuring Reliable Components of Anchoring and Adjustment as the Next Step in Moderator Research. https://doi.org/10.31234/osf.io/hjbwp","Röseler et al., 2020","https://osf.io/uac2t/","Weight of a hyena (kg)","weight",1,0,0,1,1,1,3,3,60,1,1
"936",23,2,49,36,435,75435,"Röseler, L., Schütz, A., Dolling, I. K., Friedinger, K., Hösch, Y., Hügel, J. C., … Röseler, J. J. (2020, July 24). The Stepwise Anchoring Paradigm: Measuring Reliable Components of Anchoring and Adjustment as the Next Step in Moderator Research. https://doi.org/10.31234/osf.io/hjbwp","Röseler et al., 2020","https://osf.io/uac2t/","Weight of a warthog (kg)","weight",1,0,0,1,1,1,3,3,60,0,1
"937",19,1,3,1,437,75437,"Röseler, L., Schütz, A., Dolling, I. K., Friedinger, K., Hösch, Y., Hügel, J. C., … Röseler, J. J. (2020, July 24). The Stepwise Anchoring Paradigm: Measuring Reliable Components of Anchoring and Adjustment as the Next Step in Moderator Research. https://doi.org/10.31234/osf.io/hjbwp","Röseler et al., 2020","https://osf.io/uac2t/","Weight of a rabbit (kg)","weight",1,0,0,1,1,1,3,3,4.5,0,1
"938",19,1,5,8,437,75437,"Röseler, L., Schütz, A., Dolling, I. K., Friedinger, K., Hösch, Y., Hügel, J. C., … Röseler, J. J. (2020, July 24). The Stepwise Anchoring Paradigm: Measuring Reliable Components of Anchoring and Adjustment as the Next Step in Moderator Research. https://doi.org/10.31234/osf.io/hjbwp","Röseler et al., 2020","https://osf.io/uac2t/","Weight of a cat (kg)","weight",1,0,0,1,1,1,3,3,4.25,1,1
"939",19,1,15,2,437,75437,"Röseler, L., Schütz, A., Dolling, I. K., Friedinger, K., Hösch, Y., Hügel, J. C., … Röseler, J. J. (2020, July 24). The Stepwise Anchoring Paradigm: Measuring Reliable Components of Anchoring and Adjustment as the Next Step in Moderator Research. https://doi.org/10.31234/osf.io/hjbwp","Röseler et al., 2020","https://osf.io/uac2t/","Weight of a fox (kg)","weight",1,0,0,1,1,1,3,3,8,0,1
"940",19,1,23,14,437,75437,"Röseler, L., Schütz, A., Dolling, I. K., Friedinger, K., Hösch, Y., Hügel, J. C., … Röseler, J. J. (2020, July 24). The Stepwise Anchoring Paradigm: Measuring Reliable Components of Anchoring and Adjustment as the Next Step in Moderator Research. https://doi.org/10.31234/osf.io/hjbwp","Röseler et al., 2020","https://osf.io/uac2t/","Weight of a racoon (kg)","weight",1,0,0,1,1,1,3,3,8,1,1
"941",19,1,12,4,437,75437,"Röseler, L., Schütz, A., Dolling, I. K., Friedinger, K., Hösch, Y., Hügel, J. C., … Röseler, J. J. (2020, July 24). The Stepwise Anchoring Paradigm: Measuring Reliable Components of Anchoring and Adjustment as the Next Step in Moderator Research. https://doi.org/10.31234/osf.io/hjbwp","Röseler et al., 2020","https://osf.io/uac2t/","Weight of a badger (kg)","weight",1,0,0,1,1,1,3,3,15,0,1
"942",19,1,23,26,437,75437,"Röseler, L., Schütz, A., Dolling, I. K., Friedinger, K., Hösch, Y., Hügel, J. C., … Röseler, J. J. (2020, July 24). The Stepwise Anchoring Paradigm: Measuring Reliable Components of Anchoring and Adjustment as the Next Step in Moderator Research. https://doi.org/10.31234/osf.io/hjbwp","Röseler et al., 2020","https://osf.io/uac2t/","Weight of a pelican (kg)","weight",1,0,0,1,1,1,3,3,15,1,1
"943",19,1,20,10,437,75437,"Röseler, L., Schütz, A., Dolling, I. K., Friedinger, K., Hösch, Y., Hügel, J. C., … Röseler, J. J. (2020, July 24). The Stepwise Anchoring Paradigm: Measuring Reliable Components of Anchoring and Adjustment as the Next Step in Moderator Research. https://doi.org/10.31234/osf.io/hjbwp","Röseler et al., 2020","https://osf.io/uac2t/","Weight of a beaver (kg)","weight",1,0,0,1,1,1,3,3,25,0,1
"944",19,1,35,40,437,75437,"Röseler, L., Schütz, A., Dolling, I. K., Friedinger, K., Hösch, Y., Hügel, J. C., … Röseler, J. J. (2020, July 24). The Stepwise Anchoring Paradigm: Measuring Reliable Components of Anchoring and Adjustment as the Next Step in Moderator Research. https://doi.org/10.31234/osf.io/hjbwp","Röseler et al., 2020","https://osf.io/uac2t/","Weight of a deer (kg)","weight",1,0,0,1,1,1,3,3,25,1,1
"945",19,1,38,25,437,75437,"Röseler, L., Schütz, A., Dolling, I. K., Friedinger, K., Hösch, Y., Hügel, J. C., … Röseler, J. J. (2020, July 24). The Stepwise Anchoring Paradigm: Measuring Reliable Components of Anchoring and Adjustment as the Next Step in Moderator Research. https://doi.org/10.31234/osf.io/hjbwp","Röseler et al., 2020","https://osf.io/uac2t/","Weight of a wolf (kg)","weight",1,0,0,1,1,1,3,3,50,0,1
"946",19,1,60,75,437,75437,"Röseler, L., Schütz, A., Dolling, I. K., Friedinger, K., Hösch, Y., Hügel, J. C., … Röseler, J. J. (2020, July 24). The Stepwise Anchoring Paradigm: Measuring Reliable Components of Anchoring and Adjustment as the Next Step in Moderator Research. https://doi.org/10.31234/osf.io/hjbwp","Röseler et al., 2020","https://osf.io/uac2t/","Weight of a goat (kg)","weight",1,0,0,1,1,1,3,3,50,1,1
"947",19,1,45,36,437,75437,"Röseler, L., Schütz, A., Dolling, I. K., Friedinger, K., Hösch, Y., Hügel, J. C., … Röseler, J. J. (2020, July 24). The Stepwise Anchoring Paradigm: Measuring Reliable Components of Anchoring and Adjustment as the Next Step in Moderator Research. https://doi.org/10.31234/osf.io/hjbwp","Röseler et al., 2020","https://osf.io/uac2t/","Weight of a hyena (kg)","weight",1,0,0,1,1,1,3,3,60,0,1
"948",19,1,88,84,437,75437,"Röseler, L., Schütz, A., Dolling, I. K., Friedinger, K., Hösch, Y., Hügel, J. C., … Röseler, J. J. (2020, July 24). The Stepwise Anchoring Paradigm: Measuring Reliable Components of Anchoring and Adjustment as the Next Step in Moderator Research. https://doi.org/10.31234/osf.io/hjbwp","Röseler et al., 2020","https://osf.io/uac2t/","Weight of a warthog (kg)","weight",1,0,0,1,1,1,3,3,60,1,1
"949",23,2,4,8,440,75440,"Röseler, L., Schütz, A., Dolling, I. K., Friedinger, K., Hösch, Y., Hügel, J. C., … Röseler, J. J. (2020, July 24). The Stepwise Anchoring Paradigm: Measuring Reliable Components of Anchoring and Adjustment as the Next Step in Moderator Research. https://doi.org/10.31234/osf.io/hjbwp","Röseler et al., 2020","https://osf.io/uac2t/","Weight of a rabbit (kg)","weight",1,0,0,1,1,1,3,3,4.5,1,1
"950",23,2,27,1,440,75440,"Röseler, L., Schütz, A., Dolling, I. K., Friedinger, K., Hösch, Y., Hügel, J. C., … Röseler, J. J. (2020, July 24). The Stepwise Anchoring Paradigm: Measuring Reliable Components of Anchoring and Adjustment as the Next Step in Moderator Research. https://doi.org/10.31234/osf.io/hjbwp","Röseler et al., 2020","https://osf.io/uac2t/","Weight of a cat (kg)","weight",1,0,0,1,1,1,3,3,4.25,0,1
"951",23,2,8,14,440,75440,"Röseler, L., Schütz, A., Dolling, I. K., Friedinger, K., Hösch, Y., Hügel, J. C., … Röseler, J. J. (2020, July 24). The Stepwise Anchoring Paradigm: Measuring Reliable Components of Anchoring and Adjustment as the Next Step in Moderator Research. https://doi.org/10.31234/osf.io/hjbwp","Röseler et al., 2020","https://osf.io/uac2t/","Weight of a fox (kg)","weight",1,0,0,1,1,1,3,3,8,1,1
"952",23,2,8,2,440,75440,"Röseler, L., Schütz, A., Dolling, I. K., Friedinger, K., Hösch, Y., Hügel, J. C., … Röseler, J. J. (2020, July 24). The Stepwise Anchoring Paradigm: Measuring Reliable Components of Anchoring and Adjustment as the Next Step in Moderator Research. https://doi.org/10.31234/osf.io/hjbwp","Röseler et al., 2020","https://osf.io/uac2t/","Weight of a racoon (kg)","weight",1,0,0,1,1,1,3,3,8,0,1
"953",23,2,9,26,440,75440,"Röseler, L., Schütz, A., Dolling, I. K., Friedinger, K., Hösch, Y., Hügel, J. C., … Röseler, J. J. (2020, July 24). The Stepwise Anchoring Paradigm: Measuring Reliable Components of Anchoring and Adjustment as the Next Step in Moderator Research. https://doi.org/10.31234/osf.io/hjbwp","Röseler et al., 2020","https://osf.io/uac2t/","Weight of a badger (kg)","weight",1,0,0,1,1,1,3,3,15,1,1
"954",23,2,8,4,440,75440,"Röseler, L., Schütz, A., Dolling, I. K., Friedinger, K., Hösch, Y., Hügel, J. C., … Röseler, J. J. (2020, July 24). The Stepwise Anchoring Paradigm: Measuring Reliable Components of Anchoring and Adjustment as the Next Step in Moderator Research. https://doi.org/10.31234/osf.io/hjbwp","Röseler et al., 2020","https://osf.io/uac2t/","Weight of a pelican (kg)","weight",1,0,0,1,1,1,3,3,15,0,1
"955",23,2,30,40,440,75440,"Röseler, L., Schütz, A., Dolling, I. K., Friedinger, K., Hösch, Y., Hügel, J. C., … Röseler, J. J. (2020, July 24). The Stepwise Anchoring Paradigm: Measuring Reliable Components of Anchoring and Adjustment as the Next Step in Moderator Research. https://doi.org/10.31234/osf.io/hjbwp","Röseler et al., 2020","https://osf.io/uac2t/","Weight of a beaver (kg)","weight",1,0,0,1,1,1,3,3,25,1,1
"956",23,2,21,10,440,75440,"Röseler, L., Schütz, A., Dolling, I. K., Friedinger, K., Hösch, Y., Hügel, J. C., … Röseler, J. J. (2020, July 24). The Stepwise Anchoring Paradigm: Measuring Reliable Components of Anchoring and Adjustment as the Next Step in Moderator Research. https://doi.org/10.31234/osf.io/hjbwp","Röseler et al., 2020","https://osf.io/uac2t/","Weight of a deer (kg)","weight",1,0,0,1,1,1,3,3,25,0,1
"957",23,2,53,75,440,75440,"Röseler, L., Schütz, A., Dolling, I. K., Friedinger, K., Hösch, Y., Hügel, J. C., … Röseler, J. J. (2020, July 24). The Stepwise Anchoring Paradigm: Measuring Reliable Components of Anchoring and Adjustment as the Next Step in Moderator Research. https://doi.org/10.31234/osf.io/hjbwp","Röseler et al., 2020","https://osf.io/uac2t/","Weight of a wolf (kg)","weight",1,0,0,1,1,1,3,3,50,1,1
"958",23,2,27,25,440,75440,"Röseler, L., Schütz, A., Dolling, I. K., Friedinger, K., Hösch, Y., Hügel, J. C., … Röseler, J. J. (2020, July 24). The Stepwise Anchoring Paradigm: Measuring Reliable Components of Anchoring and Adjustment as the Next Step in Moderator Research. https://doi.org/10.31234/osf.io/hjbwp","Röseler et al., 2020","https://osf.io/uac2t/","Weight of a goat (kg)","weight",1,0,0,1,1,1,3,3,50,0,1
"959",23,2,47,84,440,75440,"Röseler, L., Schütz, A., Dolling, I. K., Friedinger, K., Hösch, Y., Hügel, J. C., … Röseler, J. J. (2020, July 24). The Stepwise Anchoring Paradigm: Measuring Reliable Components of Anchoring and Adjustment as the Next Step in Moderator Research. https://doi.org/10.31234/osf.io/hjbwp","Röseler et al., 2020","https://osf.io/uac2t/","Weight of a hyena (kg)","weight",1,0,0,1,1,1,3,3,60,1,1
"960",23,2,52,36,440,75440,"Röseler, L., Schütz, A., Dolling, I. K., Friedinger, K., Hösch, Y., Hügel, J. C., … Röseler, J. J. (2020, July 24). The Stepwise Anchoring Paradigm: Measuring Reliable Components of Anchoring and Adjustment as the Next Step in Moderator Research. https://doi.org/10.31234/osf.io/hjbwp","Röseler et al., 2020","https://osf.io/uac2t/","Weight of a warthog (kg)","weight",1,0,0,1,1,1,3,3,60,0,1
"961",20,1,4,1,442,75442,"Röseler, L., Schütz, A., Dolling, I. K., Friedinger, K., Hösch, Y., Hügel, J. C., … Röseler, J. J. (2020, July 24). The Stepwise Anchoring Paradigm: Measuring Reliable Components of Anchoring and Adjustment as the Next Step in Moderator Research. https://doi.org/10.31234/osf.io/hjbwp","Röseler et al., 2020","https://osf.io/uac2t/","Weight of a rabbit (kg)","weight",1,0,0,1,1,1,3,3,4.5,0,1
"962",20,1,4,8,442,75442,"Röseler, L., Schütz, A., Dolling, I. K., Friedinger, K., Hösch, Y., Hügel, J. C., … Röseler, J. J. (2020, July 24). The Stepwise Anchoring Paradigm: Measuring Reliable Components of Anchoring and Adjustment as the Next Step in Moderator Research. https://doi.org/10.31234/osf.io/hjbwp","Röseler et al., 2020","https://osf.io/uac2t/","Weight of a cat (kg)","weight",1,0,0,1,1,1,3,3,4.25,1,1
"963",20,1,15,2,442,75442,"Röseler, L., Schütz, A., Dolling, I. K., Friedinger, K., Hösch, Y., Hügel, J. C., … Röseler, J. J. (2020, July 24). The Stepwise Anchoring Paradigm: Measuring Reliable Components of Anchoring and Adjustment as the Next Step in Moderator Research. https://doi.org/10.31234/osf.io/hjbwp","Röseler et al., 2020","https://osf.io/uac2t/","Weight of a fox (kg)","weight",1,0,0,1,1,1,3,3,8,0,1
"964",20,1,20,14,442,75442,"Röseler, L., Schütz, A., Dolling, I. K., Friedinger, K., Hösch, Y., Hügel, J. C., … Röseler, J. J. (2020, July 24). The Stepwise Anchoring Paradigm: Measuring Reliable Components of Anchoring and Adjustment as the Next Step in Moderator Research. https://doi.org/10.31234/osf.io/hjbwp","Röseler et al., 2020","https://osf.io/uac2t/","Weight of a racoon (kg)","weight",1,0,0,1,1,1,3,3,8,1,1
"965",20,1,10,4,442,75442,"Röseler, L., Schütz, A., Dolling, I. K., Friedinger, K., Hösch, Y., Hügel, J. C., … Röseler, J. J. (2020, July 24). The Stepwise Anchoring Paradigm: Measuring Reliable Components of Anchoring and Adjustment as the Next Step in Moderator Research. https://doi.org/10.31234/osf.io/hjbwp","Röseler et al., 2020","https://osf.io/uac2t/","Weight of a badger (kg)","weight",1,0,0,1,1,1,3,3,15,0,1
"966",20,1,14,26,442,75442,"Röseler, L., Schütz, A., Dolling, I. K., Friedinger, K., Hösch, Y., Hügel, J. C., … Röseler, J. J. (2020, July 24). The Stepwise Anchoring Paradigm: Measuring Reliable Components of Anchoring and Adjustment as the Next Step in Moderator Research. https://doi.org/10.31234/osf.io/hjbwp","Röseler et al., 2020","https://osf.io/uac2t/","Weight of a pelican (kg)","weight",1,0,0,1,1,1,3,3,15,1,1
"967",20,1,13,10,442,75442,"Röseler, L., Schütz, A., Dolling, I. K., Friedinger, K., Hösch, Y., Hügel, J. C., … Röseler, J. J. (2020, July 24). The Stepwise Anchoring Paradigm: Measuring Reliable Components of Anchoring and Adjustment as the Next Step in Moderator Research. https://doi.org/10.31234/osf.io/hjbwp","Röseler et al., 2020","https://osf.io/uac2t/","Weight of a beaver (kg)","weight",1,0,0,1,1,1,3,3,25,0,1
"968",20,1,33,40,442,75442,"Röseler, L., Schütz, A., Dolling, I. K., Friedinger, K., Hösch, Y., Hügel, J. C., … Röseler, J. J. (2020, July 24). The Stepwise Anchoring Paradigm: Measuring Reliable Components of Anchoring and Adjustment as the Next Step in Moderator Research. https://doi.org/10.31234/osf.io/hjbwp","Röseler et al., 2020","https://osf.io/uac2t/","Weight of a deer (kg)","weight",1,0,0,1,1,1,3,3,25,1,1
"969",20,1,43,25,442,75442,"Röseler, L., Schütz, A., Dolling, I. K., Friedinger, K., Hösch, Y., Hügel, J. C., … Röseler, J. J. (2020, July 24). The Stepwise Anchoring Paradigm: Measuring Reliable Components of Anchoring and Adjustment as the Next Step in Moderator Research. https://doi.org/10.31234/osf.io/hjbwp","Röseler et al., 2020","https://osf.io/uac2t/","Weight of a wolf (kg)","weight",1,0,0,1,1,1,3,3,50,0,1
"970",20,1,30,75,442,75442,"Röseler, L., Schütz, A., Dolling, I. K., Friedinger, K., Hösch, Y., Hügel, J. C., … Röseler, J. J. (2020, July 24). The Stepwise Anchoring Paradigm: Measuring Reliable Components of Anchoring and Adjustment as the Next Step in Moderator Research. https://doi.org/10.31234/osf.io/hjbwp","Röseler et al., 2020","https://osf.io/uac2t/","Weight of a goat (kg)","weight",1,0,0,1,1,1,3,3,50,1,1
"971",20,1,32,36,442,75442,"Röseler, L., Schütz, A., Dolling, I. K., Friedinger, K., Hösch, Y., Hügel, J. C., … Röseler, J. J. (2020, July 24). The Stepwise Anchoring Paradigm: Measuring Reliable Components of Anchoring and Adjustment as the Next Step in Moderator Research. https://doi.org/10.31234/osf.io/hjbwp","Röseler et al., 2020","https://osf.io/uac2t/","Weight of a hyena (kg)","weight",1,0,0,1,1,1,3,3,60,0,1
"972",20,1,50,84,442,75442,"Röseler, L., Schütz, A., Dolling, I. K., Friedinger, K., Hösch, Y., Hügel, J. C., … Röseler, J. J. (2020, July 24). The Stepwise Anchoring Paradigm: Measuring Reliable Components of Anchoring and Adjustment as the Next Step in Moderator Research. https://doi.org/10.31234/osf.io/hjbwp","Röseler et al., 2020","https://osf.io/uac2t/","Weight of a warthog (kg)","weight",1,0,0,1,1,1,3,3,60,1,1
"973",25,2,7,8,448,75448,"Röseler, L., Schütz, A., Dolling, I. K., Friedinger, K., Hösch, Y., Hügel, J. C., … Röseler, J. J. (2020, July 24). The Stepwise Anchoring Paradigm: Measuring Reliable Components of Anchoring and Adjustment as the Next Step in Moderator Research. https://doi.org/10.31234/osf.io/hjbwp","Röseler et al., 2020","https://osf.io/uac2t/","Weight of a rabbit (kg)","weight",1,0,0,1,1,1,3,3,4.5,1,1
"974",25,2,15,1,448,75448,"Röseler, L., Schütz, A., Dolling, I. K., Friedinger, K., Hösch, Y., Hügel, J. C., … Röseler, J. J. (2020, July 24). The Stepwise Anchoring Paradigm: Measuring Reliable Components of Anchoring and Adjustment as the Next Step in Moderator Research. https://doi.org/10.31234/osf.io/hjbwp","Röseler et al., 2020","https://osf.io/uac2t/","Weight of a cat (kg)","weight",1,0,0,1,1,1,3,3,4.25,0,1
"975",25,2,20,14,448,75448,"Röseler, L., Schütz, A., Dolling, I. K., Friedinger, K., Hösch, Y., Hügel, J. C., … Röseler, J. J. (2020, July 24). The Stepwise Anchoring Paradigm: Measuring Reliable Components of Anchoring and Adjustment as the Next Step in Moderator Research. https://doi.org/10.31234/osf.io/hjbwp","Röseler et al., 2020","https://osf.io/uac2t/","Weight of a fox (kg)","weight",1,0,0,1,1,1,3,3,8,1,1
"976",25,2,22,2,448,75448,"Röseler, L., Schütz, A., Dolling, I. K., Friedinger, K., Hösch, Y., Hügel, J. C., … Röseler, J. J. (2020, July 24). The Stepwise Anchoring Paradigm: Measuring Reliable Components of Anchoring and Adjustment as the Next Step in Moderator Research. https://doi.org/10.31234/osf.io/hjbwp","Röseler et al., 2020","https://osf.io/uac2t/","Weight of a racoon (kg)","weight",1,0,0,1,1,1,3,3,8,0,1
"977",25,2,15,26,448,75448,"Röseler, L., Schütz, A., Dolling, I. K., Friedinger, K., Hösch, Y., Hügel, J. C., … Röseler, J. J. (2020, July 24). The Stepwise Anchoring Paradigm: Measuring Reliable Components of Anchoring and Adjustment as the Next Step in Moderator Research. https://doi.org/10.31234/osf.io/hjbwp","Röseler et al., 2020","https://osf.io/uac2t/","Weight of a badger (kg)","weight",1,0,0,1,1,1,3,3,15,1,1
"978",25,2,10,4,448,75448,"Röseler, L., Schütz, A., Dolling, I. K., Friedinger, K., Hösch, Y., Hügel, J. C., … Röseler, J. J. (2020, July 24). The Stepwise Anchoring Paradigm: Measuring Reliable Components of Anchoring and Adjustment as the Next Step in Moderator Research. https://doi.org/10.31234/osf.io/hjbwp","Röseler et al., 2020","https://osf.io/uac2t/","Weight of a pelican (kg)","weight",1,0,0,1,1,1,3,3,15,0,1
"979",25,2,20,40,448,75448,"Röseler, L., Schütz, A., Dolling, I. K., Friedinger, K., Hösch, Y., Hügel, J. C., … Röseler, J. J. (2020, July 24). The Stepwise Anchoring Paradigm: Measuring Reliable Components of Anchoring and Adjustment as the Next Step in Moderator Research. https://doi.org/10.31234/osf.io/hjbwp","Röseler et al., 2020","https://osf.io/uac2t/","Weight of a beaver (kg)","weight",1,0,0,1,1,1,3,3,25,1,1
"980",25,2,15,10,448,75448,"Röseler, L., Schütz, A., Dolling, I. K., Friedinger, K., Hösch, Y., Hügel, J. C., … Röseler, J. J. (2020, July 24). The Stepwise Anchoring Paradigm: Measuring Reliable Components of Anchoring and Adjustment as the Next Step in Moderator Research. https://doi.org/10.31234/osf.io/hjbwp","Röseler et al., 2020","https://osf.io/uac2t/","Weight of a deer (kg)","weight",1,0,0,1,1,1,3,3,25,0,1
"981",25,2,30,75,448,75448,"Röseler, L., Schütz, A., Dolling, I. K., Friedinger, K., Hösch, Y., Hügel, J. C., … Röseler, J. J. (2020, July 24). The Stepwise Anchoring Paradigm: Measuring Reliable Components of Anchoring and Adjustment as the Next Step in Moderator Research. https://doi.org/10.31234/osf.io/hjbwp","Röseler et al., 2020","https://osf.io/uac2t/","Weight of a wolf (kg)","weight",1,0,0,1,1,1,3,3,50,1,1
"982",25,2,30,25,448,75448,"Röseler, L., Schütz, A., Dolling, I. K., Friedinger, K., Hösch, Y., Hügel, J. C., … Röseler, J. J. (2020, July 24). The Stepwise Anchoring Paradigm: Measuring Reliable Components of Anchoring and Adjustment as the Next Step in Moderator Research. https://doi.org/10.31234/osf.io/hjbwp","Röseler et al., 2020","https://osf.io/uac2t/","Weight of a goat (kg)","weight",1,0,0,1,1,1,3,3,50,0,1
"983",25,2,15,84,448,75448,"Röseler, L., Schütz, A., Dolling, I. K., Friedinger, K., Hösch, Y., Hügel, J. C., … Röseler, J. J. (2020, July 24). The Stepwise Anchoring Paradigm: Measuring Reliable Components of Anchoring and Adjustment as the Next Step in Moderator Research. https://doi.org/10.31234/osf.io/hjbwp","Röseler et al., 2020","https://osf.io/uac2t/","Weight of a hyena (kg)","weight",1,0,0,1,1,1,3,3,60,1,1
"984",25,2,30,36,448,75448,"Röseler, L., Schütz, A., Dolling, I. K., Friedinger, K., Hösch, Y., Hügel, J. C., … Röseler, J. J. (2020, July 24). The Stepwise Anchoring Paradigm: Measuring Reliable Components of Anchoring and Adjustment as the Next Step in Moderator Research. https://doi.org/10.31234/osf.io/hjbwp","Röseler et al., 2020","https://osf.io/uac2t/","Weight of a warthog (kg)","weight",1,0,0,1,1,1,3,3,60,0,1
"985",22,2,4,1,450,75450,"Röseler, L., Schütz, A., Dolling, I. K., Friedinger, K., Hösch, Y., Hügel, J. C., … Röseler, J. J. (2020, July 24). The Stepwise Anchoring Paradigm: Measuring Reliable Components of Anchoring and Adjustment as the Next Step in Moderator Research. https://doi.org/10.31234/osf.io/hjbwp","Röseler et al., 2020","https://osf.io/uac2t/","Weight of a rabbit (kg)","weight",1,0,0,1,1,1,3,3,4.5,0,1
"986",22,2,7,8,450,75450,"Röseler, L., Schütz, A., Dolling, I. K., Friedinger, K., Hösch, Y., Hügel, J. C., … Röseler, J. J. (2020, July 24). The Stepwise Anchoring Paradigm: Measuring Reliable Components of Anchoring and Adjustment as the Next Step in Moderator Research. https://doi.org/10.31234/osf.io/hjbwp","Röseler et al., 2020","https://osf.io/uac2t/","Weight of a cat (kg)","weight",1,0,0,1,1,1,3,3,4.25,1,1
"987",22,2,11,2,450,75450,"Röseler, L., Schütz, A., Dolling, I. K., Friedinger, K., Hösch, Y., Hügel, J. C., … Röseler, J. J. (2020, July 24). The Stepwise Anchoring Paradigm: Measuring Reliable Components of Anchoring and Adjustment as the Next Step in Moderator Research. https://doi.org/10.31234/osf.io/hjbwp","Röseler et al., 2020","https://osf.io/uac2t/","Weight of a fox (kg)","weight",1,0,0,1,1,1,3,3,8,0,1
"988",22,2,24,14,450,75450,"Röseler, L., Schütz, A., Dolling, I. K., Friedinger, K., Hösch, Y., Hügel, J. C., … Röseler, J. J. (2020, July 24). The Stepwise Anchoring Paradigm: Measuring Reliable Components of Anchoring and Adjustment as the Next Step in Moderator Research. https://doi.org/10.31234/osf.io/hjbwp","Röseler et al., 2020","https://osf.io/uac2t/","Weight of a racoon (kg)","weight",1,0,0,1,1,1,3,3,8,1,1
"989",22,2,35,4,450,75450,"Röseler, L., Schütz, A., Dolling, I. K., Friedinger, K., Hösch, Y., Hügel, J. C., … Röseler, J. J. (2020, July 24). The Stepwise Anchoring Paradigm: Measuring Reliable Components of Anchoring and Adjustment as the Next Step in Moderator Research. https://doi.org/10.31234/osf.io/hjbwp","Röseler et al., 2020","https://osf.io/uac2t/","Weight of a badger (kg)","weight",1,0,0,1,1,1,3,3,15,0,1
"990",22,2,11,26,450,75450,"Röseler, L., Schütz, A., Dolling, I. K., Friedinger, K., Hösch, Y., Hügel, J. C., … Röseler, J. J. (2020, July 24). The Stepwise Anchoring Paradigm: Measuring Reliable Components of Anchoring and Adjustment as the Next Step in Moderator Research. https://doi.org/10.31234/osf.io/hjbwp","Röseler et al., 2020","https://osf.io/uac2t/","Weight of a pelican (kg)","weight",1,0,0,1,1,1,3,3,15,1,1
"991",22,2,17,10,450,75450,"Röseler, L., Schütz, A., Dolling, I. K., Friedinger, K., Hösch, Y., Hügel, J. C., … Röseler, J. J. (2020, July 24). The Stepwise Anchoring Paradigm: Measuring Reliable Components of Anchoring and Adjustment as the Next Step in Moderator Research. https://doi.org/10.31234/osf.io/hjbwp","Röseler et al., 2020","https://osf.io/uac2t/","Weight of a beaver (kg)","weight",1,0,0,1,1,1,3,3,25,0,1
"992",22,2,34,40,450,75450,"Röseler, L., Schütz, A., Dolling, I. K., Friedinger, K., Hösch, Y., Hügel, J. C., … Röseler, J. J. (2020, July 24). The Stepwise Anchoring Paradigm: Measuring Reliable Components of Anchoring and Adjustment as the Next Step in Moderator Research. https://doi.org/10.31234/osf.io/hjbwp","Röseler et al., 2020","https://osf.io/uac2t/","Weight of a deer (kg)","weight",1,0,0,1,1,1,3,3,25,1,1
"993",22,2,40,25,450,75450,"Röseler, L., Schütz, A., Dolling, I. K., Friedinger, K., Hösch, Y., Hügel, J. C., … Röseler, J. J. (2020, July 24). The Stepwise Anchoring Paradigm: Measuring Reliable Components of Anchoring and Adjustment as the Next Step in Moderator Research. https://doi.org/10.31234/osf.io/hjbwp","Röseler et al., 2020","https://osf.io/uac2t/","Weight of a wolf (kg)","weight",1,0,0,1,1,1,3,3,50,0,1
"994",22,2,32,75,450,75450,"Röseler, L., Schütz, A., Dolling, I. K., Friedinger, K., Hösch, Y., Hügel, J. C., … Röseler, J. J. (2020, July 24). The Stepwise Anchoring Paradigm: Measuring Reliable Components of Anchoring and Adjustment as the Next Step in Moderator Research. https://doi.org/10.31234/osf.io/hjbwp","Röseler et al., 2020","https://osf.io/uac2t/","Weight of a goat (kg)","weight",1,0,0,1,1,1,3,3,50,1,1
"995",22,2,43,36,450,75450,"Röseler, L., Schütz, A., Dolling, I. K., Friedinger, K., Hösch, Y., Hügel, J. C., … Röseler, J. J. (2020, July 24). The Stepwise Anchoring Paradigm: Measuring Reliable Components of Anchoring and Adjustment as the Next Step in Moderator Research. https://doi.org/10.31234/osf.io/hjbwp","Röseler et al., 2020","https://osf.io/uac2t/","Weight of a hyena (kg)","weight",1,0,0,1,1,1,3,3,60,0,1
"996",22,2,82,84,450,75450,"Röseler, L., Schütz, A., Dolling, I. K., Friedinger, K., Hösch, Y., Hügel, J. C., … Röseler, J. J. (2020, July 24). The Stepwise Anchoring Paradigm: Measuring Reliable Components of Anchoring and Adjustment as the Next Step in Moderator Research. https://doi.org/10.31234/osf.io/hjbwp","Röseler et al., 2020","https://osf.io/uac2t/","Weight of a warthog (kg)","weight",1,0,0,1,1,1,3,3,60,1,1
"997",33,2,5,8,466,75466,"Röseler, L., Schütz, A., Dolling, I. K., Friedinger, K., Hösch, Y., Hügel, J. C., … Röseler, J. J. (2020, July 24). The Stepwise Anchoring Paradigm: Measuring Reliable Components of Anchoring and Adjustment as the Next Step in Moderator Research. https://doi.org/10.31234/osf.io/hjbwp","Röseler et al., 2020","https://osf.io/uac2t/","Weight of a rabbit (kg)","weight",1,0,0,1,1,1,3,3,4.5,1,1
"998",33,2,5,1,466,75466,"Röseler, L., Schütz, A., Dolling, I. K., Friedinger, K., Hösch, Y., Hügel, J. C., … Röseler, J. J. (2020, July 24). The Stepwise Anchoring Paradigm: Measuring Reliable Components of Anchoring and Adjustment as the Next Step in Moderator Research. https://doi.org/10.31234/osf.io/hjbwp","Röseler et al., 2020","https://osf.io/uac2t/","Weight of a cat (kg)","weight",1,0,0,1,1,1,3,3,4.25,0,1
"999",33,2,8,14,466,75466,"Röseler, L., Schütz, A., Dolling, I. K., Friedinger, K., Hösch, Y., Hügel, J. C., … Röseler, J. J. (2020, July 24). The Stepwise Anchoring Paradigm: Measuring Reliable Components of Anchoring and Adjustment as the Next Step in Moderator Research. https://doi.org/10.31234/osf.io/hjbwp","Röseler et al., 2020","https://osf.io/uac2t/","Weight of a fox (kg)","weight",1,0,0,1,1,1,3,3,8,1,1
"1000",33,2,6,2,466,75466,"Röseler, L., Schütz, A., Dolling, I. K., Friedinger, K., Hösch, Y., Hügel, J. C., … Röseler, J. J. (2020, July 24). The Stepwise Anchoring Paradigm: Measuring Reliable Components of Anchoring and Adjustment as the Next Step in Moderator Research. https://doi.org/10.31234/osf.io/hjbwp","Röseler et al., 2020","https://osf.io/uac2t/","Weight of a racoon (kg)","weight",1,0,0,1,1,1,3,3,8,0,1
"1001",33,2,15,26,466,75466,"Röseler, L., Schütz, A., Dolling, I. K., Friedinger, K., Hösch, Y., Hügel, J. C., … Röseler, J. J. (2020, July 24). The Stepwise Anchoring Paradigm: Measuring Reliable Components of Anchoring and Adjustment as the Next Step in Moderator Research. https://doi.org/10.31234/osf.io/hjbwp","Röseler et al., 2020","https://osf.io/uac2t/","Weight of a badger (kg)","weight",1,0,0,1,1,1,3,3,15,1,1
"1002",33,2,12,4,466,75466,"Röseler, L., Schütz, A., Dolling, I. K., Friedinger, K., Hösch, Y., Hügel, J. C., … Röseler, J. J. (2020, July 24). The Stepwise Anchoring Paradigm: Measuring Reliable Components of Anchoring and Adjustment as the Next Step in Moderator Research. https://doi.org/10.31234/osf.io/hjbwp","Röseler et al., 2020","https://osf.io/uac2t/","Weight of a pelican (kg)","weight",1,0,0,1,1,1,3,3,15,0,1
"1003",33,2,12,40,466,75466,"Röseler, L., Schütz, A., Dolling, I. K., Friedinger, K., Hösch, Y., Hügel, J. C., … Röseler, J. J. (2020, July 24). The Stepwise Anchoring Paradigm: Measuring Reliable Components of Anchoring and Adjustment as the Next Step in Moderator Research. https://doi.org/10.31234/osf.io/hjbwp","Röseler et al., 2020","https://osf.io/uac2t/","Weight of a beaver (kg)","weight",1,0,0,1,1,1,3,3,25,1,1
"1004",33,2,19,10,466,75466,"Röseler, L., Schütz, A., Dolling, I. K., Friedinger, K., Hösch, Y., Hügel, J. C., … Röseler, J. J. (2020, July 24). The Stepwise Anchoring Paradigm: Measuring Reliable Components of Anchoring and Adjustment as the Next Step in Moderator Research. https://doi.org/10.31234/osf.io/hjbwp","Röseler et al., 2020","https://osf.io/uac2t/","Weight of a deer (kg)","weight",1,0,0,1,1,1,3,3,25,0,1
"1005",33,2,42,75,466,75466,"Röseler, L., Schütz, A., Dolling, I. K., Friedinger, K., Hösch, Y., Hügel, J. C., … Röseler, J. J. (2020, July 24). The Stepwise Anchoring Paradigm: Measuring Reliable Components of Anchoring and Adjustment as the Next Step in Moderator Research. https://doi.org/10.31234/osf.io/hjbwp","Röseler et al., 2020","https://osf.io/uac2t/","Weight of a wolf (kg)","weight",1,0,0,1,1,1,3,3,50,1,1
"1006",33,2,28,25,466,75466,"Röseler, L., Schütz, A., Dolling, I. K., Friedinger, K., Hösch, Y., Hügel, J. C., … Röseler, J. J. (2020, July 24). The Stepwise Anchoring Paradigm: Measuring Reliable Components of Anchoring and Adjustment as the Next Step in Moderator Research. https://doi.org/10.31234/osf.io/hjbwp","Röseler et al., 2020","https://osf.io/uac2t/","Weight of a goat (kg)","weight",1,0,0,1,1,1,3,3,50,0,1
"1007",33,2,49,84,466,75466,"Röseler, L., Schütz, A., Dolling, I. K., Friedinger, K., Hösch, Y., Hügel, J. C., … Röseler, J. J. (2020, July 24). The Stepwise Anchoring Paradigm: Measuring Reliable Components of Anchoring and Adjustment as the Next Step in Moderator Research. https://doi.org/10.31234/osf.io/hjbwp","Röseler et al., 2020","https://osf.io/uac2t/","Weight of a hyena (kg)","weight",1,0,0,1,1,1,3,3,60,1,1
"1008",33,2,55,36,466,75466,"Röseler, L., Schütz, A., Dolling, I. K., Friedinger, K., Hösch, Y., Hügel, J. C., … Röseler, J. J. (2020, July 24). The Stepwise Anchoring Paradigm: Measuring Reliable Components of Anchoring and Adjustment as the Next Step in Moderator Research. https://doi.org/10.31234/osf.io/hjbwp","Röseler et al., 2020","https://osf.io/uac2t/","Weight of a warthog (kg)","weight",1,0,0,1,1,1,3,3,60,0,1
"1009",27,1,7,1,470,75470,"Röseler, L., Schütz, A., Dolling, I. K., Friedinger, K., Hösch, Y., Hügel, J. C., … Röseler, J. J. (2020, July 24). The Stepwise Anchoring Paradigm: Measuring Reliable Components of Anchoring and Adjustment as the Next Step in Moderator Research. https://doi.org/10.31234/osf.io/hjbwp","Röseler et al., 2020","https://osf.io/uac2t/","Weight of a rabbit (kg)","weight",1,0,0,1,1,1,3,3,4.5,0,1
"1010",27,1,6,8,470,75470,"Röseler, L., Schütz, A., Dolling, I. K., Friedinger, K., Hösch, Y., Hügel, J. C., … Röseler, J. J. (2020, July 24). The Stepwise Anchoring Paradigm: Measuring Reliable Components of Anchoring and Adjustment as the Next Step in Moderator Research. https://doi.org/10.31234/osf.io/hjbwp","Röseler et al., 2020","https://osf.io/uac2t/","Weight of a cat (kg)","weight",1,0,0,1,1,1,3,3,4.25,1,1
"1011",27,1,15,2,470,75470,"Röseler, L., Schütz, A., Dolling, I. K., Friedinger, K., Hösch, Y., Hügel, J. C., … Röseler, J. J. (2020, July 24). The Stepwise Anchoring Paradigm: Measuring Reliable Components of Anchoring and Adjustment as the Next Step in Moderator Research. https://doi.org/10.31234/osf.io/hjbwp","Röseler et al., 2020","https://osf.io/uac2t/","Weight of a fox (kg)","weight",1,0,0,1,1,1,3,3,8,0,1
"1012",27,1,20,14,470,75470,"Röseler, L., Schütz, A., Dolling, I. K., Friedinger, K., Hösch, Y., Hügel, J. C., … Röseler, J. J. (2020, July 24). The Stepwise Anchoring Paradigm: Measuring Reliable Components of Anchoring and Adjustment as the Next Step in Moderator Research. https://doi.org/10.31234/osf.io/hjbwp","Röseler et al., 2020","https://osf.io/uac2t/","Weight of a racoon (kg)","weight",1,0,0,1,1,1,3,3,8,1,1
"1013",27,1,12,4,470,75470,"Röseler, L., Schütz, A., Dolling, I. K., Friedinger, K., Hösch, Y., Hügel, J. C., … Röseler, J. J. (2020, July 24). The Stepwise Anchoring Paradigm: Measuring Reliable Components of Anchoring and Adjustment as the Next Step in Moderator Research. https://doi.org/10.31234/osf.io/hjbwp","Röseler et al., 2020","https://osf.io/uac2t/","Weight of a badger (kg)","weight",1,0,0,1,1,1,3,3,15,0,1
"1014",27,1,15,26,470,75470,"Röseler, L., Schütz, A., Dolling, I. K., Friedinger, K., Hösch, Y., Hügel, J. C., … Röseler, J. J. (2020, July 24). The Stepwise Anchoring Paradigm: Measuring Reliable Components of Anchoring and Adjustment as the Next Step in Moderator Research. https://doi.org/10.31234/osf.io/hjbwp","Röseler et al., 2020","https://osf.io/uac2t/","Weight of a pelican (kg)","weight",1,0,0,1,1,1,3,3,15,1,1
"1015",27,1,15,10,470,75470,"Röseler, L., Schütz, A., Dolling, I. K., Friedinger, K., Hösch, Y., Hügel, J. C., … Röseler, J. J. (2020, July 24). The Stepwise Anchoring Paradigm: Measuring Reliable Components of Anchoring and Adjustment as the Next Step in Moderator Research. https://doi.org/10.31234/osf.io/hjbwp","Röseler et al., 2020","https://osf.io/uac2t/","Weight of a beaver (kg)","weight",1,0,0,1,1,1,3,3,25,0,1
"1016",27,1,20,40,470,75470,"Röseler, L., Schütz, A., Dolling, I. K., Friedinger, K., Hösch, Y., Hügel, J. C., … Röseler, J. J. (2020, July 24). The Stepwise Anchoring Paradigm: Measuring Reliable Components of Anchoring and Adjustment as the Next Step in Moderator Research. https://doi.org/10.31234/osf.io/hjbwp","Röseler et al., 2020","https://osf.io/uac2t/","Weight of a deer (kg)","weight",1,0,0,1,1,1,3,3,25,1,1
"1017",27,1,36,25,470,75470,"Röseler, L., Schütz, A., Dolling, I. K., Friedinger, K., Hösch, Y., Hügel, J. C., … Röseler, J. J. (2020, July 24). The Stepwise Anchoring Paradigm: Measuring Reliable Components of Anchoring and Adjustment as the Next Step in Moderator Research. https://doi.org/10.31234/osf.io/hjbwp","Röseler et al., 2020","https://osf.io/uac2t/","Weight of a wolf (kg)","weight",1,0,0,1,1,1,3,3,50,0,1
"1018",27,1,30,75,470,75470,"Röseler, L., Schütz, A., Dolling, I. K., Friedinger, K., Hösch, Y., Hügel, J. C., … Röseler, J. J. (2020, July 24). The Stepwise Anchoring Paradigm: Measuring Reliable Components of Anchoring and Adjustment as the Next Step in Moderator Research. https://doi.org/10.31234/osf.io/hjbwp","Röseler et al., 2020","https://osf.io/uac2t/","Weight of a goat (kg)","weight",1,0,0,1,1,1,3,3,50,1,1
"1019",27,1,40,36,470,75470,"Röseler, L., Schütz, A., Dolling, I. K., Friedinger, K., Hösch, Y., Hügel, J. C., … Röseler, J. J. (2020, July 24). The Stepwise Anchoring Paradigm: Measuring Reliable Components of Anchoring and Adjustment as the Next Step in Moderator Research. https://doi.org/10.31234/osf.io/hjbwp","Röseler et al., 2020","https://osf.io/uac2t/","Weight of a hyena (kg)","weight",1,0,0,1,1,1,3,3,60,0,1
"1020",27,1,45,84,470,75470,"Röseler, L., Schütz, A., Dolling, I. K., Friedinger, K., Hösch, Y., Hügel, J. C., … Röseler, J. J. (2020, July 24). The Stepwise Anchoring Paradigm: Measuring Reliable Components of Anchoring and Adjustment as the Next Step in Moderator Research. https://doi.org/10.31234/osf.io/hjbwp","Röseler et al., 2020","https://osf.io/uac2t/","Weight of a warthog (kg)","weight",1,0,0,1,1,1,3,3,60,1,1
"1021",21,2,4,1,471,75471,"Röseler, L., Schütz, A., Dolling, I. K., Friedinger, K., Hösch, Y., Hügel, J. C., … Röseler, J. J. (2020, July 24). The Stepwise Anchoring Paradigm: Measuring Reliable Components of Anchoring and Adjustment as the Next Step in Moderator Research. https://doi.org/10.31234/osf.io/hjbwp","Röseler et al., 2020","https://osf.io/uac2t/","Weight of a rabbit (kg)","weight",1,0,0,1,1,1,3,3,4.5,0,1
"1022",21,2,4,8,471,75471,"Röseler, L., Schütz, A., Dolling, I. K., Friedinger, K., Hösch, Y., Hügel, J. C., … Röseler, J. J. (2020, July 24). The Stepwise Anchoring Paradigm: Measuring Reliable Components of Anchoring and Adjustment as the Next Step in Moderator Research. https://doi.org/10.31234/osf.io/hjbwp","Röseler et al., 2020","https://osf.io/uac2t/","Weight of a cat (kg)","weight",1,0,0,1,1,1,3,3,4.25,1,1
"1023",21,2,20,2,471,75471,"Röseler, L., Schütz, A., Dolling, I. K., Friedinger, K., Hösch, Y., Hügel, J. C., … Röseler, J. J. (2020, July 24). The Stepwise Anchoring Paradigm: Measuring Reliable Components of Anchoring and Adjustment as the Next Step in Moderator Research. https://doi.org/10.31234/osf.io/hjbwp","Röseler et al., 2020","https://osf.io/uac2t/","Weight of a fox (kg)","weight",1,0,0,1,1,1,3,3,8,0,1
"1024",21,2,20,14,471,75471,"Röseler, L., Schütz, A., Dolling, I. K., Friedinger, K., Hösch, Y., Hügel, J. C., … Röseler, J. J. (2020, July 24). The Stepwise Anchoring Paradigm: Measuring Reliable Components of Anchoring and Adjustment as the Next Step in Moderator Research. https://doi.org/10.31234/osf.io/hjbwp","Röseler et al., 2020","https://osf.io/uac2t/","Weight of a racoon (kg)","weight",1,0,0,1,1,1,3,3,8,1,1
"1025",21,2,15,4,471,75471,"Röseler, L., Schütz, A., Dolling, I. K., Friedinger, K., Hösch, Y., Hügel, J. C., … Röseler, J. J. (2020, July 24). The Stepwise Anchoring Paradigm: Measuring Reliable Components of Anchoring and Adjustment as the Next Step in Moderator Research. https://doi.org/10.31234/osf.io/hjbwp","Röseler et al., 2020","https://osf.io/uac2t/","Weight of a badger (kg)","weight",1,0,0,1,1,1,3,3,15,0,1
"1026",21,2,16,26,471,75471,"Röseler, L., Schütz, A., Dolling, I. K., Friedinger, K., Hösch, Y., Hügel, J. C., … Röseler, J. J. (2020, July 24). The Stepwise Anchoring Paradigm: Measuring Reliable Components of Anchoring and Adjustment as the Next Step in Moderator Research. https://doi.org/10.31234/osf.io/hjbwp","Röseler et al., 2020","https://osf.io/uac2t/","Weight of a pelican (kg)","weight",1,0,0,1,1,1,3,3,15,1,1
"1027",21,2,20,10,471,75471,"Röseler, L., Schütz, A., Dolling, I. K., Friedinger, K., Hösch, Y., Hügel, J. C., … Röseler, J. J. (2020, July 24). The Stepwise Anchoring Paradigm: Measuring Reliable Components of Anchoring and Adjustment as the Next Step in Moderator Research. https://doi.org/10.31234/osf.io/hjbwp","Röseler et al., 2020","https://osf.io/uac2t/","Weight of a beaver (kg)","weight",1,0,0,1,1,1,3,3,25,0,1
"1028",21,2,26,40,471,75471,"Röseler, L., Schütz, A., Dolling, I. K., Friedinger, K., Hösch, Y., Hügel, J. C., … Röseler, J. J. (2020, July 24). The Stepwise Anchoring Paradigm: Measuring Reliable Components of Anchoring and Adjustment as the Next Step in Moderator Research. https://doi.org/10.31234/osf.io/hjbwp","Röseler et al., 2020","https://osf.io/uac2t/","Weight of a deer (kg)","weight",1,0,0,1,1,1,3,3,25,1,1
"1029",21,2,35,25,471,75471,"Röseler, L., Schütz, A., Dolling, I. K., Friedinger, K., Hösch, Y., Hügel, J. C., … Röseler, J. J. (2020, July 24). The Stepwise Anchoring Paradigm: Measuring Reliable Components of Anchoring and Adjustment as the Next Step in Moderator Research. https://doi.org/10.31234/osf.io/hjbwp","Röseler et al., 2020","https://osf.io/uac2t/","Weight of a wolf (kg)","weight",1,0,0,1,1,1,3,3,50,0,1
"1030",21,2,16,75,471,75471,"Röseler, L., Schütz, A., Dolling, I. K., Friedinger, K., Hösch, Y., Hügel, J. C., … Röseler, J. J. (2020, July 24). The Stepwise Anchoring Paradigm: Measuring Reliable Components of Anchoring and Adjustment as the Next Step in Moderator Research. https://doi.org/10.31234/osf.io/hjbwp","Röseler et al., 2020","https://osf.io/uac2t/","Weight of a goat (kg)","weight",1,0,0,1,1,1,3,3,50,1,1
"1031",21,2,45,36,471,75471,"Röseler, L., Schütz, A., Dolling, I. K., Friedinger, K., Hösch, Y., Hügel, J. C., … Röseler, J. J. (2020, July 24). The Stepwise Anchoring Paradigm: Measuring Reliable Components of Anchoring and Adjustment as the Next Step in Moderator Research. https://doi.org/10.31234/osf.io/hjbwp","Röseler et al., 2020","https://osf.io/uac2t/","Weight of a hyena (kg)","weight",1,0,0,1,1,1,3,3,60,0,1
"1032",21,2,40,84,471,75471,"Röseler, L., Schütz, A., Dolling, I. K., Friedinger, K., Hösch, Y., Hügel, J. C., … Röseler, J. J. (2020, July 24). The Stepwise Anchoring Paradigm: Measuring Reliable Components of Anchoring and Adjustment as the Next Step in Moderator Research. https://doi.org/10.31234/osf.io/hjbwp","Röseler et al., 2020","https://osf.io/uac2t/","Weight of a warthog (kg)","weight",1,0,0,1,1,1,3,3,60,1,1
"1033",67,1,2,8,472,75472,"Röseler, L., Schütz, A., Dolling, I. K., Friedinger, K., Hösch, Y., Hügel, J. C., … Röseler, J. J. (2020, July 24). The Stepwise Anchoring Paradigm: Measuring Reliable Components of Anchoring and Adjustment as the Next Step in Moderator Research. https://doi.org/10.31234/osf.io/hjbwp","Röseler et al., 2020","https://osf.io/uac2t/","Weight of a rabbit (kg)","weight",1,0,0,1,1,1,3,3,4.5,1,1
"1034",67,1,5,1,472,75472,"Röseler, L., Schütz, A., Dolling, I. K., Friedinger, K., Hösch, Y., Hügel, J. C., … Röseler, J. J. (2020, July 24). The Stepwise Anchoring Paradigm: Measuring Reliable Components of Anchoring and Adjustment as the Next Step in Moderator Research. https://doi.org/10.31234/osf.io/hjbwp","Röseler et al., 2020","https://osf.io/uac2t/","Weight of a cat (kg)","weight",1,0,0,1,1,1,3,3,4.25,0,1
"1035",67,1,10,14,472,75472,"Röseler, L., Schütz, A., Dolling, I. K., Friedinger, K., Hösch, Y., Hügel, J. C., … Röseler, J. J. (2020, July 24). The Stepwise Anchoring Paradigm: Measuring Reliable Components of Anchoring and Adjustment as the Next Step in Moderator Research. https://doi.org/10.31234/osf.io/hjbwp","Röseler et al., 2020","https://osf.io/uac2t/","Weight of a fox (kg)","weight",1,0,0,1,1,1,3,3,8,1,1
"1036",67,1,15,2,472,75472,"Röseler, L., Schütz, A., Dolling, I. K., Friedinger, K., Hösch, Y., Hügel, J. C., … Röseler, J. J. (2020, July 24). The Stepwise Anchoring Paradigm: Measuring Reliable Components of Anchoring and Adjustment as the Next Step in Moderator Research. https://doi.org/10.31234/osf.io/hjbwp","Röseler et al., 2020","https://osf.io/uac2t/","Weight of a racoon (kg)","weight",1,0,0,1,1,1,3,3,8,0,1
"1037",67,1,19,26,472,75472,"Röseler, L., Schütz, A., Dolling, I. K., Friedinger, K., Hösch, Y., Hügel, J. C., … Röseler, J. J. (2020, July 24). The Stepwise Anchoring Paradigm: Measuring Reliable Components of Anchoring and Adjustment as the Next Step in Moderator Research. https://doi.org/10.31234/osf.io/hjbwp","Röseler et al., 2020","https://osf.io/uac2t/","Weight of a badger (kg)","weight",1,0,0,1,1,1,3,3,15,1,1
"1038",67,1,7,4,472,75472,"Röseler, L., Schütz, A., Dolling, I. K., Friedinger, K., Hösch, Y., Hügel, J. C., … Röseler, J. J. (2020, July 24). The Stepwise Anchoring Paradigm: Measuring Reliable Components of Anchoring and Adjustment as the Next Step in Moderator Research. https://doi.org/10.31234/osf.io/hjbwp","Röseler et al., 2020","https://osf.io/uac2t/","Weight of a pelican (kg)","weight",1,0,0,1,1,1,3,3,15,0,1
"1039",67,1,18,40,472,75472,"Röseler, L., Schütz, A., Dolling, I. K., Friedinger, K., Hösch, Y., Hügel, J. C., … Röseler, J. J. (2020, July 24). The Stepwise Anchoring Paradigm: Measuring Reliable Components of Anchoring and Adjustment as the Next Step in Moderator Research. https://doi.org/10.31234/osf.io/hjbwp","Röseler et al., 2020","https://osf.io/uac2t/","Weight of a beaver (kg)","weight",1,0,0,1,1,1,3,3,25,1,1
"1040",67,1,24,10,472,75472,"Röseler, L., Schütz, A., Dolling, I. K., Friedinger, K., Hösch, Y., Hügel, J. C., … Röseler, J. J. (2020, July 24). The Stepwise Anchoring Paradigm: Measuring Reliable Components of Anchoring and Adjustment as the Next Step in Moderator Research. https://doi.org/10.31234/osf.io/hjbwp","Röseler et al., 2020","https://osf.io/uac2t/","Weight of a deer (kg)","weight",1,0,0,1,1,1,3,3,25,0,1
"1041",67,1,70,75,472,75472,"Röseler, L., Schütz, A., Dolling, I. K., Friedinger, K., Hösch, Y., Hügel, J. C., … Röseler, J. J. (2020, July 24). The Stepwise Anchoring Paradigm: Measuring Reliable Components of Anchoring and Adjustment as the Next Step in Moderator Research. https://doi.org/10.31234/osf.io/hjbwp","Röseler et al., 2020","https://osf.io/uac2t/","Weight of a wolf (kg)","weight",1,0,0,1,1,1,3,3,50,1,1
"1042",67,1,28,25,472,75472,"Röseler, L., Schütz, A., Dolling, I. K., Friedinger, K., Hösch, Y., Hügel, J. C., … Röseler, J. J. (2020, July 24). The Stepwise Anchoring Paradigm: Measuring Reliable Components of Anchoring and Adjustment as the Next Step in Moderator Research. https://doi.org/10.31234/osf.io/hjbwp","Röseler et al., 2020","https://osf.io/uac2t/","Weight of a goat (kg)","weight",1,0,0,1,1,1,3,3,50,0,1
"1043",67,1,59,84,472,75472,"Röseler, L., Schütz, A., Dolling, I. K., Friedinger, K., Hösch, Y., Hügel, J. C., … Röseler, J. J. (2020, July 24). The Stepwise Anchoring Paradigm: Measuring Reliable Components of Anchoring and Adjustment as the Next Step in Moderator Research. https://doi.org/10.31234/osf.io/hjbwp","Röseler et al., 2020","https://osf.io/uac2t/","Weight of a hyena (kg)","weight",1,0,0,1,1,1,3,3,60,1,1
"1044",67,1,39,36,472,75472,"Röseler, L., Schütz, A., Dolling, I. K., Friedinger, K., Hösch, Y., Hügel, J. C., … Röseler, J. J. (2020, July 24). The Stepwise Anchoring Paradigm: Measuring Reliable Components of Anchoring and Adjustment as the Next Step in Moderator Research. https://doi.org/10.31234/osf.io/hjbwp","Röseler et al., 2020","https://osf.io/uac2t/","Weight of a warthog (kg)","weight",1,0,0,1,1,1,3,3,60,0,1
"1045",24,1,4,1,473,75473,"Röseler, L., Schütz, A., Dolling, I. K., Friedinger, K., Hösch, Y., Hügel, J. C., … Röseler, J. J. (2020, July 24). The Stepwise Anchoring Paradigm: Measuring Reliable Components of Anchoring and Adjustment as the Next Step in Moderator Research. https://doi.org/10.31234/osf.io/hjbwp","Röseler et al., 2020","https://osf.io/uac2t/","Weight of a rabbit (kg)","weight",1,0,0,1,1,1,3,3,4.5,0,1
"1046",24,1,4,8,473,75473,"Röseler, L., Schütz, A., Dolling, I. K., Friedinger, K., Hösch, Y., Hügel, J. C., … Röseler, J. J. (2020, July 24). The Stepwise Anchoring Paradigm: Measuring Reliable Components of Anchoring and Adjustment as the Next Step in Moderator Research. https://doi.org/10.31234/osf.io/hjbwp","Röseler et al., 2020","https://osf.io/uac2t/","Weight of a cat (kg)","weight",1,0,0,1,1,1,3,3,4.25,1,1
"1047",24,1,9,2,473,75473,"Röseler, L., Schütz, A., Dolling, I. K., Friedinger, K., Hösch, Y., Hügel, J. C., … Röseler, J. J. (2020, July 24). The Stepwise Anchoring Paradigm: Measuring Reliable Components of Anchoring and Adjustment as the Next Step in Moderator Research. https://doi.org/10.31234/osf.io/hjbwp","Röseler et al., 2020","https://osf.io/uac2t/","Weight of a fox (kg)","weight",1,0,0,1,1,1,3,3,8,0,1
"1048",24,1,17,14,473,75473,"Röseler, L., Schütz, A., Dolling, I. K., Friedinger, K., Hösch, Y., Hügel, J. C., … Röseler, J. J. (2020, July 24). The Stepwise Anchoring Paradigm: Measuring Reliable Components of Anchoring and Adjustment as the Next Step in Moderator Research. https://doi.org/10.31234/osf.io/hjbwp","Röseler et al., 2020","https://osf.io/uac2t/","Weight of a racoon (kg)","weight",1,0,0,1,1,1,3,3,8,1,1
"1049",24,1,13,4,473,75473,"Röseler, L., Schütz, A., Dolling, I. K., Friedinger, K., Hösch, Y., Hügel, J. C., … Röseler, J. J. (2020, July 24). The Stepwise Anchoring Paradigm: Measuring Reliable Components of Anchoring and Adjustment as the Next Step in Moderator Research. https://doi.org/10.31234/osf.io/hjbwp","Röseler et al., 2020","https://osf.io/uac2t/","Weight of a badger (kg)","weight",1,0,0,1,1,1,3,3,15,0,1
"1050",24,1,10,26,473,75473,"Röseler, L., Schütz, A., Dolling, I. K., Friedinger, K., Hösch, Y., Hügel, J. C., … Röseler, J. J. (2020, July 24). The Stepwise Anchoring Paradigm: Measuring Reliable Components of Anchoring and Adjustment as the Next Step in Moderator Research. https://doi.org/10.31234/osf.io/hjbwp","Röseler et al., 2020","https://osf.io/uac2t/","Weight of a pelican (kg)","weight",1,0,0,1,1,1,3,3,15,1,1
"1051",24,1,13,10,473,75473,"Röseler, L., Schütz, A., Dolling, I. K., Friedinger, K., Hösch, Y., Hügel, J. C., … Röseler, J. J. (2020, July 24). The Stepwise Anchoring Paradigm: Measuring Reliable Components of Anchoring and Adjustment as the Next Step in Moderator Research. https://doi.org/10.31234/osf.io/hjbwp","Röseler et al., 2020","https://osf.io/uac2t/","Weight of a beaver (kg)","weight",1,0,0,1,1,1,3,3,25,0,1
"1052",24,1,30,40,473,75473,"Röseler, L., Schütz, A., Dolling, I. K., Friedinger, K., Hösch, Y., Hügel, J. C., … Röseler, J. J. (2020, July 24). The Stepwise Anchoring Paradigm: Measuring Reliable Components of Anchoring and Adjustment as the Next Step in Moderator Research. https://doi.org/10.31234/osf.io/hjbwp","Röseler et al., 2020","https://osf.io/uac2t/","Weight of a deer (kg)","weight",1,0,0,1,1,1,3,3,25,1,1
"1053",24,1,39,25,473,75473,"Röseler, L., Schütz, A., Dolling, I. K., Friedinger, K., Hösch, Y., Hügel, J. C., … Röseler, J. J. (2020, July 24). The Stepwise Anchoring Paradigm: Measuring Reliable Components of Anchoring and Adjustment as the Next Step in Moderator Research. https://doi.org/10.31234/osf.io/hjbwp","Röseler et al., 2020","https://osf.io/uac2t/","Weight of a wolf (kg)","weight",1,0,0,1,1,1,3,3,50,0,1
"1054",24,1,40,75,473,75473,"Röseler, L., Schütz, A., Dolling, I. K., Friedinger, K., Hösch, Y., Hügel, J. C., … Röseler, J. J. (2020, July 24). The Stepwise Anchoring Paradigm: Measuring Reliable Components of Anchoring and Adjustment as the Next Step in Moderator Research. https://doi.org/10.31234/osf.io/hjbwp","Röseler et al., 2020","https://osf.io/uac2t/","Weight of a goat (kg)","weight",1,0,0,1,1,1,3,3,50,1,1
"1055",24,1,45,36,473,75473,"Röseler, L., Schütz, A., Dolling, I. K., Friedinger, K., Hösch, Y., Hügel, J. C., … Röseler, J. J. (2020, July 24). The Stepwise Anchoring Paradigm: Measuring Reliable Components of Anchoring and Adjustment as the Next Step in Moderator Research. https://doi.org/10.31234/osf.io/hjbwp","Röseler et al., 2020","https://osf.io/uac2t/","Weight of a hyena (kg)","weight",1,0,0,1,1,1,3,3,60,0,1
"1056",24,1,55,84,473,75473,"Röseler, L., Schütz, A., Dolling, I. K., Friedinger, K., Hösch, Y., Hügel, J. C., … Röseler, J. J. (2020, July 24). The Stepwise Anchoring Paradigm: Measuring Reliable Components of Anchoring and Adjustment as the Next Step in Moderator Research. https://doi.org/10.31234/osf.io/hjbwp","Röseler et al., 2020","https://osf.io/uac2t/","Weight of a warthog (kg)","weight",1,0,0,1,1,1,3,3,60,1,1
"1057",20,2,3,8,478,75478,"Röseler, L., Schütz, A., Dolling, I. K., Friedinger, K., Hösch, Y., Hügel, J. C., … Röseler, J. J. (2020, July 24). The Stepwise Anchoring Paradigm: Measuring Reliable Components of Anchoring and Adjustment as the Next Step in Moderator Research. https://doi.org/10.31234/osf.io/hjbwp","Röseler et al., 2020","https://osf.io/uac2t/","Weight of a rabbit (kg)","weight",1,0,0,1,1,1,3,3,4.5,1,1
"1058",20,2,5,1,478,75478,"Röseler, L., Schütz, A., Dolling, I. K., Friedinger, K., Hösch, Y., Hügel, J. C., … Röseler, J. J. (2020, July 24). The Stepwise Anchoring Paradigm: Measuring Reliable Components of Anchoring and Adjustment as the Next Step in Moderator Research. https://doi.org/10.31234/osf.io/hjbwp","Röseler et al., 2020","https://osf.io/uac2t/","Weight of a cat (kg)","weight",1,0,0,1,1,1,3,3,4.25,0,1
"1059",20,2,10,14,478,75478,"Röseler, L., Schütz, A., Dolling, I. K., Friedinger, K., Hösch, Y., Hügel, J. C., … Röseler, J. J. (2020, July 24). The Stepwise Anchoring Paradigm: Measuring Reliable Components of Anchoring and Adjustment as the Next Step in Moderator Research. https://doi.org/10.31234/osf.io/hjbwp","Röseler et al., 2020","https://osf.io/uac2t/","Weight of a fox (kg)","weight",1,0,0,1,1,1,3,3,8,1,1
"1060",20,2,5,2,478,75478,"Röseler, L., Schütz, A., Dolling, I. K., Friedinger, K., Hösch, Y., Hügel, J. C., … Röseler, J. J. (2020, July 24). The Stepwise Anchoring Paradigm: Measuring Reliable Components of Anchoring and Adjustment as the Next Step in Moderator Research. https://doi.org/10.31234/osf.io/hjbwp","Röseler et al., 2020","https://osf.io/uac2t/","Weight of a racoon (kg)","weight",1,0,0,1,1,1,3,3,8,0,1
"1061",20,2,8,26,478,75478,"Röseler, L., Schütz, A., Dolling, I. K., Friedinger, K., Hösch, Y., Hügel, J. C., … Röseler, J. J. (2020, July 24). The Stepwise Anchoring Paradigm: Measuring Reliable Components of Anchoring and Adjustment as the Next Step in Moderator Research. https://doi.org/10.31234/osf.io/hjbwp","Röseler et al., 2020","https://osf.io/uac2t/","Weight of a badger (kg)","weight",1,0,0,1,1,1,3,3,15,1,1
"1062",20,2,8,4,478,75478,"Röseler, L., Schütz, A., Dolling, I. K., Friedinger, K., Hösch, Y., Hügel, J. C., … Röseler, J. J. (2020, July 24). The Stepwise Anchoring Paradigm: Measuring Reliable Components of Anchoring and Adjustment as the Next Step in Moderator Research. https://doi.org/10.31234/osf.io/hjbwp","Röseler et al., 2020","https://osf.io/uac2t/","Weight of a pelican (kg)","weight",1,0,0,1,1,1,3,3,15,0,1
"1063",20,2,6,40,478,75478,"Röseler, L., Schütz, A., Dolling, I. K., Friedinger, K., Hösch, Y., Hügel, J. C., … Röseler, J. J. (2020, July 24). The Stepwise Anchoring Paradigm: Measuring Reliable Components of Anchoring and Adjustment as the Next Step in Moderator Research. https://doi.org/10.31234/osf.io/hjbwp","Röseler et al., 2020","https://osf.io/uac2t/","Weight of a beaver (kg)","weight",1,0,0,1,1,1,3,3,25,1,1
"1064",20,2,15,10,478,75478,"Röseler, L., Schütz, A., Dolling, I. K., Friedinger, K., Hösch, Y., Hügel, J. C., … Röseler, J. J. (2020, July 24). The Stepwise Anchoring Paradigm: Measuring Reliable Components of Anchoring and Adjustment as the Next Step in Moderator Research. https://doi.org/10.31234/osf.io/hjbwp","Röseler et al., 2020","https://osf.io/uac2t/","Weight of a deer (kg)","weight",1,0,0,1,1,1,3,3,25,0,1
"1065",20,2,24,75,478,75478,"Röseler, L., Schütz, A., Dolling, I. K., Friedinger, K., Hösch, Y., Hügel, J. C., … Röseler, J. J. (2020, July 24). The Stepwise Anchoring Paradigm: Measuring Reliable Components of Anchoring and Adjustment as the Next Step in Moderator Research. https://doi.org/10.31234/osf.io/hjbwp","Röseler et al., 2020","https://osf.io/uac2t/","Weight of a wolf (kg)","weight",1,0,0,1,1,1,3,3,50,1,1
"1066",20,2,31,25,478,75478,"Röseler, L., Schütz, A., Dolling, I. K., Friedinger, K., Hösch, Y., Hügel, J. C., … Röseler, J. J. (2020, July 24). The Stepwise Anchoring Paradigm: Measuring Reliable Components of Anchoring and Adjustment as the Next Step in Moderator Research. https://doi.org/10.31234/osf.io/hjbwp","Röseler et al., 2020","https://osf.io/uac2t/","Weight of a goat (kg)","weight",1,0,0,1,1,1,3,3,50,0,1
"1067",20,2,51,84,478,75478,"Röseler, L., Schütz, A., Dolling, I. K., Friedinger, K., Hösch, Y., Hügel, J. C., … Röseler, J. J. (2020, July 24). The Stepwise Anchoring Paradigm: Measuring Reliable Components of Anchoring and Adjustment as the Next Step in Moderator Research. https://doi.org/10.31234/osf.io/hjbwp","Röseler et al., 2020","https://osf.io/uac2t/","Weight of a hyena (kg)","weight",1,0,0,1,1,1,3,3,60,1,1
"1068",20,2,40,36,478,75478,"Röseler, L., Schütz, A., Dolling, I. K., Friedinger, K., Hösch, Y., Hügel, J. C., … Röseler, J. J. (2020, July 24). The Stepwise Anchoring Paradigm: Measuring Reliable Components of Anchoring and Adjustment as the Next Step in Moderator Research. https://doi.org/10.31234/osf.io/hjbwp","Röseler et al., 2020","https://osf.io/uac2t/","Weight of a warthog (kg)","weight",1,0,0,1,1,1,3,3,60,0,1
"1069",29,2,8,1,482,75482,"Röseler, L., Schütz, A., Dolling, I. K., Friedinger, K., Hösch, Y., Hügel, J. C., … Röseler, J. J. (2020, July 24). The Stepwise Anchoring Paradigm: Measuring Reliable Components of Anchoring and Adjustment as the Next Step in Moderator Research. https://doi.org/10.31234/osf.io/hjbwp","Röseler et al., 2020","https://osf.io/uac2t/","Weight of a rabbit (kg)","weight",1,0,0,1,1,1,3,3,4.5,0,1
"1070",29,2,5,8,482,75482,"Röseler, L., Schütz, A., Dolling, I. K., Friedinger, K., Hösch, Y., Hügel, J. C., … Röseler, J. J. (2020, July 24). The Stepwise Anchoring Paradigm: Measuring Reliable Components of Anchoring and Adjustment as the Next Step in Moderator Research. https://doi.org/10.31234/osf.io/hjbwp","Röseler et al., 2020","https://osf.io/uac2t/","Weight of a cat (kg)","weight",1,0,0,1,1,1,3,3,4.25,1,1
"1071",29,2,8,2,482,75482,"Röseler, L., Schütz, A., Dolling, I. K., Friedinger, K., Hösch, Y., Hügel, J. C., … Röseler, J. J. (2020, July 24). The Stepwise Anchoring Paradigm: Measuring Reliable Components of Anchoring and Adjustment as the Next Step in Moderator Research. https://doi.org/10.31234/osf.io/hjbwp","Röseler et al., 2020","https://osf.io/uac2t/","Weight of a fox (kg)","weight",1,0,0,1,1,1,3,3,8,0,1
"1072",29,2,18,14,482,75482,"Röseler, L., Schütz, A., Dolling, I. K., Friedinger, K., Hösch, Y., Hügel, J. C., … Röseler, J. J. (2020, July 24). The Stepwise Anchoring Paradigm: Measuring Reliable Components of Anchoring and Adjustment as the Next Step in Moderator Research. https://doi.org/10.31234/osf.io/hjbwp","Röseler et al., 2020","https://osf.io/uac2t/","Weight of a racoon (kg)","weight",1,0,0,1,1,1,3,3,8,1,1
"1073",29,2,23,4,482,75482,"Röseler, L., Schütz, A., Dolling, I. K., Friedinger, K., Hösch, Y., Hügel, J. C., … Röseler, J. J. (2020, July 24). The Stepwise Anchoring Paradigm: Measuring Reliable Components of Anchoring and Adjustment as the Next Step in Moderator Research. https://doi.org/10.31234/osf.io/hjbwp","Röseler et al., 2020","https://osf.io/uac2t/","Weight of a badger (kg)","weight",1,0,0,1,1,1,3,3,15,0,1
"1074",29,2,16,26,482,75482,"Röseler, L., Schütz, A., Dolling, I. K., Friedinger, K., Hösch, Y., Hügel, J. C., … Röseler, J. J. (2020, July 24). The Stepwise Anchoring Paradigm: Measuring Reliable Components of Anchoring and Adjustment as the Next Step in Moderator Research. https://doi.org/10.31234/osf.io/hjbwp","Röseler et al., 2020","https://osf.io/uac2t/","Weight of a pelican (kg)","weight",1,0,0,1,1,1,3,3,15,1,1
"1075",29,2,16,10,482,75482,"Röseler, L., Schütz, A., Dolling, I. K., Friedinger, K., Hösch, Y., Hügel, J. C., … Röseler, J. J. (2020, July 24). The Stepwise Anchoring Paradigm: Measuring Reliable Components of Anchoring and Adjustment as the Next Step in Moderator Research. https://doi.org/10.31234/osf.io/hjbwp","Röseler et al., 2020","https://osf.io/uac2t/","Weight of a beaver (kg)","weight",1,0,0,1,1,1,3,3,25,0,1
"1076",29,2,31,40,482,75482,"Röseler, L., Schütz, A., Dolling, I. K., Friedinger, K., Hösch, Y., Hügel, J. C., … Röseler, J. J. (2020, July 24). The Stepwise Anchoring Paradigm: Measuring Reliable Components of Anchoring and Adjustment as the Next Step in Moderator Research. https://doi.org/10.31234/osf.io/hjbwp","Röseler et al., 2020","https://osf.io/uac2t/","Weight of a deer (kg)","weight",1,0,0,1,1,1,3,3,25,1,1
"1077",29,2,28,25,482,75482,"Röseler, L., Schütz, A., Dolling, I. K., Friedinger, K., Hösch, Y., Hügel, J. C., … Röseler, J. J. (2020, July 24). The Stepwise Anchoring Paradigm: Measuring Reliable Components of Anchoring and Adjustment as the Next Step in Moderator Research. https://doi.org/10.31234/osf.io/hjbwp","Röseler et al., 2020","https://osf.io/uac2t/","Weight of a wolf (kg)","weight",1,0,0,1,1,1,3,3,50,0,1
"1078",29,2,51,75,482,75482,"Röseler, L., Schütz, A., Dolling, I. K., Friedinger, K., Hösch, Y., Hügel, J. C., … Röseler, J. J. (2020, July 24). The Stepwise Anchoring Paradigm: Measuring Reliable Components of Anchoring and Adjustment as the Next Step in Moderator Research. https://doi.org/10.31234/osf.io/hjbwp","Röseler et al., 2020","https://osf.io/uac2t/","Weight of a goat (kg)","weight",1,0,0,1,1,1,3,3,50,1,1
"1079",29,2,43,36,482,75482,"Röseler, L., Schütz, A., Dolling, I. K., Friedinger, K., Hösch, Y., Hügel, J. C., … Röseler, J. J. (2020, July 24). The Stepwise Anchoring Paradigm: Measuring Reliable Components of Anchoring and Adjustment as the Next Step in Moderator Research. https://doi.org/10.31234/osf.io/hjbwp","Röseler et al., 2020","https://osf.io/uac2t/","Weight of a hyena (kg)","weight",1,0,0,1,1,1,3,3,60,0,1
"1080",29,2,78,84,482,75482,"Röseler, L., Schütz, A., Dolling, I. K., Friedinger, K., Hösch, Y., Hügel, J. C., … Röseler, J. J. (2020, July 24). The Stepwise Anchoring Paradigm: Measuring Reliable Components of Anchoring and Adjustment as the Next Step in Moderator Research. https://doi.org/10.31234/osf.io/hjbwp","Röseler et al., 2020","https://osf.io/uac2t/","Weight of a warthog (kg)","weight",1,0,0,1,1,1,3,3,60,1,1
"1081",21,2,5,8,486,75486,"Röseler, L., Schütz, A., Dolling, I. K., Friedinger, K., Hösch, Y., Hügel, J. C., … Röseler, J. J. (2020, July 24). The Stepwise Anchoring Paradigm: Measuring Reliable Components of Anchoring and Adjustment as the Next Step in Moderator Research. https://doi.org/10.31234/osf.io/hjbwp","Röseler et al., 2020","https://osf.io/uac2t/","Weight of a rabbit (kg)","weight",1,0,0,1,1,1,3,3,4.5,1,1
"1082",21,2,14,1,486,75486,"Röseler, L., Schütz, A., Dolling, I. K., Friedinger, K., Hösch, Y., Hügel, J. C., … Röseler, J. J. (2020, July 24). The Stepwise Anchoring Paradigm: Measuring Reliable Components of Anchoring and Adjustment as the Next Step in Moderator Research. https://doi.org/10.31234/osf.io/hjbwp","Röseler et al., 2020","https://osf.io/uac2t/","Weight of a cat (kg)","weight",1,0,0,1,1,1,3,3,4.25,0,1
"1083",21,2,6,14,486,75486,"Röseler, L., Schütz, A., Dolling, I. K., Friedinger, K., Hösch, Y., Hügel, J. C., … Röseler, J. J. (2020, July 24). The Stepwise Anchoring Paradigm: Measuring Reliable Components of Anchoring and Adjustment as the Next Step in Moderator Research. https://doi.org/10.31234/osf.io/hjbwp","Röseler et al., 2020","https://osf.io/uac2t/","Weight of a fox (kg)","weight",1,0,0,1,1,1,3,3,8,1,1
"1084",21,2,62,2,486,75486,"Röseler, L., Schütz, A., Dolling, I. K., Friedinger, K., Hösch, Y., Hügel, J. C., … Röseler, J. J. (2020, July 24). The Stepwise Anchoring Paradigm: Measuring Reliable Components of Anchoring and Adjustment as the Next Step in Moderator Research. https://doi.org/10.31234/osf.io/hjbwp","Röseler et al., 2020","https://osf.io/uac2t/","Weight of a racoon (kg)","weight",1,0,0,1,1,1,3,3,8,0,1
"1085",21,2,15,26,486,75486,"Röseler, L., Schütz, A., Dolling, I. K., Friedinger, K., Hösch, Y., Hügel, J. C., … Röseler, J. J. (2020, July 24). The Stepwise Anchoring Paradigm: Measuring Reliable Components of Anchoring and Adjustment as the Next Step in Moderator Research. https://doi.org/10.31234/osf.io/hjbwp","Röseler et al., 2020","https://osf.io/uac2t/","Weight of a badger (kg)","weight",1,0,0,1,1,1,3,3,15,1,1
"1086",21,2,55,4,486,75486,"Röseler, L., Schütz, A., Dolling, I. K., Friedinger, K., Hösch, Y., Hügel, J. C., … Röseler, J. J. (2020, July 24). The Stepwise Anchoring Paradigm: Measuring Reliable Components of Anchoring and Adjustment as the Next Step in Moderator Research. https://doi.org/10.31234/osf.io/hjbwp","Röseler et al., 2020","https://osf.io/uac2t/","Weight of a pelican (kg)","weight",1,0,0,1,1,1,3,3,15,0,1
"1087",21,2,23,40,486,75486,"Röseler, L., Schütz, A., Dolling, I. K., Friedinger, K., Hösch, Y., Hügel, J. C., … Röseler, J. J. (2020, July 24). The Stepwise Anchoring Paradigm: Measuring Reliable Components of Anchoring and Adjustment as the Next Step in Moderator Research. https://doi.org/10.31234/osf.io/hjbwp","Röseler et al., 2020","https://osf.io/uac2t/","Weight of a beaver (kg)","weight",1,0,0,1,1,1,3,3,25,1,1
"1088",21,2,74,10,486,75486,"Röseler, L., Schütz, A., Dolling, I. K., Friedinger, K., Hösch, Y., Hügel, J. C., … Röseler, J. J. (2020, July 24). The Stepwise Anchoring Paradigm: Measuring Reliable Components of Anchoring and Adjustment as the Next Step in Moderator Research. https://doi.org/10.31234/osf.io/hjbwp","Röseler et al., 2020","https://osf.io/uac2t/","Weight of a deer (kg)","weight",1,0,0,1,1,1,3,3,25,0,1
"1089",21,2,72,75,486,75486,"Röseler, L., Schütz, A., Dolling, I. K., Friedinger, K., Hösch, Y., Hügel, J. C., … Röseler, J. J. (2020, July 24). The Stepwise Anchoring Paradigm: Measuring Reliable Components of Anchoring and Adjustment as the Next Step in Moderator Research. https://doi.org/10.31234/osf.io/hjbwp","Röseler et al., 2020","https://osf.io/uac2t/","Weight of a wolf (kg)","weight",1,0,0,1,1,1,3,3,50,1,1
"1090",21,2,45,25,486,75486,"Röseler, L., Schütz, A., Dolling, I. K., Friedinger, K., Hösch, Y., Hügel, J. C., … Röseler, J. J. (2020, July 24). The Stepwise Anchoring Paradigm: Measuring Reliable Components of Anchoring and Adjustment as the Next Step in Moderator Research. https://doi.org/10.31234/osf.io/hjbwp","Röseler et al., 2020","https://osf.io/uac2t/","Weight of a goat (kg)","weight",1,0,0,1,1,1,3,3,50,0,1
"1091",21,2,70,84,486,75486,"Röseler, L., Schütz, A., Dolling, I. K., Friedinger, K., Hösch, Y., Hügel, J. C., … Röseler, J. J. (2020, July 24). The Stepwise Anchoring Paradigm: Measuring Reliable Components of Anchoring and Adjustment as the Next Step in Moderator Research. https://doi.org/10.31234/osf.io/hjbwp","Röseler et al., 2020","https://osf.io/uac2t/","Weight of a hyena (kg)","weight",1,0,0,1,1,1,3,3,60,1,1
"1092",21,2,53,36,486,75486,"Röseler, L., Schütz, A., Dolling, I. K., Friedinger, K., Hösch, Y., Hügel, J. C., … Röseler, J. J. (2020, July 24). The Stepwise Anchoring Paradigm: Measuring Reliable Components of Anchoring and Adjustment as the Next Step in Moderator Research. https://doi.org/10.31234/osf.io/hjbwp","Röseler et al., 2020","https://osf.io/uac2t/","Weight of a warthog (kg)","weight",1,0,0,1,1,1,3,3,60,0,1
"1093",22,2,17,1,487,75487,"Röseler, L., Schütz, A., Dolling, I. K., Friedinger, K., Hösch, Y., Hügel, J. C., … Röseler, J. J. (2020, July 24). The Stepwise Anchoring Paradigm: Measuring Reliable Components of Anchoring and Adjustment as the Next Step in Moderator Research. https://doi.org/10.31234/osf.io/hjbwp","Röseler et al., 2020","https://osf.io/uac2t/","Weight of a rabbit (kg)","weight",1,0,0,1,1,1,3,3,4.5,0,1
"1094",22,2,8,8,487,75487,"Röseler, L., Schütz, A., Dolling, I. K., Friedinger, K., Hösch, Y., Hügel, J. C., … Röseler, J. J. (2020, July 24). The Stepwise Anchoring Paradigm: Measuring Reliable Components of Anchoring and Adjustment as the Next Step in Moderator Research. https://doi.org/10.31234/osf.io/hjbwp","Röseler et al., 2020","https://osf.io/uac2t/","Weight of a cat (kg)","weight",1,0,0,1,1,1,3,3,4.25,1,1
"1095",22,2,19,2,487,75487,"Röseler, L., Schütz, A., Dolling, I. K., Friedinger, K., Hösch, Y., Hügel, J. C., … Röseler, J. J. (2020, July 24). The Stepwise Anchoring Paradigm: Measuring Reliable Components of Anchoring and Adjustment as the Next Step in Moderator Research. https://doi.org/10.31234/osf.io/hjbwp","Röseler et al., 2020","https://osf.io/uac2t/","Weight of a fox (kg)","weight",1,0,0,1,1,1,3,3,8,0,1
"1096",22,2,18,14,487,75487,"Röseler, L., Schütz, A., Dolling, I. K., Friedinger, K., Hösch, Y., Hügel, J. C., … Röseler, J. J. (2020, July 24). The Stepwise Anchoring Paradigm: Measuring Reliable Components of Anchoring and Adjustment as the Next Step in Moderator Research. https://doi.org/10.31234/osf.io/hjbwp","Röseler et al., 2020","https://osf.io/uac2t/","Weight of a racoon (kg)","weight",1,0,0,1,1,1,3,3,8,1,1
"1097",22,2,19,4,487,75487,"Röseler, L., Schütz, A., Dolling, I. K., Friedinger, K., Hösch, Y., Hügel, J. C., … Röseler, J. J. (2020, July 24). The Stepwise Anchoring Paradigm: Measuring Reliable Components of Anchoring and Adjustment as the Next Step in Moderator Research. https://doi.org/10.31234/osf.io/hjbwp","Röseler et al., 2020","https://osf.io/uac2t/","Weight of a badger (kg)","weight",1,0,0,1,1,1,3,3,15,0,1
"1098",22,2,12,26,487,75487,"Röseler, L., Schütz, A., Dolling, I. K., Friedinger, K., Hösch, Y., Hügel, J. C., … Röseler, J. J. (2020, July 24). The Stepwise Anchoring Paradigm: Measuring Reliable Components of Anchoring and Adjustment as the Next Step in Moderator Research. https://doi.org/10.31234/osf.io/hjbwp","Röseler et al., 2020","https://osf.io/uac2t/","Weight of a pelican (kg)","weight",1,0,0,1,1,1,3,3,15,1,1
"1099",22,2,31,10,487,75487,"Röseler, L., Schütz, A., Dolling, I. K., Friedinger, K., Hösch, Y., Hügel, J. C., … Röseler, J. J. (2020, July 24). The Stepwise Anchoring Paradigm: Measuring Reliable Components of Anchoring and Adjustment as the Next Step in Moderator Research. https://doi.org/10.31234/osf.io/hjbwp","Röseler et al., 2020","https://osf.io/uac2t/","Weight of a beaver (kg)","weight",1,0,0,1,1,1,3,3,25,0,1
"1100",22,2,28,40,487,75487,"Röseler, L., Schütz, A., Dolling, I. K., Friedinger, K., Hösch, Y., Hügel, J. C., … Röseler, J. J. (2020, July 24). The Stepwise Anchoring Paradigm: Measuring Reliable Components of Anchoring and Adjustment as the Next Step in Moderator Research. https://doi.org/10.31234/osf.io/hjbwp","Röseler et al., 2020","https://osf.io/uac2t/","Weight of a deer (kg)","weight",1,0,0,1,1,1,3,3,25,1,1
"1101",22,2,53,25,487,75487,"Röseler, L., Schütz, A., Dolling, I. K., Friedinger, K., Hösch, Y., Hügel, J. C., … Röseler, J. J. (2020, July 24). The Stepwise Anchoring Paradigm: Measuring Reliable Components of Anchoring and Adjustment as the Next Step in Moderator Research. https://doi.org/10.31234/osf.io/hjbwp","Röseler et al., 2020","https://osf.io/uac2t/","Weight of a wolf (kg)","weight",1,0,0,1,1,1,3,3,50,0,1
"1102",22,2,50,75,487,75487,"Röseler, L., Schütz, A., Dolling, I. K., Friedinger, K., Hösch, Y., Hügel, J. C., … Röseler, J. J. (2020, July 24). The Stepwise Anchoring Paradigm: Measuring Reliable Components of Anchoring and Adjustment as the Next Step in Moderator Research. https://doi.org/10.31234/osf.io/hjbwp","Röseler et al., 2020","https://osf.io/uac2t/","Weight of a goat (kg)","weight",1,0,0,1,1,1,3,3,50,1,1
"1103",22,2,48,36,487,75487,"Röseler, L., Schütz, A., Dolling, I. K., Friedinger, K., Hösch, Y., Hügel, J. C., … Röseler, J. J. (2020, July 24). The Stepwise Anchoring Paradigm: Measuring Reliable Components of Anchoring and Adjustment as the Next Step in Moderator Research. https://doi.org/10.31234/osf.io/hjbwp","Röseler et al., 2020","https://osf.io/uac2t/","Weight of a hyena (kg)","weight",1,0,0,1,1,1,3,3,60,0,1
"1104",22,2,50,84,487,75487,"Röseler, L., Schütz, A., Dolling, I. K., Friedinger, K., Hösch, Y., Hügel, J. C., … Röseler, J. J. (2020, July 24). The Stepwise Anchoring Paradigm: Measuring Reliable Components of Anchoring and Adjustment as the Next Step in Moderator Research. https://doi.org/10.31234/osf.io/hjbwp","Röseler et al., 2020","https://osf.io/uac2t/","Weight of a warthog (kg)","weight",1,0,0,1,1,1,3,3,60,1,1
"1105",21,1,5,8,490,75490,"Röseler, L., Schütz, A., Dolling, I. K., Friedinger, K., Hösch, Y., Hügel, J. C., … Röseler, J. J. (2020, July 24). The Stepwise Anchoring Paradigm: Measuring Reliable Components of Anchoring and Adjustment as the Next Step in Moderator Research. https://doi.org/10.31234/osf.io/hjbwp","Röseler et al., 2020","https://osf.io/uac2t/","Weight of a rabbit (kg)","weight",1,0,0,1,1,1,3,3,4.5,1,1
"1106",21,1,13,1,490,75490,"Röseler, L., Schütz, A., Dolling, I. K., Friedinger, K., Hösch, Y., Hügel, J. C., … Röseler, J. J. (2020, July 24). The Stepwise Anchoring Paradigm: Measuring Reliable Components of Anchoring and Adjustment as the Next Step in Moderator Research. https://doi.org/10.31234/osf.io/hjbwp","Röseler et al., 2020","https://osf.io/uac2t/","Weight of a cat (kg)","weight",1,0,0,1,1,1,3,3,4.25,0,1
"1107",21,1,6,14,490,75490,"Röseler, L., Schütz, A., Dolling, I. K., Friedinger, K., Hösch, Y., Hügel, J. C., … Röseler, J. J. (2020, July 24). The Stepwise Anchoring Paradigm: Measuring Reliable Components of Anchoring and Adjustment as the Next Step in Moderator Research. https://doi.org/10.31234/osf.io/hjbwp","Röseler et al., 2020","https://osf.io/uac2t/","Weight of a fox (kg)","weight",1,0,0,1,1,1,3,3,8,1,1
"1108",21,1,32,2,490,75490,"Röseler, L., Schütz, A., Dolling, I. K., Friedinger, K., Hösch, Y., Hügel, J. C., … Röseler, J. J. (2020, July 24). The Stepwise Anchoring Paradigm: Measuring Reliable Components of Anchoring and Adjustment as the Next Step in Moderator Research. https://doi.org/10.31234/osf.io/hjbwp","Röseler et al., 2020","https://osf.io/uac2t/","Weight of a racoon (kg)","weight",1,0,0,1,1,1,3,3,8,0,1
"1109",21,1,16,26,490,75490,"Röseler, L., Schütz, A., Dolling, I. K., Friedinger, K., Hösch, Y., Hügel, J. C., … Röseler, J. J. (2020, July 24). The Stepwise Anchoring Paradigm: Measuring Reliable Components of Anchoring and Adjustment as the Next Step in Moderator Research. https://doi.org/10.31234/osf.io/hjbwp","Röseler et al., 2020","https://osf.io/uac2t/","Weight of a badger (kg)","weight",1,0,0,1,1,1,3,3,15,1,1
"1110",21,1,13,4,490,75490,"Röseler, L., Schütz, A., Dolling, I. K., Friedinger, K., Hösch, Y., Hügel, J. C., … Röseler, J. J. (2020, July 24). The Stepwise Anchoring Paradigm: Measuring Reliable Components of Anchoring and Adjustment as the Next Step in Moderator Research. https://doi.org/10.31234/osf.io/hjbwp","Röseler et al., 2020","https://osf.io/uac2t/","Weight of a pelican (kg)","weight",1,0,0,1,1,1,3,3,15,0,1
"1111",21,1,33,40,490,75490,"Röseler, L., Schütz, A., Dolling, I. K., Friedinger, K., Hösch, Y., Hügel, J. C., … Röseler, J. J. (2020, July 24). The Stepwise Anchoring Paradigm: Measuring Reliable Components of Anchoring and Adjustment as the Next Step in Moderator Research. https://doi.org/10.31234/osf.io/hjbwp","Röseler et al., 2020","https://osf.io/uac2t/","Weight of a beaver (kg)","weight",1,0,0,1,1,1,3,3,25,1,1
"1112",21,1,19,10,490,75490,"Röseler, L., Schütz, A., Dolling, I. K., Friedinger, K., Hösch, Y., Hügel, J. C., … Röseler, J. J. (2020, July 24). The Stepwise Anchoring Paradigm: Measuring Reliable Components of Anchoring and Adjustment as the Next Step in Moderator Research. https://doi.org/10.31234/osf.io/hjbwp","Röseler et al., 2020","https://osf.io/uac2t/","Weight of a deer (kg)","weight",1,0,0,1,1,1,3,3,25,0,1
"1113",21,1,40,75,490,75490,"Röseler, L., Schütz, A., Dolling, I. K., Friedinger, K., Hösch, Y., Hügel, J. C., … Röseler, J. J. (2020, July 24). The Stepwise Anchoring Paradigm: Measuring Reliable Components of Anchoring and Adjustment as the Next Step in Moderator Research. https://doi.org/10.31234/osf.io/hjbwp","Röseler et al., 2020","https://osf.io/uac2t/","Weight of a wolf (kg)","weight",1,0,0,1,1,1,3,3,50,1,1
"1114",21,1,32,25,490,75490,"Röseler, L., Schütz, A., Dolling, I. K., Friedinger, K., Hösch, Y., Hügel, J. C., … Röseler, J. J. (2020, July 24). The Stepwise Anchoring Paradigm: Measuring Reliable Components of Anchoring and Adjustment as the Next Step in Moderator Research. https://doi.org/10.31234/osf.io/hjbwp","Röseler et al., 2020","https://osf.io/uac2t/","Weight of a goat (kg)","weight",1,0,0,1,1,1,3,3,50,0,1
"1115",21,1,38,84,490,75490,"Röseler, L., Schütz, A., Dolling, I. K., Friedinger, K., Hösch, Y., Hügel, J. C., … Röseler, J. J. (2020, July 24). The Stepwise Anchoring Paradigm: Measuring Reliable Components of Anchoring and Adjustment as the Next Step in Moderator Research. https://doi.org/10.31234/osf.io/hjbwp","Röseler et al., 2020","https://osf.io/uac2t/","Weight of a hyena (kg)","weight",1,0,0,1,1,1,3,3,60,1,1
"1116",21,1,52,36,490,75490,"Röseler, L., Schütz, A., Dolling, I. K., Friedinger, K., Hösch, Y., Hügel, J. C., … Röseler, J. J. (2020, July 24). The Stepwise Anchoring Paradigm: Measuring Reliable Components of Anchoring and Adjustment as the Next Step in Moderator Research. https://doi.org/10.31234/osf.io/hjbwp","Röseler et al., 2020","https://osf.io/uac2t/","Weight of a warthog (kg)","weight",1,0,0,1,1,1,3,3,60,0,1
"1117",30,1,4,8,495,75495,"Röseler, L., Schütz, A., Dolling, I. K., Friedinger, K., Hösch, Y., Hügel, J. C., … Röseler, J. J. (2020, July 24). The Stepwise Anchoring Paradigm: Measuring Reliable Components of Anchoring and Adjustment as the Next Step in Moderator Research. https://doi.org/10.31234/osf.io/hjbwp","Röseler et al., 2020","https://osf.io/uac2t/","Weight of a rabbit (kg)","weight",1,0,0,1,1,1,3,3,4.5,1,1
"1118",30,1,3,1,495,75495,"Röseler, L., Schütz, A., Dolling, I. K., Friedinger, K., Hösch, Y., Hügel, J. C., … Röseler, J. J. (2020, July 24). The Stepwise Anchoring Paradigm: Measuring Reliable Components of Anchoring and Adjustment as the Next Step in Moderator Research. https://doi.org/10.31234/osf.io/hjbwp","Röseler et al., 2020","https://osf.io/uac2t/","Weight of a cat (kg)","weight",1,0,0,1,1,1,3,3,4.25,0,1
"1119",30,1,7,14,495,75495,"Röseler, L., Schütz, A., Dolling, I. K., Friedinger, K., Hösch, Y., Hügel, J. C., … Röseler, J. J. (2020, July 24). The Stepwise Anchoring Paradigm: Measuring Reliable Components of Anchoring and Adjustment as the Next Step in Moderator Research. https://doi.org/10.31234/osf.io/hjbwp","Röseler et al., 2020","https://osf.io/uac2t/","Weight of a fox (kg)","weight",1,0,0,1,1,1,3,3,8,1,1
"1120",30,1,6,2,495,75495,"Röseler, L., Schütz, A., Dolling, I. K., Friedinger, K., Hösch, Y., Hügel, J. C., … Röseler, J. J. (2020, July 24). The Stepwise Anchoring Paradigm: Measuring Reliable Components of Anchoring and Adjustment as the Next Step in Moderator Research. https://doi.org/10.31234/osf.io/hjbwp","Röseler et al., 2020","https://osf.io/uac2t/","Weight of a racoon (kg)","weight",1,0,0,1,1,1,3,3,8,0,1
"1121",30,1,14,26,495,75495,"Röseler, L., Schütz, A., Dolling, I. K., Friedinger, K., Hösch, Y., Hügel, J. C., … Röseler, J. J. (2020, July 24). The Stepwise Anchoring Paradigm: Measuring Reliable Components of Anchoring and Adjustment as the Next Step in Moderator Research. https://doi.org/10.31234/osf.io/hjbwp","Röseler et al., 2020","https://osf.io/uac2t/","Weight of a badger (kg)","weight",1,0,0,1,1,1,3,3,15,1,1
"1122",30,1,7,4,495,75495,"Röseler, L., Schütz, A., Dolling, I. K., Friedinger, K., Hösch, Y., Hügel, J. C., … Röseler, J. J. (2020, July 24). The Stepwise Anchoring Paradigm: Measuring Reliable Components of Anchoring and Adjustment as the Next Step in Moderator Research. https://doi.org/10.31234/osf.io/hjbwp","Röseler et al., 2020","https://osf.io/uac2t/","Weight of a pelican (kg)","weight",1,0,0,1,1,1,3,3,15,0,1
"1123",30,1,8,40,495,75495,"Röseler, L., Schütz, A., Dolling, I. K., Friedinger, K., Hösch, Y., Hügel, J. C., … Röseler, J. J. (2020, July 24). The Stepwise Anchoring Paradigm: Measuring Reliable Components of Anchoring and Adjustment as the Next Step in Moderator Research. https://doi.org/10.31234/osf.io/hjbwp","Röseler et al., 2020","https://osf.io/uac2t/","Weight of a beaver (kg)","weight",1,0,0,1,1,1,3,3,25,1,1
"1124",30,1,33,10,495,75495,"Röseler, L., Schütz, A., Dolling, I. K., Friedinger, K., Hösch, Y., Hügel, J. C., … Röseler, J. J. (2020, July 24). The Stepwise Anchoring Paradigm: Measuring Reliable Components of Anchoring and Adjustment as the Next Step in Moderator Research. https://doi.org/10.31234/osf.io/hjbwp","Röseler et al., 2020","https://osf.io/uac2t/","Weight of a deer (kg)","weight",1,0,0,1,1,1,3,3,25,0,1
"1125",30,1,25,75,495,75495,"Röseler, L., Schütz, A., Dolling, I. K., Friedinger, K., Hösch, Y., Hügel, J. C., … Röseler, J. J. (2020, July 24). The Stepwise Anchoring Paradigm: Measuring Reliable Components of Anchoring and Adjustment as the Next Step in Moderator Research. https://doi.org/10.31234/osf.io/hjbwp","Röseler et al., 2020","https://osf.io/uac2t/","Weight of a wolf (kg)","weight",1,0,0,1,1,1,3,3,50,1,1
"1126",30,1,29,25,495,75495,"Röseler, L., Schütz, A., Dolling, I. K., Friedinger, K., Hösch, Y., Hügel, J. C., … Röseler, J. J. (2020, July 24). The Stepwise Anchoring Paradigm: Measuring Reliable Components of Anchoring and Adjustment as the Next Step in Moderator Research. https://doi.org/10.31234/osf.io/hjbwp","Röseler et al., 2020","https://osf.io/uac2t/","Weight of a goat (kg)","weight",1,0,0,1,1,1,3,3,50,0,1
"1127",30,1,52,84,495,75495,"Röseler, L., Schütz, A., Dolling, I. K., Friedinger, K., Hösch, Y., Hügel, J. C., … Röseler, J. J. (2020, July 24). The Stepwise Anchoring Paradigm: Measuring Reliable Components of Anchoring and Adjustment as the Next Step in Moderator Research. https://doi.org/10.31234/osf.io/hjbwp","Röseler et al., 2020","https://osf.io/uac2t/","Weight of a hyena (kg)","weight",1,0,0,1,1,1,3,3,60,1,1
"1128",30,1,54,36,495,75495,"Röseler, L., Schütz, A., Dolling, I. K., Friedinger, K., Hösch, Y., Hügel, J. C., … Röseler, J. J. (2020, July 24). The Stepwise Anchoring Paradigm: Measuring Reliable Components of Anchoring and Adjustment as the Next Step in Moderator Research. https://doi.org/10.31234/osf.io/hjbwp","Röseler et al., 2020","https://osf.io/uac2t/","Weight of a warthog (kg)","weight",1,0,0,1,1,1,3,3,60,0,1
"1129",30,1,3,1,497,75497,"Röseler, L., Schütz, A., Dolling, I. K., Friedinger, K., Hösch, Y., Hügel, J. C., … Röseler, J. J. (2020, July 24). The Stepwise Anchoring Paradigm: Measuring Reliable Components of Anchoring and Adjustment as the Next Step in Moderator Research. https://doi.org/10.31234/osf.io/hjbwp","Röseler et al., 2020","https://osf.io/uac2t/","Weight of a rabbit (kg)","weight",1,0,0,1,1,1,3,3,4.5,0,1
"1130",30,1,4,8,497,75497,"Röseler, L., Schütz, A., Dolling, I. K., Friedinger, K., Hösch, Y., Hügel, J. C., … Röseler, J. J. (2020, July 24). The Stepwise Anchoring Paradigm: Measuring Reliable Components of Anchoring and Adjustment as the Next Step in Moderator Research. https://doi.org/10.31234/osf.io/hjbwp","Röseler et al., 2020","https://osf.io/uac2t/","Weight of a cat (kg)","weight",1,0,0,1,1,1,3,3,4.25,1,1
"1131",30,1,25,2,497,75497,"Röseler, L., Schütz, A., Dolling, I. K., Friedinger, K., Hösch, Y., Hügel, J. C., … Röseler, J. J. (2020, July 24). The Stepwise Anchoring Paradigm: Measuring Reliable Components of Anchoring and Adjustment as the Next Step in Moderator Research. https://doi.org/10.31234/osf.io/hjbwp","Röseler et al., 2020","https://osf.io/uac2t/","Weight of a fox (kg)","weight",1,0,0,1,1,1,3,3,8,0,1
"1132",30,1,NA,14,497,75497,"Röseler, L., Schütz, A., Dolling, I. K., Friedinger, K., Hösch, Y., Hügel, J. C., … Röseler, J. J. (2020, July 24). The Stepwise Anchoring Paradigm: Measuring Reliable Components of Anchoring and Adjustment as the Next Step in Moderator Research. https://doi.org/10.31234/osf.io/hjbwp","Röseler et al., 2020","https://osf.io/uac2t/","Weight of a racoon (kg)","weight",1,0,0,1,1,1,3,3,8,1,1
"1133",30,1,20,4,497,75497,"Röseler, L., Schütz, A., Dolling, I. K., Friedinger, K., Hösch, Y., Hügel, J. C., … Röseler, J. J. (2020, July 24). The Stepwise Anchoring Paradigm: Measuring Reliable Components of Anchoring and Adjustment as the Next Step in Moderator Research. https://doi.org/10.31234/osf.io/hjbwp","Röseler et al., 2020","https://osf.io/uac2t/","Weight of a badger (kg)","weight",1,0,0,1,1,1,3,3,15,0,1
"1134",30,1,9,26,497,75497,"Röseler, L., Schütz, A., Dolling, I. K., Friedinger, K., Hösch, Y., Hügel, J. C., … Röseler, J. J. (2020, July 24). The Stepwise Anchoring Paradigm: Measuring Reliable Components of Anchoring and Adjustment as the Next Step in Moderator Research. https://doi.org/10.31234/osf.io/hjbwp","Röseler et al., 2020","https://osf.io/uac2t/","Weight of a pelican (kg)","weight",1,0,0,1,1,1,3,3,15,1,1
"1135",30,1,11,10,497,75497,"Röseler, L., Schütz, A., Dolling, I. K., Friedinger, K., Hösch, Y., Hügel, J. C., … Röseler, J. J. (2020, July 24). The Stepwise Anchoring Paradigm: Measuring Reliable Components of Anchoring and Adjustment as the Next Step in Moderator Research. https://doi.org/10.31234/osf.io/hjbwp","Röseler et al., 2020","https://osf.io/uac2t/","Weight of a beaver (kg)","weight",1,0,0,1,1,1,3,3,25,0,1
"1136",30,1,34,40,497,75497,"Röseler, L., Schütz, A., Dolling, I. K., Friedinger, K., Hösch, Y., Hügel, J. C., … Röseler, J. J. (2020, July 24). The Stepwise Anchoring Paradigm: Measuring Reliable Components of Anchoring and Adjustment as the Next Step in Moderator Research. https://doi.org/10.31234/osf.io/hjbwp","Röseler et al., 2020","https://osf.io/uac2t/","Weight of a deer (kg)","weight",1,0,0,1,1,1,3,3,25,1,1
"1137",30,1,20,25,497,75497,"Röseler, L., Schütz, A., Dolling, I. K., Friedinger, K., Hösch, Y., Hügel, J. C., … Röseler, J. J. (2020, July 24). The Stepwise Anchoring Paradigm: Measuring Reliable Components of Anchoring and Adjustment as the Next Step in Moderator Research. https://doi.org/10.31234/osf.io/hjbwp","Röseler et al., 2020","https://osf.io/uac2t/","Weight of a wolf (kg)","weight",1,0,0,1,1,1,3,3,50,0,1
"1138",30,1,40,75,497,75497,"Röseler, L., Schütz, A., Dolling, I. K., Friedinger, K., Hösch, Y., Hügel, J. C., … Röseler, J. J. (2020, July 24). The Stepwise Anchoring Paradigm: Measuring Reliable Components of Anchoring and Adjustment as the Next Step in Moderator Research. https://doi.org/10.31234/osf.io/hjbwp","Röseler et al., 2020","https://osf.io/uac2t/","Weight of a goat (kg)","weight",1,0,0,1,1,1,3,3,50,1,1
"1139",30,1,NA,36,497,75497,"Röseler, L., Schütz, A., Dolling, I. K., Friedinger, K., Hösch, Y., Hügel, J. C., … Röseler, J. J. (2020, July 24). The Stepwise Anchoring Paradigm: Measuring Reliable Components of Anchoring and Adjustment as the Next Step in Moderator Research. https://doi.org/10.31234/osf.io/hjbwp","Röseler et al., 2020","https://osf.io/uac2t/","Weight of a hyena (kg)","weight",1,0,0,1,1,1,3,3,60,0,1
"1140",30,1,71,84,497,75497,"Röseler, L., Schütz, A., Dolling, I. K., Friedinger, K., Hösch, Y., Hügel, J. C., … Röseler, J. J. (2020, July 24). The Stepwise Anchoring Paradigm: Measuring Reliable Components of Anchoring and Adjustment as the Next Step in Moderator Research. https://doi.org/10.31234/osf.io/hjbwp","Röseler et al., 2020","https://osf.io/uac2t/","Weight of a warthog (kg)","weight",1,0,0,1,1,1,3,3,60,1,1
"1141",49,2,3,8,498,75498,"Röseler, L., Schütz, A., Dolling, I. K., Friedinger, K., Hösch, Y., Hügel, J. C., … Röseler, J. J. (2020, July 24). The Stepwise Anchoring Paradigm: Measuring Reliable Components of Anchoring and Adjustment as the Next Step in Moderator Research. https://doi.org/10.31234/osf.io/hjbwp","Röseler et al., 2020","https://osf.io/uac2t/","Weight of a rabbit (kg)","weight",1,0,0,1,1,1,3,3,4.5,1,1
"1142",49,2,4,1,498,75498,"Röseler, L., Schütz, A., Dolling, I. K., Friedinger, K., Hösch, Y., Hügel, J. C., … Röseler, J. J. (2020, July 24). The Stepwise Anchoring Paradigm: Measuring Reliable Components of Anchoring and Adjustment as the Next Step in Moderator Research. https://doi.org/10.31234/osf.io/hjbwp","Röseler et al., 2020","https://osf.io/uac2t/","Weight of a cat (kg)","weight",1,0,0,1,1,1,3,3,4.25,0,1
"1143",49,2,8,14,498,75498,"Röseler, L., Schütz, A., Dolling, I. K., Friedinger, K., Hösch, Y., Hügel, J. C., … Röseler, J. J. (2020, July 24). The Stepwise Anchoring Paradigm: Measuring Reliable Components of Anchoring and Adjustment as the Next Step in Moderator Research. https://doi.org/10.31234/osf.io/hjbwp","Röseler et al., 2020","https://osf.io/uac2t/","Weight of a fox (kg)","weight",1,0,0,1,1,1,3,3,8,1,1
"1144",49,2,8,2,498,75498,"Röseler, L., Schütz, A., Dolling, I. K., Friedinger, K., Hösch, Y., Hügel, J. C., … Röseler, J. J. (2020, July 24). The Stepwise Anchoring Paradigm: Measuring Reliable Components of Anchoring and Adjustment as the Next Step in Moderator Research. https://doi.org/10.31234/osf.io/hjbwp","Röseler et al., 2020","https://osf.io/uac2t/","Weight of a racoon (kg)","weight",1,0,0,1,1,1,3,3,8,0,1
"1145",49,2,NA,26,498,75498,"Röseler, L., Schütz, A., Dolling, I. K., Friedinger, K., Hösch, Y., Hügel, J. C., … Röseler, J. J. (2020, July 24). The Stepwise Anchoring Paradigm: Measuring Reliable Components of Anchoring and Adjustment as the Next Step in Moderator Research. https://doi.org/10.31234/osf.io/hjbwp","Röseler et al., 2020","https://osf.io/uac2t/","Weight of a badger (kg)","weight",1,0,0,1,1,1,3,3,15,1,1
"1146",49,2,14,4,498,75498,"Röseler, L., Schütz, A., Dolling, I. K., Friedinger, K., Hösch, Y., Hügel, J. C., … Röseler, J. J. (2020, July 24). The Stepwise Anchoring Paradigm: Measuring Reliable Components of Anchoring and Adjustment as the Next Step in Moderator Research. https://doi.org/10.31234/osf.io/hjbwp","Röseler et al., 2020","https://osf.io/uac2t/","Weight of a pelican (kg)","weight",1,0,0,1,1,1,3,3,15,0,1
"1147",49,2,20,40,498,75498,"Röseler, L., Schütz, A., Dolling, I. K., Friedinger, K., Hösch, Y., Hügel, J. C., … Röseler, J. J. (2020, July 24). The Stepwise Anchoring Paradigm: Measuring Reliable Components of Anchoring and Adjustment as the Next Step in Moderator Research. https://doi.org/10.31234/osf.io/hjbwp","Röseler et al., 2020","https://osf.io/uac2t/","Weight of a beaver (kg)","weight",1,0,0,1,1,1,3,3,25,1,1
"1148",49,2,12,10,498,75498,"Röseler, L., Schütz, A., Dolling, I. K., Friedinger, K., Hösch, Y., Hügel, J. C., … Röseler, J. J. (2020, July 24). The Stepwise Anchoring Paradigm: Measuring Reliable Components of Anchoring and Adjustment as the Next Step in Moderator Research. https://doi.org/10.31234/osf.io/hjbwp","Röseler et al., 2020","https://osf.io/uac2t/","Weight of a deer (kg)","weight",1,0,0,1,1,1,3,3,25,0,1
"1149",49,2,60,75,498,75498,"Röseler, L., Schütz, A., Dolling, I. K., Friedinger, K., Hösch, Y., Hügel, J. C., … Röseler, J. J. (2020, July 24). The Stepwise Anchoring Paradigm: Measuring Reliable Components of Anchoring and Adjustment as the Next Step in Moderator Research. https://doi.org/10.31234/osf.io/hjbwp","Röseler et al., 2020","https://osf.io/uac2t/","Weight of a wolf (kg)","weight",1,0,0,1,1,1,3,3,50,1,1
"1150",49,2,33,25,498,75498,"Röseler, L., Schütz, A., Dolling, I. K., Friedinger, K., Hösch, Y., Hügel, J. C., … Röseler, J. J. (2020, July 24). The Stepwise Anchoring Paradigm: Measuring Reliable Components of Anchoring and Adjustment as the Next Step in Moderator Research. https://doi.org/10.31234/osf.io/hjbwp","Röseler et al., 2020","https://osf.io/uac2t/","Weight of a goat (kg)","weight",1,0,0,1,1,1,3,3,50,0,1
"1151",49,2,56,84,498,75498,"Röseler, L., Schütz, A., Dolling, I. K., Friedinger, K., Hösch, Y., Hügel, J. C., … Röseler, J. J. (2020, July 24). The Stepwise Anchoring Paradigm: Measuring Reliable Components of Anchoring and Adjustment as the Next Step in Moderator Research. https://doi.org/10.31234/osf.io/hjbwp","Röseler et al., 2020","https://osf.io/uac2t/","Weight of a hyena (kg)","weight",1,0,0,1,1,1,3,3,60,1,1
"1152",49,2,42,36,498,75498,"Röseler, L., Schütz, A., Dolling, I. K., Friedinger, K., Hösch, Y., Hügel, J. C., … Röseler, J. J. (2020, July 24). The Stepwise Anchoring Paradigm: Measuring Reliable Components of Anchoring and Adjustment as the Next Step in Moderator Research. https://doi.org/10.31234/osf.io/hjbwp","Röseler et al., 2020","https://osf.io/uac2t/","Weight of a warthog (kg)","weight",1,0,0,1,1,1,3,3,60,0,1
"1153",28,2,6,1,500,75500,"Röseler, L., Schütz, A., Dolling, I. K., Friedinger, K., Hösch, Y., Hügel, J. C., … Röseler, J. J. (2020, July 24). The Stepwise Anchoring Paradigm: Measuring Reliable Components of Anchoring and Adjustment as the Next Step in Moderator Research. https://doi.org/10.31234/osf.io/hjbwp","Röseler et al., 2020","https://osf.io/uac2t/","Weight of a rabbit (kg)","weight",1,0,0,1,1,1,3,3,4.5,0,1
"1154",28,2,5,8,500,75500,"Röseler, L., Schütz, A., Dolling, I. K., Friedinger, K., Hösch, Y., Hügel, J. C., … Röseler, J. J. (2020, July 24). The Stepwise Anchoring Paradigm: Measuring Reliable Components of Anchoring and Adjustment as the Next Step in Moderator Research. https://doi.org/10.31234/osf.io/hjbwp","Röseler et al., 2020","https://osf.io/uac2t/","Weight of a cat (kg)","weight",1,0,0,1,1,1,3,3,4.25,1,1
"1155",28,2,12,2,500,75500,"Röseler, L., Schütz, A., Dolling, I. K., Friedinger, K., Hösch, Y., Hügel, J. C., … Röseler, J. J. (2020, July 24). The Stepwise Anchoring Paradigm: Measuring Reliable Components of Anchoring and Adjustment as the Next Step in Moderator Research. https://doi.org/10.31234/osf.io/hjbwp","Röseler et al., 2020","https://osf.io/uac2t/","Weight of a fox (kg)","weight",1,0,0,1,1,1,3,3,8,0,1
"1156",28,2,19,14,500,75500,"Röseler, L., Schütz, A., Dolling, I. K., Friedinger, K., Hösch, Y., Hügel, J. C., … Röseler, J. J. (2020, July 24). The Stepwise Anchoring Paradigm: Measuring Reliable Components of Anchoring and Adjustment as the Next Step in Moderator Research. https://doi.org/10.31234/osf.io/hjbwp","Röseler et al., 2020","https://osf.io/uac2t/","Weight of a racoon (kg)","weight",1,0,0,1,1,1,3,3,8,1,1
"1157",28,2,18,4,500,75500,"Röseler, L., Schütz, A., Dolling, I. K., Friedinger, K., Hösch, Y., Hügel, J. C., … Röseler, J. J. (2020, July 24). The Stepwise Anchoring Paradigm: Measuring Reliable Components of Anchoring and Adjustment as the Next Step in Moderator Research. https://doi.org/10.31234/osf.io/hjbwp","Röseler et al., 2020","https://osf.io/uac2t/","Weight of a badger (kg)","weight",1,0,0,1,1,1,3,3,15,0,1
"1158",28,2,18,26,500,75500,"Röseler, L., Schütz, A., Dolling, I. K., Friedinger, K., Hösch, Y., Hügel, J. C., … Röseler, J. J. (2020, July 24). The Stepwise Anchoring Paradigm: Measuring Reliable Components of Anchoring and Adjustment as the Next Step in Moderator Research. https://doi.org/10.31234/osf.io/hjbwp","Röseler et al., 2020","https://osf.io/uac2t/","Weight of a pelican (kg)","weight",1,0,0,1,1,1,3,3,15,1,1
"1159",28,2,15,10,500,75500,"Röseler, L., Schütz, A., Dolling, I. K., Friedinger, K., Hösch, Y., Hügel, J. C., … Röseler, J. J. (2020, July 24). The Stepwise Anchoring Paradigm: Measuring Reliable Components of Anchoring and Adjustment as the Next Step in Moderator Research. https://doi.org/10.31234/osf.io/hjbwp","Röseler et al., 2020","https://osf.io/uac2t/","Weight of a beaver (kg)","weight",1,0,0,1,1,1,3,3,25,0,1
"1160",28,2,24,40,500,75500,"Röseler, L., Schütz, A., Dolling, I. K., Friedinger, K., Hösch, Y., Hügel, J. C., … Röseler, J. J. (2020, July 24). The Stepwise Anchoring Paradigm: Measuring Reliable Components of Anchoring and Adjustment as the Next Step in Moderator Research. https://doi.org/10.31234/osf.io/hjbwp","Röseler et al., 2020","https://osf.io/uac2t/","Weight of a deer (kg)","weight",1,0,0,1,1,1,3,3,25,1,1
"1161",28,2,45,25,500,75500,"Röseler, L., Schütz, A., Dolling, I. K., Friedinger, K., Hösch, Y., Hügel, J. C., … Röseler, J. J. (2020, July 24). The Stepwise Anchoring Paradigm: Measuring Reliable Components of Anchoring and Adjustment as the Next Step in Moderator Research. https://doi.org/10.31234/osf.io/hjbwp","Röseler et al., 2020","https://osf.io/uac2t/","Weight of a wolf (kg)","weight",1,0,0,1,1,1,3,3,50,0,1
"1162",28,2,41,75,500,75500,"Röseler, L., Schütz, A., Dolling, I. K., Friedinger, K., Hösch, Y., Hügel, J. C., … Röseler, J. J. (2020, July 24). The Stepwise Anchoring Paradigm: Measuring Reliable Components of Anchoring and Adjustment as the Next Step in Moderator Research. https://doi.org/10.31234/osf.io/hjbwp","Röseler et al., 2020","https://osf.io/uac2t/","Weight of a goat (kg)","weight",1,0,0,1,1,1,3,3,50,1,1
"1163",28,2,43,36,500,75500,"Röseler, L., Schütz, A., Dolling, I. K., Friedinger, K., Hösch, Y., Hügel, J. C., … Röseler, J. J. (2020, July 24). The Stepwise Anchoring Paradigm: Measuring Reliable Components of Anchoring and Adjustment as the Next Step in Moderator Research. https://doi.org/10.31234/osf.io/hjbwp","Röseler et al., 2020","https://osf.io/uac2t/","Weight of a hyena (kg)","weight",1,0,0,1,1,1,3,3,60,0,1
"1164",28,2,68,84,500,75500,"Röseler, L., Schütz, A., Dolling, I. K., Friedinger, K., Hösch, Y., Hügel, J. C., … Röseler, J. J. (2020, July 24). The Stepwise Anchoring Paradigm: Measuring Reliable Components of Anchoring and Adjustment as the Next Step in Moderator Research. https://doi.org/10.31234/osf.io/hjbwp","Röseler et al., 2020","https://osf.io/uac2t/","Weight of a warthog (kg)","weight",1,0,0,1,1,1,3,3,60,1,1
"1165",53,2,8,1,507,75507,"Röseler, L., Schütz, A., Dolling, I. K., Friedinger, K., Hösch, Y., Hügel, J. C., … Röseler, J. J. (2020, July 24). The Stepwise Anchoring Paradigm: Measuring Reliable Components of Anchoring and Adjustment as the Next Step in Moderator Research. https://doi.org/10.31234/osf.io/hjbwp","Röseler et al., 2020","https://osf.io/uac2t/","Weight of a rabbit (kg)","weight",1,0,0,1,1,1,3,3,4.5,0,1
"1166",53,2,4,8,507,75507,"Röseler, L., Schütz, A., Dolling, I. K., Friedinger, K., Hösch, Y., Hügel, J. C., … Röseler, J. J. (2020, July 24). The Stepwise Anchoring Paradigm: Measuring Reliable Components of Anchoring and Adjustment as the Next Step in Moderator Research. https://doi.org/10.31234/osf.io/hjbwp","Röseler et al., 2020","https://osf.io/uac2t/","Weight of a cat (kg)","weight",1,0,0,1,1,1,3,3,4.25,1,1
"1167",53,2,7,2,507,75507,"Röseler, L., Schütz, A., Dolling, I. K., Friedinger, K., Hösch, Y., Hügel, J. C., … Röseler, J. J. (2020, July 24). The Stepwise Anchoring Paradigm: Measuring Reliable Components of Anchoring and Adjustment as the Next Step in Moderator Research. https://doi.org/10.31234/osf.io/hjbwp","Röseler et al., 2020","https://osf.io/uac2t/","Weight of a fox (kg)","weight",1,0,0,1,1,1,3,3,8,0,1
"1168",53,2,17,14,507,75507,"Röseler, L., Schütz, A., Dolling, I. K., Friedinger, K., Hösch, Y., Hügel, J. C., … Röseler, J. J. (2020, July 24). The Stepwise Anchoring Paradigm: Measuring Reliable Components of Anchoring and Adjustment as the Next Step in Moderator Research. https://doi.org/10.31234/osf.io/hjbwp","Röseler et al., 2020","https://osf.io/uac2t/","Weight of a racoon (kg)","weight",1,0,0,1,1,1,3,3,8,1,1
"1169",53,2,13,4,507,75507,"Röseler, L., Schütz, A., Dolling, I. K., Friedinger, K., Hösch, Y., Hügel, J. C., … Röseler, J. J. (2020, July 24). The Stepwise Anchoring Paradigm: Measuring Reliable Components of Anchoring and Adjustment as the Next Step in Moderator Research. https://doi.org/10.31234/osf.io/hjbwp","Röseler et al., 2020","https://osf.io/uac2t/","Weight of a badger (kg)","weight",1,0,0,1,1,1,3,3,15,0,1
"1170",53,2,16,26,507,75507,"Röseler, L., Schütz, A., Dolling, I. K., Friedinger, K., Hösch, Y., Hügel, J. C., … Röseler, J. J. (2020, July 24). The Stepwise Anchoring Paradigm: Measuring Reliable Components of Anchoring and Adjustment as the Next Step in Moderator Research. https://doi.org/10.31234/osf.io/hjbwp","Röseler et al., 2020","https://osf.io/uac2t/","Weight of a pelican (kg)","weight",1,0,0,1,1,1,3,3,15,1,1
"1171",53,2,20,10,507,75507,"Röseler, L., Schütz, A., Dolling, I. K., Friedinger, K., Hösch, Y., Hügel, J. C., … Röseler, J. J. (2020, July 24). The Stepwise Anchoring Paradigm: Measuring Reliable Components of Anchoring and Adjustment as the Next Step in Moderator Research. https://doi.org/10.31234/osf.io/hjbwp","Röseler et al., 2020","https://osf.io/uac2t/","Weight of a beaver (kg)","weight",1,0,0,1,1,1,3,3,25,0,1
"1172",53,2,30,40,507,75507,"Röseler, L., Schütz, A., Dolling, I. K., Friedinger, K., Hösch, Y., Hügel, J. C., … Röseler, J. J. (2020, July 24). The Stepwise Anchoring Paradigm: Measuring Reliable Components of Anchoring and Adjustment as the Next Step in Moderator Research. https://doi.org/10.31234/osf.io/hjbwp","Röseler et al., 2020","https://osf.io/uac2t/","Weight of a deer (kg)","weight",1,0,0,1,1,1,3,3,25,1,1
"1173",53,2,36,25,507,75507,"Röseler, L., Schütz, A., Dolling, I. K., Friedinger, K., Hösch, Y., Hügel, J. C., … Röseler, J. J. (2020, July 24). The Stepwise Anchoring Paradigm: Measuring Reliable Components of Anchoring and Adjustment as the Next Step in Moderator Research. https://doi.org/10.31234/osf.io/hjbwp","Röseler et al., 2020","https://osf.io/uac2t/","Weight of a wolf (kg)","weight",1,0,0,1,1,1,3,3,50,0,1
"1174",53,2,34,75,507,75507,"Röseler, L., Schütz, A., Dolling, I. K., Friedinger, K., Hösch, Y., Hügel, J. C., … Röseler, J. J. (2020, July 24). The Stepwise Anchoring Paradigm: Measuring Reliable Components of Anchoring and Adjustment as the Next Step in Moderator Research. https://doi.org/10.31234/osf.io/hjbwp","Röseler et al., 2020","https://osf.io/uac2t/","Weight of a goat (kg)","weight",1,0,0,1,1,1,3,3,50,1,1
"1175",53,2,44,36,507,75507,"Röseler, L., Schütz, A., Dolling, I. K., Friedinger, K., Hösch, Y., Hügel, J. C., … Röseler, J. J. (2020, July 24). The Stepwise Anchoring Paradigm: Measuring Reliable Components of Anchoring and Adjustment as the Next Step in Moderator Research. https://doi.org/10.31234/osf.io/hjbwp","Röseler et al., 2020","https://osf.io/uac2t/","Weight of a hyena (kg)","weight",1,0,0,1,1,1,3,3,60,0,1
"1176",53,2,60,84,507,75507,"Röseler, L., Schütz, A., Dolling, I. K., Friedinger, K., Hösch, Y., Hügel, J. C., … Röseler, J. J. (2020, July 24). The Stepwise Anchoring Paradigm: Measuring Reliable Components of Anchoring and Adjustment as the Next Step in Moderator Research. https://doi.org/10.31234/osf.io/hjbwp","Röseler et al., 2020","https://osf.io/uac2t/","Weight of a warthog (kg)","weight",1,0,0,1,1,1,3,3,60,1,1
"1177",22,2,6,8,509,75509,"Röseler, L., Schütz, A., Dolling, I. K., Friedinger, K., Hösch, Y., Hügel, J. C., … Röseler, J. J. (2020, July 24). The Stepwise Anchoring Paradigm: Measuring Reliable Components of Anchoring and Adjustment as the Next Step in Moderator Research. https://doi.org/10.31234/osf.io/hjbwp","Röseler et al., 2020","https://osf.io/uac2t/","Weight of a rabbit (kg)","weight",1,0,0,1,1,1,3,3,4.5,1,1
"1178",22,2,6,1,509,75509,"Röseler, L., Schütz, A., Dolling, I. K., Friedinger, K., Hösch, Y., Hügel, J. C., … Röseler, J. J. (2020, July 24). The Stepwise Anchoring Paradigm: Measuring Reliable Components of Anchoring and Adjustment as the Next Step in Moderator Research. https://doi.org/10.31234/osf.io/hjbwp","Röseler et al., 2020","https://osf.io/uac2t/","Weight of a cat (kg)","weight",1,0,0,1,1,1,3,3,4.25,0,1
"1179",22,2,10,14,509,75509,"Röseler, L., Schütz, A., Dolling, I. K., Friedinger, K., Hösch, Y., Hügel, J. C., … Röseler, J. J. (2020, July 24). The Stepwise Anchoring Paradigm: Measuring Reliable Components of Anchoring and Adjustment as the Next Step in Moderator Research. https://doi.org/10.31234/osf.io/hjbwp","Röseler et al., 2020","https://osf.io/uac2t/","Weight of a fox (kg)","weight",1,0,0,1,1,1,3,3,8,1,1
"1180",22,2,34,2,509,75509,"Röseler, L., Schütz, A., Dolling, I. K., Friedinger, K., Hösch, Y., Hügel, J. C., … Röseler, J. J. (2020, July 24). The Stepwise Anchoring Paradigm: Measuring Reliable Components of Anchoring and Adjustment as the Next Step in Moderator Research. https://doi.org/10.31234/osf.io/hjbwp","Röseler et al., 2020","https://osf.io/uac2t/","Weight of a racoon (kg)","weight",1,0,0,1,1,1,3,3,8,0,1
"1181",22,2,15,26,509,75509,"Röseler, L., Schütz, A., Dolling, I. K., Friedinger, K., Hösch, Y., Hügel, J. C., … Röseler, J. J. (2020, July 24). The Stepwise Anchoring Paradigm: Measuring Reliable Components of Anchoring and Adjustment as the Next Step in Moderator Research. https://doi.org/10.31234/osf.io/hjbwp","Röseler et al., 2020","https://osf.io/uac2t/","Weight of a badger (kg)","weight",1,0,0,1,1,1,3,3,15,1,1
"1182",22,2,12,4,509,75509,"Röseler, L., Schütz, A., Dolling, I. K., Friedinger, K., Hösch, Y., Hügel, J. C., … Röseler, J. J. (2020, July 24). The Stepwise Anchoring Paradigm: Measuring Reliable Components of Anchoring and Adjustment as the Next Step in Moderator Research. https://doi.org/10.31234/osf.io/hjbwp","Röseler et al., 2020","https://osf.io/uac2t/","Weight of a pelican (kg)","weight",1,0,0,1,1,1,3,3,15,0,1
"1183",22,2,8,40,509,75509,"Röseler, L., Schütz, A., Dolling, I. K., Friedinger, K., Hösch, Y., Hügel, J. C., … Röseler, J. J. (2020, July 24). The Stepwise Anchoring Paradigm: Measuring Reliable Components of Anchoring and Adjustment as the Next Step in Moderator Research. https://doi.org/10.31234/osf.io/hjbwp","Röseler et al., 2020","https://osf.io/uac2t/","Weight of a beaver (kg)","weight",1,0,0,1,1,1,3,3,25,1,1
"1184",22,2,44,10,509,75509,"Röseler, L., Schütz, A., Dolling, I. K., Friedinger, K., Hösch, Y., Hügel, J. C., … Röseler, J. J. (2020, July 24). The Stepwise Anchoring Paradigm: Measuring Reliable Components of Anchoring and Adjustment as the Next Step in Moderator Research. https://doi.org/10.31234/osf.io/hjbwp","Röseler et al., 2020","https://osf.io/uac2t/","Weight of a deer (kg)","weight",1,0,0,1,1,1,3,3,25,0,1
"1185",22,2,72,75,509,75509,"Röseler, L., Schütz, A., Dolling, I. K., Friedinger, K., Hösch, Y., Hügel, J. C., … Röseler, J. J. (2020, July 24). The Stepwise Anchoring Paradigm: Measuring Reliable Components of Anchoring and Adjustment as the Next Step in Moderator Research. https://doi.org/10.31234/osf.io/hjbwp","Röseler et al., 2020","https://osf.io/uac2t/","Weight of a wolf (kg)","weight",1,0,0,1,1,1,3,3,50,1,1
"1186",22,2,43,25,509,75509,"Röseler, L., Schütz, A., Dolling, I. K., Friedinger, K., Hösch, Y., Hügel, J. C., … Röseler, J. J. (2020, July 24). The Stepwise Anchoring Paradigm: Measuring Reliable Components of Anchoring and Adjustment as the Next Step in Moderator Research. https://doi.org/10.31234/osf.io/hjbwp","Röseler et al., 2020","https://osf.io/uac2t/","Weight of a goat (kg)","weight",1,0,0,1,1,1,3,3,50,0,1
"1187",22,2,19,84,509,75509,"Röseler, L., Schütz, A., Dolling, I. K., Friedinger, K., Hösch, Y., Hügel, J. C., … Röseler, J. J. (2020, July 24). The Stepwise Anchoring Paradigm: Measuring Reliable Components of Anchoring and Adjustment as the Next Step in Moderator Research. https://doi.org/10.31234/osf.io/hjbwp","Röseler et al., 2020","https://osf.io/uac2t/","Weight of a hyena (kg)","weight",1,0,0,1,1,1,3,3,60,1,1
"1188",22,2,82,36,509,75509,"Röseler, L., Schütz, A., Dolling, I. K., Friedinger, K., Hösch, Y., Hügel, J. C., … Röseler, J. J. (2020, July 24). The Stepwise Anchoring Paradigm: Measuring Reliable Components of Anchoring and Adjustment as the Next Step in Moderator Research. https://doi.org/10.31234/osf.io/hjbwp","Röseler et al., 2020","https://osf.io/uac2t/","Weight of a warthog (kg)","weight",1,0,0,1,1,1,3,3,60,0,1
"1189",30,1,7,8,511,75511,"Röseler, L., Schütz, A., Dolling, I. K., Friedinger, K., Hösch, Y., Hügel, J. C., … Röseler, J. J. (2020, July 24). The Stepwise Anchoring Paradigm: Measuring Reliable Components of Anchoring and Adjustment as the Next Step in Moderator Research. https://doi.org/10.31234/osf.io/hjbwp","Röseler et al., 2020","https://osf.io/uac2t/","Weight of a rabbit (kg)","weight",1,0,0,1,1,1,3,3,4.5,1,1
"1190",30,1,6,1,511,75511,"Röseler, L., Schütz, A., Dolling, I. K., Friedinger, K., Hösch, Y., Hügel, J. C., … Röseler, J. J. (2020, July 24). The Stepwise Anchoring Paradigm: Measuring Reliable Components of Anchoring and Adjustment as the Next Step in Moderator Research. https://doi.org/10.31234/osf.io/hjbwp","Röseler et al., 2020","https://osf.io/uac2t/","Weight of a cat (kg)","weight",1,0,0,1,1,1,3,3,4.25,0,1
"1191",30,1,10,14,511,75511,"Röseler, L., Schütz, A., Dolling, I. K., Friedinger, K., Hösch, Y., Hügel, J. C., … Röseler, J. J. (2020, July 24). The Stepwise Anchoring Paradigm: Measuring Reliable Components of Anchoring and Adjustment as the Next Step in Moderator Research. https://doi.org/10.31234/osf.io/hjbwp","Röseler et al., 2020","https://osf.io/uac2t/","Weight of a fox (kg)","weight",1,0,0,1,1,1,3,3,8,1,1
"1192",30,1,9,2,511,75511,"Röseler, L., Schütz, A., Dolling, I. K., Friedinger, K., Hösch, Y., Hügel, J. C., … Röseler, J. J. (2020, July 24). The Stepwise Anchoring Paradigm: Measuring Reliable Components of Anchoring and Adjustment as the Next Step in Moderator Research. https://doi.org/10.31234/osf.io/hjbwp","Röseler et al., 2020","https://osf.io/uac2t/","Weight of a racoon (kg)","weight",1,0,0,1,1,1,3,3,8,0,1
"1193",30,1,16,26,511,75511,"Röseler, L., Schütz, A., Dolling, I. K., Friedinger, K., Hösch, Y., Hügel, J. C., … Röseler, J. J. (2020, July 24). The Stepwise Anchoring Paradigm: Measuring Reliable Components of Anchoring and Adjustment as the Next Step in Moderator Research. https://doi.org/10.31234/osf.io/hjbwp","Röseler et al., 2020","https://osf.io/uac2t/","Weight of a badger (kg)","weight",1,0,0,1,1,1,3,3,15,1,1
"1194",30,1,15,4,511,75511,"Röseler, L., Schütz, A., Dolling, I. K., Friedinger, K., Hösch, Y., Hügel, J. C., … Röseler, J. J. (2020, July 24). The Stepwise Anchoring Paradigm: Measuring Reliable Components of Anchoring and Adjustment as the Next Step in Moderator Research. https://doi.org/10.31234/osf.io/hjbwp","Röseler et al., 2020","https://osf.io/uac2t/","Weight of a pelican (kg)","weight",1,0,0,1,1,1,3,3,15,0,1
"1195",30,1,30,40,511,75511,"Röseler, L., Schütz, A., Dolling, I. K., Friedinger, K., Hösch, Y., Hügel, J. C., … Röseler, J. J. (2020, July 24). The Stepwise Anchoring Paradigm: Measuring Reliable Components of Anchoring and Adjustment as the Next Step in Moderator Research. https://doi.org/10.31234/osf.io/hjbwp","Röseler et al., 2020","https://osf.io/uac2t/","Weight of a beaver (kg)","weight",1,0,0,1,1,1,3,3,25,1,1
"1196",30,1,44,10,511,75511,"Röseler, L., Schütz, A., Dolling, I. K., Friedinger, K., Hösch, Y., Hügel, J. C., … Röseler, J. J. (2020, July 24). The Stepwise Anchoring Paradigm: Measuring Reliable Components of Anchoring and Adjustment as the Next Step in Moderator Research. https://doi.org/10.31234/osf.io/hjbwp","Röseler et al., 2020","https://osf.io/uac2t/","Weight of a deer (kg)","weight",1,0,0,1,1,1,3,3,25,0,1
"1197",30,1,49,75,511,75511,"Röseler, L., Schütz, A., Dolling, I. K., Friedinger, K., Hösch, Y., Hügel, J. C., … Röseler, J. J. (2020, July 24). The Stepwise Anchoring Paradigm: Measuring Reliable Components of Anchoring and Adjustment as the Next Step in Moderator Research. https://doi.org/10.31234/osf.io/hjbwp","Röseler et al., 2020","https://osf.io/uac2t/","Weight of a wolf (kg)","weight",1,0,0,1,1,1,3,3,50,1,1
"1198",30,1,35,25,511,75511,"Röseler, L., Schütz, A., Dolling, I. K., Friedinger, K., Hösch, Y., Hügel, J. C., … Röseler, J. J. (2020, July 24). The Stepwise Anchoring Paradigm: Measuring Reliable Components of Anchoring and Adjustment as the Next Step in Moderator Research. https://doi.org/10.31234/osf.io/hjbwp","Röseler et al., 2020","https://osf.io/uac2t/","Weight of a goat (kg)","weight",1,0,0,1,1,1,3,3,50,0,1
"1199",30,1,72,84,511,75511,"Röseler, L., Schütz, A., Dolling, I. K., Friedinger, K., Hösch, Y., Hügel, J. C., … Röseler, J. J. (2020, July 24). The Stepwise Anchoring Paradigm: Measuring Reliable Components of Anchoring and Adjustment as the Next Step in Moderator Research. https://doi.org/10.31234/osf.io/hjbwp","Röseler et al., 2020","https://osf.io/uac2t/","Weight of a hyena (kg)","weight",1,0,0,1,1,1,3,3,60,1,1
"1200",30,1,51,36,511,75511,"Röseler, L., Schütz, A., Dolling, I. K., Friedinger, K., Hösch, Y., Hügel, J. C., … Röseler, J. J. (2020, July 24). The Stepwise Anchoring Paradigm: Measuring Reliable Components of Anchoring and Adjustment as the Next Step in Moderator Research. https://doi.org/10.31234/osf.io/hjbwp","Röseler et al., 2020","https://osf.io/uac2t/","Weight of a warthog (kg)","weight",1,0,0,1,1,1,3,3,60,0,1
"1201",21,2,6,1,513,75513,"Röseler, L., Schütz, A., Dolling, I. K., Friedinger, K., Hösch, Y., Hügel, J. C., … Röseler, J. J. (2020, July 24). The Stepwise Anchoring Paradigm: Measuring Reliable Components of Anchoring and Adjustment as the Next Step in Moderator Research. https://doi.org/10.31234/osf.io/hjbwp","Röseler et al., 2020","https://osf.io/uac2t/","Weight of a rabbit (kg)","weight",1,0,0,1,1,1,3,3,4.5,0,1
"1202",21,2,6,8,513,75513,"Röseler, L., Schütz, A., Dolling, I. K., Friedinger, K., Hösch, Y., Hügel, J. C., … Röseler, J. J. (2020, July 24). The Stepwise Anchoring Paradigm: Measuring Reliable Components of Anchoring and Adjustment as the Next Step in Moderator Research. https://doi.org/10.31234/osf.io/hjbwp","Röseler et al., 2020","https://osf.io/uac2t/","Weight of a cat (kg)","weight",1,0,0,1,1,1,3,3,4.25,1,1
"1203",21,2,15,2,513,75513,"Röseler, L., Schütz, A., Dolling, I. K., Friedinger, K., Hösch, Y., Hügel, J. C., … Röseler, J. J. (2020, July 24). The Stepwise Anchoring Paradigm: Measuring Reliable Components of Anchoring and Adjustment as the Next Step in Moderator Research. https://doi.org/10.31234/osf.io/hjbwp","Röseler et al., 2020","https://osf.io/uac2t/","Weight of a fox (kg)","weight",1,0,0,1,1,1,3,3,8,0,1
"1204",21,2,15,14,513,75513,"Röseler, L., Schütz, A., Dolling, I. K., Friedinger, K., Hösch, Y., Hügel, J. C., … Röseler, J. J. (2020, July 24). The Stepwise Anchoring Paradigm: Measuring Reliable Components of Anchoring and Adjustment as the Next Step in Moderator Research. https://doi.org/10.31234/osf.io/hjbwp","Röseler et al., 2020","https://osf.io/uac2t/","Weight of a racoon (kg)","weight",1,0,0,1,1,1,3,3,8,1,1
"1205",21,2,12,4,513,75513,"Röseler, L., Schütz, A., Dolling, I. K., Friedinger, K., Hösch, Y., Hügel, J. C., … Röseler, J. J. (2020, July 24). The Stepwise Anchoring Paradigm: Measuring Reliable Components of Anchoring and Adjustment as the Next Step in Moderator Research. https://doi.org/10.31234/osf.io/hjbwp","Röseler et al., 2020","https://osf.io/uac2t/","Weight of a badger (kg)","weight",1,0,0,1,1,1,3,3,15,0,1
"1206",21,2,13,26,513,75513,"Röseler, L., Schütz, A., Dolling, I. K., Friedinger, K., Hösch, Y., Hügel, J. C., … Röseler, J. J. (2020, July 24). The Stepwise Anchoring Paradigm: Measuring Reliable Components of Anchoring and Adjustment as the Next Step in Moderator Research. https://doi.org/10.31234/osf.io/hjbwp","Röseler et al., 2020","https://osf.io/uac2t/","Weight of a pelican (kg)","weight",1,0,0,1,1,1,3,3,15,1,1
"1207",21,2,27,10,513,75513,"Röseler, L., Schütz, A., Dolling, I. K., Friedinger, K., Hösch, Y., Hügel, J. C., … Röseler, J. J. (2020, July 24). The Stepwise Anchoring Paradigm: Measuring Reliable Components of Anchoring and Adjustment as the Next Step in Moderator Research. https://doi.org/10.31234/osf.io/hjbwp","Röseler et al., 2020","https://osf.io/uac2t/","Weight of a beaver (kg)","weight",1,0,0,1,1,1,3,3,25,0,1
"1208",21,2,27,40,513,75513,"Röseler, L., Schütz, A., Dolling, I. K., Friedinger, K., Hösch, Y., Hügel, J. C., … Röseler, J. J. (2020, July 24). The Stepwise Anchoring Paradigm: Measuring Reliable Components of Anchoring and Adjustment as the Next Step in Moderator Research. https://doi.org/10.31234/osf.io/hjbwp","Röseler et al., 2020","https://osf.io/uac2t/","Weight of a deer (kg)","weight",1,0,0,1,1,1,3,3,25,1,1
"1209",21,2,37,25,513,75513,"Röseler, L., Schütz, A., Dolling, I. K., Friedinger, K., Hösch, Y., Hügel, J. C., … Röseler, J. J. (2020, July 24). The Stepwise Anchoring Paradigm: Measuring Reliable Components of Anchoring and Adjustment as the Next Step in Moderator Research. https://doi.org/10.31234/osf.io/hjbwp","Röseler et al., 2020","https://osf.io/uac2t/","Weight of a wolf (kg)","weight",1,0,0,1,1,1,3,3,50,0,1
"1210",21,2,26,75,513,75513,"Röseler, L., Schütz, A., Dolling, I. K., Friedinger, K., Hösch, Y., Hügel, J. C., … Röseler, J. J. (2020, July 24). The Stepwise Anchoring Paradigm: Measuring Reliable Components of Anchoring and Adjustment as the Next Step in Moderator Research. https://doi.org/10.31234/osf.io/hjbwp","Röseler et al., 2020","https://osf.io/uac2t/","Weight of a goat (kg)","weight",1,0,0,1,1,1,3,3,50,1,1
"1211",21,2,24,36,513,75513,"Röseler, L., Schütz, A., Dolling, I. K., Friedinger, K., Hösch, Y., Hügel, J. C., … Röseler, J. J. (2020, July 24). The Stepwise Anchoring Paradigm: Measuring Reliable Components of Anchoring and Adjustment as the Next Step in Moderator Research. https://doi.org/10.31234/osf.io/hjbwp","Röseler et al., 2020","https://osf.io/uac2t/","Weight of a hyena (kg)","weight",1,0,0,1,1,1,3,3,60,0,1
"1212",21,2,47,84,513,75513,"Röseler, L., Schütz, A., Dolling, I. K., Friedinger, K., Hösch, Y., Hügel, J. C., … Röseler, J. J. (2020, July 24). The Stepwise Anchoring Paradigm: Measuring Reliable Components of Anchoring and Adjustment as the Next Step in Moderator Research. https://doi.org/10.31234/osf.io/hjbwp","Röseler et al., 2020","https://osf.io/uac2t/","Weight of a warthog (kg)","weight",1,0,0,1,1,1,3,3,60,1,1
"1213",59,1,5,8,514,75514,"Röseler, L., Schütz, A., Dolling, I. K., Friedinger, K., Hösch, Y., Hügel, J. C., … Röseler, J. J. (2020, July 24). The Stepwise Anchoring Paradigm: Measuring Reliable Components of Anchoring and Adjustment as the Next Step in Moderator Research. https://doi.org/10.31234/osf.io/hjbwp","Röseler et al., 2020","https://osf.io/uac2t/","Weight of a rabbit (kg)","weight",1,0,0,1,1,1,3,3,4.5,1,1
"1214",59,1,5,1,514,75514,"Röseler, L., Schütz, A., Dolling, I. K., Friedinger, K., Hösch, Y., Hügel, J. C., … Röseler, J. J. (2020, July 24). The Stepwise Anchoring Paradigm: Measuring Reliable Components of Anchoring and Adjustment as the Next Step in Moderator Research. https://doi.org/10.31234/osf.io/hjbwp","Röseler et al., 2020","https://osf.io/uac2t/","Weight of a cat (kg)","weight",1,0,0,1,1,1,3,3,4.25,0,1
"1215",59,1,5,14,514,75514,"Röseler, L., Schütz, A., Dolling, I. K., Friedinger, K., Hösch, Y., Hügel, J. C., … Röseler, J. J. (2020, July 24). The Stepwise Anchoring Paradigm: Measuring Reliable Components of Anchoring and Adjustment as the Next Step in Moderator Research. https://doi.org/10.31234/osf.io/hjbwp","Röseler et al., 2020","https://osf.io/uac2t/","Weight of a fox (kg)","weight",1,0,0,1,1,1,3,3,8,1,1
"1216",59,1,6,2,514,75514,"Röseler, L., Schütz, A., Dolling, I. K., Friedinger, K., Hösch, Y., Hügel, J. C., … Röseler, J. J. (2020, July 24). The Stepwise Anchoring Paradigm: Measuring Reliable Components of Anchoring and Adjustment as the Next Step in Moderator Research. https://doi.org/10.31234/osf.io/hjbwp","Röseler et al., 2020","https://osf.io/uac2t/","Weight of a racoon (kg)","weight",1,0,0,1,1,1,3,3,8,0,1
"1217",59,1,11,26,514,75514,"Röseler, L., Schütz, A., Dolling, I. K., Friedinger, K., Hösch, Y., Hügel, J. C., … Röseler, J. J. (2020, July 24). The Stepwise Anchoring Paradigm: Measuring Reliable Components of Anchoring and Adjustment as the Next Step in Moderator Research. https://doi.org/10.31234/osf.io/hjbwp","Röseler et al., 2020","https://osf.io/uac2t/","Weight of a badger (kg)","weight",1,0,0,1,1,1,3,3,15,1,1
"1218",59,1,20,4,514,75514,"Röseler, L., Schütz, A., Dolling, I. K., Friedinger, K., Hösch, Y., Hügel, J. C., … Röseler, J. J. (2020, July 24). The Stepwise Anchoring Paradigm: Measuring Reliable Components of Anchoring and Adjustment as the Next Step in Moderator Research. https://doi.org/10.31234/osf.io/hjbwp","Röseler et al., 2020","https://osf.io/uac2t/","Weight of a pelican (kg)","weight",1,0,0,1,1,1,3,3,15,0,1
"1219",59,1,5,40,514,75514,"Röseler, L., Schütz, A., Dolling, I. K., Friedinger, K., Hösch, Y., Hügel, J. C., … Röseler, J. J. (2020, July 24). The Stepwise Anchoring Paradigm: Measuring Reliable Components of Anchoring and Adjustment as the Next Step in Moderator Research. https://doi.org/10.31234/osf.io/hjbwp","Röseler et al., 2020","https://osf.io/uac2t/","Weight of a beaver (kg)","weight",1,0,0,1,1,1,3,3,25,1,1
"1220",59,1,17,10,514,75514,"Röseler, L., Schütz, A., Dolling, I. K., Friedinger, K., Hösch, Y., Hügel, J. C., … Röseler, J. J. (2020, July 24). The Stepwise Anchoring Paradigm: Measuring Reliable Components of Anchoring and Adjustment as the Next Step in Moderator Research. https://doi.org/10.31234/osf.io/hjbwp","Röseler et al., 2020","https://osf.io/uac2t/","Weight of a deer (kg)","weight",1,0,0,1,1,1,3,3,25,0,1
"1221",59,1,9,75,514,75514,"Röseler, L., Schütz, A., Dolling, I. K., Friedinger, K., Hösch, Y., Hügel, J. C., … Röseler, J. J. (2020, July 24). The Stepwise Anchoring Paradigm: Measuring Reliable Components of Anchoring and Adjustment as the Next Step in Moderator Research. https://doi.org/10.31234/osf.io/hjbwp","Röseler et al., 2020","https://osf.io/uac2t/","Weight of a wolf (kg)","weight",1,0,0,1,1,1,3,3,50,1,1
"1222",59,1,36,25,514,75514,"Röseler, L., Schütz, A., Dolling, I. K., Friedinger, K., Hösch, Y., Hügel, J. C., … Röseler, J. J. (2020, July 24). The Stepwise Anchoring Paradigm: Measuring Reliable Components of Anchoring and Adjustment as the Next Step in Moderator Research. https://doi.org/10.31234/osf.io/hjbwp","Röseler et al., 2020","https://osf.io/uac2t/","Weight of a goat (kg)","weight",1,0,0,1,1,1,3,3,50,0,1
"1223",59,1,80,84,514,75514,"Röseler, L., Schütz, A., Dolling, I. K., Friedinger, K., Hösch, Y., Hügel, J. C., … Röseler, J. J. (2020, July 24). The Stepwise Anchoring Paradigm: Measuring Reliable Components of Anchoring and Adjustment as the Next Step in Moderator Research. https://doi.org/10.31234/osf.io/hjbwp","Röseler et al., 2020","https://osf.io/uac2t/","Weight of a hyena (kg)","weight",1,0,0,1,1,1,3,3,60,1,1
"1224",59,1,46,36,514,75514,"Röseler, L., Schütz, A., Dolling, I. K., Friedinger, K., Hösch, Y., Hügel, J. C., … Röseler, J. J. (2020, July 24). The Stepwise Anchoring Paradigm: Measuring Reliable Components of Anchoring and Adjustment as the Next Step in Moderator Research. https://doi.org/10.31234/osf.io/hjbwp","Röseler et al., 2020","https://osf.io/uac2t/","Weight of a warthog (kg)","weight",1,0,0,1,1,1,3,3,60,0,1
"1225",53,2,19,8,515,75515,"Röseler, L., Schütz, A., Dolling, I. K., Friedinger, K., Hösch, Y., Hügel, J. C., … Röseler, J. J. (2020, July 24). The Stepwise Anchoring Paradigm: Measuring Reliable Components of Anchoring and Adjustment as the Next Step in Moderator Research. https://doi.org/10.31234/osf.io/hjbwp","Röseler et al., 2020","https://osf.io/uac2t/","Weight of a rabbit (kg)","weight",1,0,0,1,1,1,3,3,4.5,1,1
"1226",53,2,5,1,515,75515,"Röseler, L., Schütz, A., Dolling, I. K., Friedinger, K., Hösch, Y., Hügel, J. C., … Röseler, J. J. (2020, July 24). The Stepwise Anchoring Paradigm: Measuring Reliable Components of Anchoring and Adjustment as the Next Step in Moderator Research. https://doi.org/10.31234/osf.io/hjbwp","Röseler et al., 2020","https://osf.io/uac2t/","Weight of a cat (kg)","weight",1,0,0,1,1,1,3,3,4.25,0,1
"1227",53,2,20,14,515,75515,"Röseler, L., Schütz, A., Dolling, I. K., Friedinger, K., Hösch, Y., Hügel, J. C., … Röseler, J. J. (2020, July 24). The Stepwise Anchoring Paradigm: Measuring Reliable Components of Anchoring and Adjustment as the Next Step in Moderator Research. https://doi.org/10.31234/osf.io/hjbwp","Röseler et al., 2020","https://osf.io/uac2t/","Weight of a fox (kg)","weight",1,0,0,1,1,1,3,3,8,1,1
"1228",53,2,9,2,515,75515,"Röseler, L., Schütz, A., Dolling, I. K., Friedinger, K., Hösch, Y., Hügel, J. C., … Röseler, J. J. (2020, July 24). The Stepwise Anchoring Paradigm: Measuring Reliable Components of Anchoring and Adjustment as the Next Step in Moderator Research. https://doi.org/10.31234/osf.io/hjbwp","Röseler et al., 2020","https://osf.io/uac2t/","Weight of a racoon (kg)","weight",1,0,0,1,1,1,3,3,8,0,1
"1229",53,2,23,26,515,75515,"Röseler, L., Schütz, A., Dolling, I. K., Friedinger, K., Hösch, Y., Hügel, J. C., … Röseler, J. J. (2020, July 24). The Stepwise Anchoring Paradigm: Measuring Reliable Components of Anchoring and Adjustment as the Next Step in Moderator Research. https://doi.org/10.31234/osf.io/hjbwp","Röseler et al., 2020","https://osf.io/uac2t/","Weight of a badger (kg)","weight",1,0,0,1,1,1,3,3,15,1,1
"1230",53,2,6,4,515,75515,"Röseler, L., Schütz, A., Dolling, I. K., Friedinger, K., Hösch, Y., Hügel, J. C., … Röseler, J. J. (2020, July 24). The Stepwise Anchoring Paradigm: Measuring Reliable Components of Anchoring and Adjustment as the Next Step in Moderator Research. https://doi.org/10.31234/osf.io/hjbwp","Röseler et al., 2020","https://osf.io/uac2t/","Weight of a pelican (kg)","weight",1,0,0,1,1,1,3,3,15,0,1
"1231",53,2,5,40,515,75515,"Röseler, L., Schütz, A., Dolling, I. K., Friedinger, K., Hösch, Y., Hügel, J. C., … Röseler, J. J. (2020, July 24). The Stepwise Anchoring Paradigm: Measuring Reliable Components of Anchoring and Adjustment as the Next Step in Moderator Research. https://doi.org/10.31234/osf.io/hjbwp","Röseler et al., 2020","https://osf.io/uac2t/","Weight of a beaver (kg)","weight",1,0,0,1,1,1,3,3,25,1,1
"1232",53,2,23,10,515,75515,"Röseler, L., Schütz, A., Dolling, I. K., Friedinger, K., Hösch, Y., Hügel, J. C., … Röseler, J. J. (2020, July 24). The Stepwise Anchoring Paradigm: Measuring Reliable Components of Anchoring and Adjustment as the Next Step in Moderator Research. https://doi.org/10.31234/osf.io/hjbwp","Röseler et al., 2020","https://osf.io/uac2t/","Weight of a deer (kg)","weight",1,0,0,1,1,1,3,3,25,0,1
"1233",53,2,50,75,515,75515,"Röseler, L., Schütz, A., Dolling, I. K., Friedinger, K., Hösch, Y., Hügel, J. C., … Röseler, J. J. (2020, July 24). The Stepwise Anchoring Paradigm: Measuring Reliable Components of Anchoring and Adjustment as the Next Step in Moderator Research. https://doi.org/10.31234/osf.io/hjbwp","Röseler et al., 2020","https://osf.io/uac2t/","Weight of a wolf (kg)","weight",1,0,0,1,1,1,3,3,50,1,1
"1234",53,2,30,25,515,75515,"Röseler, L., Schütz, A., Dolling, I. K., Friedinger, K., Hösch, Y., Hügel, J. C., … Röseler, J. J. (2020, July 24). The Stepwise Anchoring Paradigm: Measuring Reliable Components of Anchoring and Adjustment as the Next Step in Moderator Research. https://doi.org/10.31234/osf.io/hjbwp","Röseler et al., 2020","https://osf.io/uac2t/","Weight of a goat (kg)","weight",1,0,0,1,1,1,3,3,50,0,1
"1235",53,2,50,84,515,75515,"Röseler, L., Schütz, A., Dolling, I. K., Friedinger, K., Hösch, Y., Hügel, J. C., … Röseler, J. J. (2020, July 24). The Stepwise Anchoring Paradigm: Measuring Reliable Components of Anchoring and Adjustment as the Next Step in Moderator Research. https://doi.org/10.31234/osf.io/hjbwp","Röseler et al., 2020","https://osf.io/uac2t/","Weight of a hyena (kg)","weight",1,0,0,1,1,1,3,3,60,1,1
"1236",53,2,39,36,515,75515,"Röseler, L., Schütz, A., Dolling, I. K., Friedinger, K., Hösch, Y., Hügel, J. C., … Röseler, J. J. (2020, July 24). The Stepwise Anchoring Paradigm: Measuring Reliable Components of Anchoring and Adjustment as the Next Step in Moderator Research. https://doi.org/10.31234/osf.io/hjbwp","Röseler et al., 2020","https://osf.io/uac2t/","Weight of a warthog (kg)","weight",1,0,0,1,1,1,3,3,60,0,1
"1237",30,2,6,1,516,75516,"Röseler, L., Schütz, A., Dolling, I. K., Friedinger, K., Hösch, Y., Hügel, J. C., … Röseler, J. J. (2020, July 24). The Stepwise Anchoring Paradigm: Measuring Reliable Components of Anchoring and Adjustment as the Next Step in Moderator Research. https://doi.org/10.31234/osf.io/hjbwp","Röseler et al., 2020","https://osf.io/uac2t/","Weight of a rabbit (kg)","weight",1,0,0,1,1,1,3,3,4.5,0,1
"1238",30,2,12,8,516,75516,"Röseler, L., Schütz, A., Dolling, I. K., Friedinger, K., Hösch, Y., Hügel, J. C., … Röseler, J. J. (2020, July 24). The Stepwise Anchoring Paradigm: Measuring Reliable Components of Anchoring and Adjustment as the Next Step in Moderator Research. https://doi.org/10.31234/osf.io/hjbwp","Röseler et al., 2020","https://osf.io/uac2t/","Weight of a cat (kg)","weight",1,0,0,1,1,1,3,3,4.25,1,1
"1239",30,2,10,2,516,75516,"Röseler, L., Schütz, A., Dolling, I. K., Friedinger, K., Hösch, Y., Hügel, J. C., … Röseler, J. J. (2020, July 24). The Stepwise Anchoring Paradigm: Measuring Reliable Components of Anchoring and Adjustment as the Next Step in Moderator Research. https://doi.org/10.31234/osf.io/hjbwp","Röseler et al., 2020","https://osf.io/uac2t/","Weight of a fox (kg)","weight",1,0,0,1,1,1,3,3,8,0,1
"1240",30,2,20,14,516,75516,"Röseler, L., Schütz, A., Dolling, I. K., Friedinger, K., Hösch, Y., Hügel, J. C., … Röseler, J. J. (2020, July 24). The Stepwise Anchoring Paradigm: Measuring Reliable Components of Anchoring and Adjustment as the Next Step in Moderator Research. https://doi.org/10.31234/osf.io/hjbwp","Röseler et al., 2020","https://osf.io/uac2t/","Weight of a racoon (kg)","weight",1,0,0,1,1,1,3,3,8,1,1
"1241",30,2,7,4,516,75516,"Röseler, L., Schütz, A., Dolling, I. K., Friedinger, K., Hösch, Y., Hügel, J. C., … Röseler, J. J. (2020, July 24). The Stepwise Anchoring Paradigm: Measuring Reliable Components of Anchoring and Adjustment as the Next Step in Moderator Research. https://doi.org/10.31234/osf.io/hjbwp","Röseler et al., 2020","https://osf.io/uac2t/","Weight of a badger (kg)","weight",1,0,0,1,1,1,3,3,15,0,1
"1242",30,2,12,26,516,75516,"Röseler, L., Schütz, A., Dolling, I. K., Friedinger, K., Hösch, Y., Hügel, J. C., … Röseler, J. J. (2020, July 24). The Stepwise Anchoring Paradigm: Measuring Reliable Components of Anchoring and Adjustment as the Next Step in Moderator Research. https://doi.org/10.31234/osf.io/hjbwp","Röseler et al., 2020","https://osf.io/uac2t/","Weight of a pelican (kg)","weight",1,0,0,1,1,1,3,3,15,1,1
"1243",30,2,21,10,516,75516,"Röseler, L., Schütz, A., Dolling, I. K., Friedinger, K., Hösch, Y., Hügel, J. C., … Röseler, J. J. (2020, July 24). The Stepwise Anchoring Paradigm: Measuring Reliable Components of Anchoring and Adjustment as the Next Step in Moderator Research. https://doi.org/10.31234/osf.io/hjbwp","Röseler et al., 2020","https://osf.io/uac2t/","Weight of a beaver (kg)","weight",1,0,0,1,1,1,3,3,25,0,1
"1244",30,2,28,40,516,75516,"Röseler, L., Schütz, A., Dolling, I. K., Friedinger, K., Hösch, Y., Hügel, J. C., … Röseler, J. J. (2020, July 24). The Stepwise Anchoring Paradigm: Measuring Reliable Components of Anchoring and Adjustment as the Next Step in Moderator Research. https://doi.org/10.31234/osf.io/hjbwp","Röseler et al., 2020","https://osf.io/uac2t/","Weight of a deer (kg)","weight",1,0,0,1,1,1,3,3,25,1,1
"1245",30,2,45,25,516,75516,"Röseler, L., Schütz, A., Dolling, I. K., Friedinger, K., Hösch, Y., Hügel, J. C., … Röseler, J. J. (2020, July 24). The Stepwise Anchoring Paradigm: Measuring Reliable Components of Anchoring and Adjustment as the Next Step in Moderator Research. https://doi.org/10.31234/osf.io/hjbwp","Röseler et al., 2020","https://osf.io/uac2t/","Weight of a wolf (kg)","weight",1,0,0,1,1,1,3,3,50,0,1
"1246",30,2,32,75,516,75516,"Röseler, L., Schütz, A., Dolling, I. K., Friedinger, K., Hösch, Y., Hügel, J. C., … Röseler, J. J. (2020, July 24). The Stepwise Anchoring Paradigm: Measuring Reliable Components of Anchoring and Adjustment as the Next Step in Moderator Research. https://doi.org/10.31234/osf.io/hjbwp","Röseler et al., 2020","https://osf.io/uac2t/","Weight of a goat (kg)","weight",1,0,0,1,1,1,3,3,50,1,1
"1247",30,2,40,36,516,75516,"Röseler, L., Schütz, A., Dolling, I. K., Friedinger, K., Hösch, Y., Hügel, J. C., … Röseler, J. J. (2020, July 24). The Stepwise Anchoring Paradigm: Measuring Reliable Components of Anchoring and Adjustment as the Next Step in Moderator Research. https://doi.org/10.31234/osf.io/hjbwp","Röseler et al., 2020","https://osf.io/uac2t/","Weight of a hyena (kg)","weight",1,0,0,1,1,1,3,3,60,0,1
"1248",30,2,54,84,516,75516,"Röseler, L., Schütz, A., Dolling, I. K., Friedinger, K., Hösch, Y., Hügel, J. C., … Röseler, J. J. (2020, July 24). The Stepwise Anchoring Paradigm: Measuring Reliable Components of Anchoring and Adjustment as the Next Step in Moderator Research. https://doi.org/10.31234/osf.io/hjbwp","Röseler et al., 2020","https://osf.io/uac2t/","Weight of a warthog (kg)","weight",1,0,0,1,1,1,3,3,60,1,1
"1249",23,2,10,8,518,75518,"Röseler, L., Schütz, A., Dolling, I. K., Friedinger, K., Hösch, Y., Hügel, J. C., … Röseler, J. J. (2020, July 24). The Stepwise Anchoring Paradigm: Measuring Reliable Components of Anchoring and Adjustment as the Next Step in Moderator Research. https://doi.org/10.31234/osf.io/hjbwp","Röseler et al., 2020","https://osf.io/uac2t/","Weight of a rabbit (kg)","weight",1,0,0,1,1,1,3,3,4.5,1,1
"1250",23,2,5,1,518,75518,"Röseler, L., Schütz, A., Dolling, I. K., Friedinger, K., Hösch, Y., Hügel, J. C., … Röseler, J. J. (2020, July 24). The Stepwise Anchoring Paradigm: Measuring Reliable Components of Anchoring and Adjustment as the Next Step in Moderator Research. https://doi.org/10.31234/osf.io/hjbwp","Röseler et al., 2020","https://osf.io/uac2t/","Weight of a cat (kg)","weight",1,0,0,1,1,1,3,3,4.25,0,1
"1251",23,2,11,14,518,75518,"Röseler, L., Schütz, A., Dolling, I. K., Friedinger, K., Hösch, Y., Hügel, J. C., … Röseler, J. J. (2020, July 24). The Stepwise Anchoring Paradigm: Measuring Reliable Components of Anchoring and Adjustment as the Next Step in Moderator Research. https://doi.org/10.31234/osf.io/hjbwp","Röseler et al., 2020","https://osf.io/uac2t/","Weight of a fox (kg)","weight",1,0,0,1,1,1,3,3,8,1,1
"1252",23,2,12,2,518,75518,"Röseler, L., Schütz, A., Dolling, I. K., Friedinger, K., Hösch, Y., Hügel, J. C., … Röseler, J. J. (2020, July 24). The Stepwise Anchoring Paradigm: Measuring Reliable Components of Anchoring and Adjustment as the Next Step in Moderator Research. https://doi.org/10.31234/osf.io/hjbwp","Röseler et al., 2020","https://osf.io/uac2t/","Weight of a racoon (kg)","weight",1,0,0,1,1,1,3,3,8,0,1
"1253",23,2,22,26,518,75518,"Röseler, L., Schütz, A., Dolling, I. K., Friedinger, K., Hösch, Y., Hügel, J. C., … Röseler, J. J. (2020, July 24). The Stepwise Anchoring Paradigm: Measuring Reliable Components of Anchoring and Adjustment as the Next Step in Moderator Research. https://doi.org/10.31234/osf.io/hjbwp","Röseler et al., 2020","https://osf.io/uac2t/","Weight of a badger (kg)","weight",1,0,0,1,1,1,3,3,15,1,1
"1254",23,2,11,4,518,75518,"Röseler, L., Schütz, A., Dolling, I. K., Friedinger, K., Hösch, Y., Hügel, J. C., … Röseler, J. J. (2020, July 24). The Stepwise Anchoring Paradigm: Measuring Reliable Components of Anchoring and Adjustment as the Next Step in Moderator Research. https://doi.org/10.31234/osf.io/hjbwp","Röseler et al., 2020","https://osf.io/uac2t/","Weight of a pelican (kg)","weight",1,0,0,1,1,1,3,3,15,0,1
"1255",23,2,31,40,518,75518,"Röseler, L., Schütz, A., Dolling, I. K., Friedinger, K., Hösch, Y., Hügel, J. C., … Röseler, J. J. (2020, July 24). The Stepwise Anchoring Paradigm: Measuring Reliable Components of Anchoring and Adjustment as the Next Step in Moderator Research. https://doi.org/10.31234/osf.io/hjbwp","Röseler et al., 2020","https://osf.io/uac2t/","Weight of a beaver (kg)","weight",1,0,0,1,1,1,3,3,25,1,1
"1256",23,2,41,10,518,75518,"Röseler, L., Schütz, A., Dolling, I. K., Friedinger, K., Hösch, Y., Hügel, J. C., … Röseler, J. J. (2020, July 24). The Stepwise Anchoring Paradigm: Measuring Reliable Components of Anchoring and Adjustment as the Next Step in Moderator Research. https://doi.org/10.31234/osf.io/hjbwp","Röseler et al., 2020","https://osf.io/uac2t/","Weight of a deer (kg)","weight",1,0,0,1,1,1,3,3,25,0,1
"1257",23,2,47,75,518,75518,"Röseler, L., Schütz, A., Dolling, I. K., Friedinger, K., Hösch, Y., Hügel, J. C., … Röseler, J. J. (2020, July 24). The Stepwise Anchoring Paradigm: Measuring Reliable Components of Anchoring and Adjustment as the Next Step in Moderator Research. https://doi.org/10.31234/osf.io/hjbwp","Röseler et al., 2020","https://osf.io/uac2t/","Weight of a wolf (kg)","weight",1,0,0,1,1,1,3,3,50,1,1
"1258",23,2,27,25,518,75518,"Röseler, L., Schütz, A., Dolling, I. K., Friedinger, K., Hösch, Y., Hügel, J. C., … Röseler, J. J. (2020, July 24). The Stepwise Anchoring Paradigm: Measuring Reliable Components of Anchoring and Adjustment as the Next Step in Moderator Research. https://doi.org/10.31234/osf.io/hjbwp","Röseler et al., 2020","https://osf.io/uac2t/","Weight of a goat (kg)","weight",1,0,0,1,1,1,3,3,50,0,1
"1259",23,2,23,84,518,75518,"Röseler, L., Schütz, A., Dolling, I. K., Friedinger, K., Hösch, Y., Hügel, J. C., … Röseler, J. J. (2020, July 24). The Stepwise Anchoring Paradigm: Measuring Reliable Components of Anchoring and Adjustment as the Next Step in Moderator Research. https://doi.org/10.31234/osf.io/hjbwp","Röseler et al., 2020","https://osf.io/uac2t/","Weight of a hyena (kg)","weight",1,0,0,1,1,1,3,3,60,1,1
"1260",23,2,91,36,518,75518,"Röseler, L., Schütz, A., Dolling, I. K., Friedinger, K., Hösch, Y., Hügel, J. C., … Röseler, J. J. (2020, July 24). The Stepwise Anchoring Paradigm: Measuring Reliable Components of Anchoring and Adjustment as the Next Step in Moderator Research. https://doi.org/10.31234/osf.io/hjbwp","Röseler et al., 2020","https://osf.io/uac2t/","Weight of a warthog (kg)","weight",1,0,0,1,1,1,3,3,60,0,1
"1261",27,1,NA,1,519,75519,"Röseler, L., Schütz, A., Dolling, I. K., Friedinger, K., Hösch, Y., Hügel, J. C., … Röseler, J. J. (2020, July 24). The Stepwise Anchoring Paradigm: Measuring Reliable Components of Anchoring and Adjustment as the Next Step in Moderator Research. https://doi.org/10.31234/osf.io/hjbwp","Röseler et al., 2020","https://osf.io/uac2t/","Weight of a rabbit (kg)","weight",1,0,0,1,1,1,3,3,4.5,0,1
"1262",27,1,5,8,519,75519,"Röseler, L., Schütz, A., Dolling, I. K., Friedinger, K., Hösch, Y., Hügel, J. C., … Röseler, J. J. (2020, July 24). The Stepwise Anchoring Paradigm: Measuring Reliable Components of Anchoring and Adjustment as the Next Step in Moderator Research. https://doi.org/10.31234/osf.io/hjbwp","Röseler et al., 2020","https://osf.io/uac2t/","Weight of a cat (kg)","weight",1,0,0,1,1,1,3,3,4.25,1,1
"1263",27,1,10,2,519,75519,"Röseler, L., Schütz, A., Dolling, I. K., Friedinger, K., Hösch, Y., Hügel, J. C., … Röseler, J. J. (2020, July 24). The Stepwise Anchoring Paradigm: Measuring Reliable Components of Anchoring and Adjustment as the Next Step in Moderator Research. https://doi.org/10.31234/osf.io/hjbwp","Röseler et al., 2020","https://osf.io/uac2t/","Weight of a fox (kg)","weight",1,0,0,1,1,1,3,3,8,0,1
"1264",27,1,19,14,519,75519,"Röseler, L., Schütz, A., Dolling, I. K., Friedinger, K., Hösch, Y., Hügel, J. C., … Röseler, J. J. (2020, July 24). The Stepwise Anchoring Paradigm: Measuring Reliable Components of Anchoring and Adjustment as the Next Step in Moderator Research. https://doi.org/10.31234/osf.io/hjbwp","Röseler et al., 2020","https://osf.io/uac2t/","Weight of a racoon (kg)","weight",1,0,0,1,1,1,3,3,8,1,1
"1265",27,1,27,4,519,75519,"Röseler, L., Schütz, A., Dolling, I. K., Friedinger, K., Hösch, Y., Hügel, J. C., … Röseler, J. J. (2020, July 24). The Stepwise Anchoring Paradigm: Measuring Reliable Components of Anchoring and Adjustment as the Next Step in Moderator Research. https://doi.org/10.31234/osf.io/hjbwp","Röseler et al., 2020","https://osf.io/uac2t/","Weight of a badger (kg)","weight",1,0,0,1,1,1,3,3,15,0,1
"1266",27,1,11,26,519,75519,"Röseler, L., Schütz, A., Dolling, I. K., Friedinger, K., Hösch, Y., Hügel, J. C., … Röseler, J. J. (2020, July 24). The Stepwise Anchoring Paradigm: Measuring Reliable Components of Anchoring and Adjustment as the Next Step in Moderator Research. https://doi.org/10.31234/osf.io/hjbwp","Röseler et al., 2020","https://osf.io/uac2t/","Weight of a pelican (kg)","weight",1,0,0,1,1,1,3,3,15,1,1
"1267",27,1,17,10,519,75519,"Röseler, L., Schütz, A., Dolling, I. K., Friedinger, K., Hösch, Y., Hügel, J. C., … Röseler, J. J. (2020, July 24). The Stepwise Anchoring Paradigm: Measuring Reliable Components of Anchoring and Adjustment as the Next Step in Moderator Research. https://doi.org/10.31234/osf.io/hjbwp","Röseler et al., 2020","https://osf.io/uac2t/","Weight of a beaver (kg)","weight",1,0,0,1,1,1,3,3,25,0,1
"1268",27,1,29,40,519,75519,"Röseler, L., Schütz, A., Dolling, I. K., Friedinger, K., Hösch, Y., Hügel, J. C., … Röseler, J. J. (2020, July 24). The Stepwise Anchoring Paradigm: Measuring Reliable Components of Anchoring and Adjustment as the Next Step in Moderator Research. https://doi.org/10.31234/osf.io/hjbwp","Röseler et al., 2020","https://osf.io/uac2t/","Weight of a deer (kg)","weight",1,0,0,1,1,1,3,3,25,1,1
"1269",27,1,41,25,519,75519,"Röseler, L., Schütz, A., Dolling, I. K., Friedinger, K., Hösch, Y., Hügel, J. C., … Röseler, J. J. (2020, July 24). The Stepwise Anchoring Paradigm: Measuring Reliable Components of Anchoring and Adjustment as the Next Step in Moderator Research. https://doi.org/10.31234/osf.io/hjbwp","Röseler et al., 2020","https://osf.io/uac2t/","Weight of a wolf (kg)","weight",1,0,0,1,1,1,3,3,50,0,1
"1270",27,1,22,75,519,75519,"Röseler, L., Schütz, A., Dolling, I. K., Friedinger, K., Hösch, Y., Hügel, J. C., … Röseler, J. J. (2020, July 24). The Stepwise Anchoring Paradigm: Measuring Reliable Components of Anchoring and Adjustment as the Next Step in Moderator Research. https://doi.org/10.31234/osf.io/hjbwp","Röseler et al., 2020","https://osf.io/uac2t/","Weight of a goat (kg)","weight",1,0,0,1,1,1,3,3,50,1,1
"1271",27,1,79,36,519,75519,"Röseler, L., Schütz, A., Dolling, I. K., Friedinger, K., Hösch, Y., Hügel, J. C., … Röseler, J. J. (2020, July 24). The Stepwise Anchoring Paradigm: Measuring Reliable Components of Anchoring and Adjustment as the Next Step in Moderator Research. https://doi.org/10.31234/osf.io/hjbwp","Röseler et al., 2020","https://osf.io/uac2t/","Weight of a hyena (kg)","weight",1,0,0,1,1,1,3,3,60,0,1
"1272",27,1,50,84,519,75519,"Röseler, L., Schütz, A., Dolling, I. K., Friedinger, K., Hösch, Y., Hügel, J. C., … Röseler, J. J. (2020, July 24). The Stepwise Anchoring Paradigm: Measuring Reliable Components of Anchoring and Adjustment as the Next Step in Moderator Research. https://doi.org/10.31234/osf.io/hjbwp","Röseler et al., 2020","https://osf.io/uac2t/","Weight of a warthog (kg)","weight",1,0,0,1,1,1,3,3,60,1,1
"1273",23,2,16,1,520,75520,"Röseler, L., Schütz, A., Dolling, I. K., Friedinger, K., Hösch, Y., Hügel, J. C., … Röseler, J. J. (2020, July 24). The Stepwise Anchoring Paradigm: Measuring Reliable Components of Anchoring and Adjustment as the Next Step in Moderator Research. https://doi.org/10.31234/osf.io/hjbwp","Röseler et al., 2020","https://osf.io/uac2t/","Weight of a rabbit (kg)","weight",1,0,0,1,1,1,3,3,4.5,0,1
"1274",23,2,7,8,520,75520,"Röseler, L., Schütz, A., Dolling, I. K., Friedinger, K., Hösch, Y., Hügel, J. C., … Röseler, J. J. (2020, July 24). The Stepwise Anchoring Paradigm: Measuring Reliable Components of Anchoring and Adjustment as the Next Step in Moderator Research. https://doi.org/10.31234/osf.io/hjbwp","Röseler et al., 2020","https://osf.io/uac2t/","Weight of a cat (kg)","weight",1,0,0,1,1,1,3,3,4.25,1,1
"1275",23,2,34,2,520,75520,"Röseler, L., Schütz, A., Dolling, I. K., Friedinger, K., Hösch, Y., Hügel, J. C., … Röseler, J. J. (2020, July 24). The Stepwise Anchoring Paradigm: Measuring Reliable Components of Anchoring and Adjustment as the Next Step in Moderator Research. https://doi.org/10.31234/osf.io/hjbwp","Röseler et al., 2020","https://osf.io/uac2t/","Weight of a fox (kg)","weight",1,0,0,1,1,1,3,3,8,0,1
"1276",23,2,10,14,520,75520,"Röseler, L., Schütz, A., Dolling, I. K., Friedinger, K., Hösch, Y., Hügel, J. C., … Röseler, J. J. (2020, July 24). The Stepwise Anchoring Paradigm: Measuring Reliable Components of Anchoring and Adjustment as the Next Step in Moderator Research. https://doi.org/10.31234/osf.io/hjbwp","Röseler et al., 2020","https://osf.io/uac2t/","Weight of a racoon (kg)","weight",1,0,0,1,1,1,3,3,8,1,1
"1277",23,2,8,4,520,75520,"Röseler, L., Schütz, A., Dolling, I. K., Friedinger, K., Hösch, Y., Hügel, J. C., … Röseler, J. J. (2020, July 24). The Stepwise Anchoring Paradigm: Measuring Reliable Components of Anchoring and Adjustment as the Next Step in Moderator Research. https://doi.org/10.31234/osf.io/hjbwp","Röseler et al., 2020","https://osf.io/uac2t/","Weight of a badger (kg)","weight",1,0,0,1,1,1,3,3,15,0,1
"1278",23,2,11,26,520,75520,"Röseler, L., Schütz, A., Dolling, I. K., Friedinger, K., Hösch, Y., Hügel, J. C., … Röseler, J. J. (2020, July 24). The Stepwise Anchoring Paradigm: Measuring Reliable Components of Anchoring and Adjustment as the Next Step in Moderator Research. https://doi.org/10.31234/osf.io/hjbwp","Röseler et al., 2020","https://osf.io/uac2t/","Weight of a pelican (kg)","weight",1,0,0,1,1,1,3,3,15,1,1
"1279",23,2,25,10,520,75520,"Röseler, L., Schütz, A., Dolling, I. K., Friedinger, K., Hösch, Y., Hügel, J. C., … Röseler, J. J. (2020, July 24). The Stepwise Anchoring Paradigm: Measuring Reliable Components of Anchoring and Adjustment as the Next Step in Moderator Research. https://doi.org/10.31234/osf.io/hjbwp","Röseler et al., 2020","https://osf.io/uac2t/","Weight of a beaver (kg)","weight",1,0,0,1,1,1,3,3,25,0,1
"1280",23,2,8,40,520,75520,"Röseler, L., Schütz, A., Dolling, I. K., Friedinger, K., Hösch, Y., Hügel, J. C., … Röseler, J. J. (2020, July 24). The Stepwise Anchoring Paradigm: Measuring Reliable Components of Anchoring and Adjustment as the Next Step in Moderator Research. https://doi.org/10.31234/osf.io/hjbwp","Röseler et al., 2020","https://osf.io/uac2t/","Weight of a deer (kg)","weight",1,0,0,1,1,1,3,3,25,1,1
"1281",23,2,80,25,520,75520,"Röseler, L., Schütz, A., Dolling, I. K., Friedinger, K., Hösch, Y., Hügel, J. C., … Röseler, J. J. (2020, July 24). The Stepwise Anchoring Paradigm: Measuring Reliable Components of Anchoring and Adjustment as the Next Step in Moderator Research. https://doi.org/10.31234/osf.io/hjbwp","Röseler et al., 2020","https://osf.io/uac2t/","Weight of a wolf (kg)","weight",1,0,0,1,1,1,3,3,50,0,1
"1282",23,2,27,75,520,75520,"Röseler, L., Schütz, A., Dolling, I. K., Friedinger, K., Hösch, Y., Hügel, J. C., … Röseler, J. J. (2020, July 24). The Stepwise Anchoring Paradigm: Measuring Reliable Components of Anchoring and Adjustment as the Next Step in Moderator Research. https://doi.org/10.31234/osf.io/hjbwp","Röseler et al., 2020","https://osf.io/uac2t/","Weight of a goat (kg)","weight",1,0,0,1,1,1,3,3,50,1,1
"1283",23,2,40,36,520,75520,"Röseler, L., Schütz, A., Dolling, I. K., Friedinger, K., Hösch, Y., Hügel, J. C., … Röseler, J. J. (2020, July 24). The Stepwise Anchoring Paradigm: Measuring Reliable Components of Anchoring and Adjustment as the Next Step in Moderator Research. https://doi.org/10.31234/osf.io/hjbwp","Röseler et al., 2020","https://osf.io/uac2t/","Weight of a hyena (kg)","weight",1,0,0,1,1,1,3,3,60,0,1
"1284",23,2,21,84,520,75520,"Röseler, L., Schütz, A., Dolling, I. K., Friedinger, K., Hösch, Y., Hügel, J. C., … Röseler, J. J. (2020, July 24). The Stepwise Anchoring Paradigm: Measuring Reliable Components of Anchoring and Adjustment as the Next Step in Moderator Research. https://doi.org/10.31234/osf.io/hjbwp","Röseler et al., 2020","https://osf.io/uac2t/","Weight of a warthog (kg)","weight",1,0,0,1,1,1,3,3,60,1,1
"1285",65,1,6,8,523,75523,"Röseler, L., Schütz, A., Dolling, I. K., Friedinger, K., Hösch, Y., Hügel, J. C., … Röseler, J. J. (2020, July 24). The Stepwise Anchoring Paradigm: Measuring Reliable Components of Anchoring and Adjustment as the Next Step in Moderator Research. https://doi.org/10.31234/osf.io/hjbwp","Röseler et al., 2020","https://osf.io/uac2t/","Weight of a rabbit (kg)","weight",1,0,0,1,1,1,3,3,4.5,1,1
"1286",65,1,4,1,523,75523,"Röseler, L., Schütz, A., Dolling, I. K., Friedinger, K., Hösch, Y., Hügel, J. C., … Röseler, J. J. (2020, July 24). The Stepwise Anchoring Paradigm: Measuring Reliable Components of Anchoring and Adjustment as the Next Step in Moderator Research. https://doi.org/10.31234/osf.io/hjbwp","Röseler et al., 2020","https://osf.io/uac2t/","Weight of a cat (kg)","weight",1,0,0,1,1,1,3,3,4.25,0,1
"1287",65,1,11,14,523,75523,"Röseler, L., Schütz, A., Dolling, I. K., Friedinger, K., Hösch, Y., Hügel, J. C., … Röseler, J. J. (2020, July 24). The Stepwise Anchoring Paradigm: Measuring Reliable Components of Anchoring and Adjustment as the Next Step in Moderator Research. https://doi.org/10.31234/osf.io/hjbwp","Röseler et al., 2020","https://osf.io/uac2t/","Weight of a fox (kg)","weight",1,0,0,1,1,1,3,3,8,1,1
"1288",65,1,18,2,523,75523,"Röseler, L., Schütz, A., Dolling, I. K., Friedinger, K., Hösch, Y., Hügel, J. C., … Röseler, J. J. (2020, July 24). The Stepwise Anchoring Paradigm: Measuring Reliable Components of Anchoring and Adjustment as the Next Step in Moderator Research. https://doi.org/10.31234/osf.io/hjbwp","Röseler et al., 2020","https://osf.io/uac2t/","Weight of a racoon (kg)","weight",1,0,0,1,1,1,3,3,8,0,1
"1289",65,1,13,26,523,75523,"Röseler, L., Schütz, A., Dolling, I. K., Friedinger, K., Hösch, Y., Hügel, J. C., … Röseler, J. J. (2020, July 24). The Stepwise Anchoring Paradigm: Measuring Reliable Components of Anchoring and Adjustment as the Next Step in Moderator Research. https://doi.org/10.31234/osf.io/hjbwp","Röseler et al., 2020","https://osf.io/uac2t/","Weight of a badger (kg)","weight",1,0,0,1,1,1,3,3,15,1,1
"1290",65,1,11,4,523,75523,"Röseler, L., Schütz, A., Dolling, I. K., Friedinger, K., Hösch, Y., Hügel, J. C., … Röseler, J. J. (2020, July 24). The Stepwise Anchoring Paradigm: Measuring Reliable Components of Anchoring and Adjustment as the Next Step in Moderator Research. https://doi.org/10.31234/osf.io/hjbwp","Röseler et al., 2020","https://osf.io/uac2t/","Weight of a pelican (kg)","weight",1,0,0,1,1,1,3,3,15,0,1
"1291",65,1,24,40,523,75523,"Röseler, L., Schütz, A., Dolling, I. K., Friedinger, K., Hösch, Y., Hügel, J. C., … Röseler, J. J. (2020, July 24). The Stepwise Anchoring Paradigm: Measuring Reliable Components of Anchoring and Adjustment as the Next Step in Moderator Research. https://doi.org/10.31234/osf.io/hjbwp","Röseler et al., 2020","https://osf.io/uac2t/","Weight of a beaver (kg)","weight",1,0,0,1,1,1,3,3,25,1,1
"1292",65,1,37,10,523,75523,"Röseler, L., Schütz, A., Dolling, I. K., Friedinger, K., Hösch, Y., Hügel, J. C., … Röseler, J. J. (2020, July 24). The Stepwise Anchoring Paradigm: Measuring Reliable Components of Anchoring and Adjustment as the Next Step in Moderator Research. https://doi.org/10.31234/osf.io/hjbwp","Röseler et al., 2020","https://osf.io/uac2t/","Weight of a deer (kg)","weight",1,0,0,1,1,1,3,3,25,0,1
"1293",65,1,62,75,523,75523,"Röseler, L., Schütz, A., Dolling, I. K., Friedinger, K., Hösch, Y., Hügel, J. C., … Röseler, J. J. (2020, July 24). The Stepwise Anchoring Paradigm: Measuring Reliable Components of Anchoring and Adjustment as the Next Step in Moderator Research. https://doi.org/10.31234/osf.io/hjbwp","Röseler et al., 2020","https://osf.io/uac2t/","Weight of a wolf (kg)","weight",1,0,0,1,1,1,3,3,50,1,1
"1294",65,1,66,25,523,75523,"Röseler, L., Schütz, A., Dolling, I. K., Friedinger, K., Hösch, Y., Hügel, J. C., … Röseler, J. J. (2020, July 24). The Stepwise Anchoring Paradigm: Measuring Reliable Components of Anchoring and Adjustment as the Next Step in Moderator Research. https://doi.org/10.31234/osf.io/hjbwp","Röseler et al., 2020","https://osf.io/uac2t/","Weight of a goat (kg)","weight",1,0,0,1,1,1,3,3,50,0,1
"1295",65,1,52,84,523,75523,"Röseler, L., Schütz, A., Dolling, I. K., Friedinger, K., Hösch, Y., Hügel, J. C., … Röseler, J. J. (2020, July 24). The Stepwise Anchoring Paradigm: Measuring Reliable Components of Anchoring and Adjustment as the Next Step in Moderator Research. https://doi.org/10.31234/osf.io/hjbwp","Röseler et al., 2020","https://osf.io/uac2t/","Weight of a hyena (kg)","weight",1,0,0,1,1,1,3,3,60,1,1
"1296",65,1,50,36,523,75523,"Röseler, L., Schütz, A., Dolling, I. K., Friedinger, K., Hösch, Y., Hügel, J. C., … Röseler, J. J. (2020, July 24). The Stepwise Anchoring Paradigm: Measuring Reliable Components of Anchoring and Adjustment as the Next Step in Moderator Research. https://doi.org/10.31234/osf.io/hjbwp","Röseler et al., 2020","https://osf.io/uac2t/","Weight of a warthog (kg)","weight",1,0,0,1,1,1,3,3,60,0,1
"1297",22,2,6,1,524,75524,"Röseler, L., Schütz, A., Dolling, I. K., Friedinger, K., Hösch, Y., Hügel, J. C., … Röseler, J. J. (2020, July 24). The Stepwise Anchoring Paradigm: Measuring Reliable Components of Anchoring and Adjustment as the Next Step in Moderator Research. https://doi.org/10.31234/osf.io/hjbwp","Röseler et al., 2020","https://osf.io/uac2t/","Weight of a rabbit (kg)","weight",1,0,0,1,1,1,3,3,4.5,0,1
"1298",22,2,5,8,524,75524,"Röseler, L., Schütz, A., Dolling, I. K., Friedinger, K., Hösch, Y., Hügel, J. C., … Röseler, J. J. (2020, July 24). The Stepwise Anchoring Paradigm: Measuring Reliable Components of Anchoring and Adjustment as the Next Step in Moderator Research. https://doi.org/10.31234/osf.io/hjbwp","Röseler et al., 2020","https://osf.io/uac2t/","Weight of a cat (kg)","weight",1,0,0,1,1,1,3,3,4.25,1,1
"1299",22,2,7,2,524,75524,"Röseler, L., Schütz, A., Dolling, I. K., Friedinger, K., Hösch, Y., Hügel, J. C., … Röseler, J. J. (2020, July 24). The Stepwise Anchoring Paradigm: Measuring Reliable Components of Anchoring and Adjustment as the Next Step in Moderator Research. https://doi.org/10.31234/osf.io/hjbwp","Röseler et al., 2020","https://osf.io/uac2t/","Weight of a fox (kg)","weight",1,0,0,1,1,1,3,3,8,0,1
"1300",22,2,26,14,524,75524,"Röseler, L., Schütz, A., Dolling, I. K., Friedinger, K., Hösch, Y., Hügel, J. C., … Röseler, J. J. (2020, July 24). The Stepwise Anchoring Paradigm: Measuring Reliable Components of Anchoring and Adjustment as the Next Step in Moderator Research. https://doi.org/10.31234/osf.io/hjbwp","Röseler et al., 2020","https://osf.io/uac2t/","Weight of a racoon (kg)","weight",1,0,0,1,1,1,3,3,8,1,1
"1301",22,2,15,4,524,75524,"Röseler, L., Schütz, A., Dolling, I. K., Friedinger, K., Hösch, Y., Hügel, J. C., … Röseler, J. J. (2020, July 24). The Stepwise Anchoring Paradigm: Measuring Reliable Components of Anchoring and Adjustment as the Next Step in Moderator Research. https://doi.org/10.31234/osf.io/hjbwp","Röseler et al., 2020","https://osf.io/uac2t/","Weight of a badger (kg)","weight",1,0,0,1,1,1,3,3,15,0,1
"1302",22,2,12,26,524,75524,"Röseler, L., Schütz, A., Dolling, I. K., Friedinger, K., Hösch, Y., Hügel, J. C., … Röseler, J. J. (2020, July 24). The Stepwise Anchoring Paradigm: Measuring Reliable Components of Anchoring and Adjustment as the Next Step in Moderator Research. https://doi.org/10.31234/osf.io/hjbwp","Röseler et al., 2020","https://osf.io/uac2t/","Weight of a pelican (kg)","weight",1,0,0,1,1,1,3,3,15,1,1
"1303",22,2,13,10,524,75524,"Röseler, L., Schütz, A., Dolling, I. K., Friedinger, K., Hösch, Y., Hügel, J. C., … Röseler, J. J. (2020, July 24). The Stepwise Anchoring Paradigm: Measuring Reliable Components of Anchoring and Adjustment as the Next Step in Moderator Research. https://doi.org/10.31234/osf.io/hjbwp","Röseler et al., 2020","https://osf.io/uac2t/","Weight of a beaver (kg)","weight",1,0,0,1,1,1,3,3,25,0,1
"1304",22,2,20,40,524,75524,"Röseler, L., Schütz, A., Dolling, I. K., Friedinger, K., Hösch, Y., Hügel, J. C., … Röseler, J. J. (2020, July 24). The Stepwise Anchoring Paradigm: Measuring Reliable Components of Anchoring and Adjustment as the Next Step in Moderator Research. https://doi.org/10.31234/osf.io/hjbwp","Röseler et al., 2020","https://osf.io/uac2t/","Weight of a deer (kg)","weight",1,0,0,1,1,1,3,3,25,1,1
"1305",22,2,50,25,524,75524,"Röseler, L., Schütz, A., Dolling, I. K., Friedinger, K., Hösch, Y., Hügel, J. C., … Röseler, J. J. (2020, July 24). The Stepwise Anchoring Paradigm: Measuring Reliable Components of Anchoring and Adjustment as the Next Step in Moderator Research. https://doi.org/10.31234/osf.io/hjbwp","Röseler et al., 2020","https://osf.io/uac2t/","Weight of a wolf (kg)","weight",1,0,0,1,1,1,3,3,50,0,1
"1306",22,2,32,75,524,75524,"Röseler, L., Schütz, A., Dolling, I. K., Friedinger, K., Hösch, Y., Hügel, J. C., … Röseler, J. J. (2020, July 24). The Stepwise Anchoring Paradigm: Measuring Reliable Components of Anchoring and Adjustment as the Next Step in Moderator Research. https://doi.org/10.31234/osf.io/hjbwp","Röseler et al., 2020","https://osf.io/uac2t/","Weight of a goat (kg)","weight",1,0,0,1,1,1,3,3,50,1,1
"1307",22,2,46,36,524,75524,"Röseler, L., Schütz, A., Dolling, I. K., Friedinger, K., Hösch, Y., Hügel, J. C., … Röseler, J. J. (2020, July 24). The Stepwise Anchoring Paradigm: Measuring Reliable Components of Anchoring and Adjustment as the Next Step in Moderator Research. https://doi.org/10.31234/osf.io/hjbwp","Röseler et al., 2020","https://osf.io/uac2t/","Weight of a hyena (kg)","weight",1,0,0,1,1,1,3,3,60,0,1
"1308",22,2,75,84,524,75524,"Röseler, L., Schütz, A., Dolling, I. K., Friedinger, K., Hösch, Y., Hügel, J. C., … Röseler, J. J. (2020, July 24). The Stepwise Anchoring Paradigm: Measuring Reliable Components of Anchoring and Adjustment as the Next Step in Moderator Research. https://doi.org/10.31234/osf.io/hjbwp","Röseler et al., 2020","https://osf.io/uac2t/","Weight of a warthog (kg)","weight",1,0,0,1,1,1,3,3,60,1,1
"1309",25,1,6,8,531,75531,"Röseler, L., Schütz, A., Dolling, I. K., Friedinger, K., Hösch, Y., Hügel, J. C., … Röseler, J. J. (2020, July 24). The Stepwise Anchoring Paradigm: Measuring Reliable Components of Anchoring and Adjustment as the Next Step in Moderator Research. https://doi.org/10.31234/osf.io/hjbwp","Röseler et al., 2020","https://osf.io/uac2t/","Weight of a rabbit (kg)","weight",1,0,0,1,1,1,3,3,4.5,1,1
"1310",25,1,6,1,531,75531,"Röseler, L., Schütz, A., Dolling, I. K., Friedinger, K., Hösch, Y., Hügel, J. C., … Röseler, J. J. (2020, July 24). The Stepwise Anchoring Paradigm: Measuring Reliable Components of Anchoring and Adjustment as the Next Step in Moderator Research. https://doi.org/10.31234/osf.io/hjbwp","Röseler et al., 2020","https://osf.io/uac2t/","Weight of a cat (kg)","weight",1,0,0,1,1,1,3,3,4.25,0,1
"1311",25,1,26,14,531,75531,"Röseler, L., Schütz, A., Dolling, I. K., Friedinger, K., Hösch, Y., Hügel, J. C., … Röseler, J. J. (2020, July 24). The Stepwise Anchoring Paradigm: Measuring Reliable Components of Anchoring and Adjustment as the Next Step in Moderator Research. https://doi.org/10.31234/osf.io/hjbwp","Röseler et al., 2020","https://osf.io/uac2t/","Weight of a fox (kg)","weight",1,0,0,1,1,1,3,3,8,1,1
"1312",25,1,8,2,531,75531,"Röseler, L., Schütz, A., Dolling, I. K., Friedinger, K., Hösch, Y., Hügel, J. C., … Röseler, J. J. (2020, July 24). The Stepwise Anchoring Paradigm: Measuring Reliable Components of Anchoring and Adjustment as the Next Step in Moderator Research. https://doi.org/10.31234/osf.io/hjbwp","Röseler et al., 2020","https://osf.io/uac2t/","Weight of a racoon (kg)","weight",1,0,0,1,1,1,3,3,8,0,1
"1313",25,1,15,26,531,75531,"Röseler, L., Schütz, A., Dolling, I. K., Friedinger, K., Hösch, Y., Hügel, J. C., … Röseler, J. J. (2020, July 24). The Stepwise Anchoring Paradigm: Measuring Reliable Components of Anchoring and Adjustment as the Next Step in Moderator Research. https://doi.org/10.31234/osf.io/hjbwp","Röseler et al., 2020","https://osf.io/uac2t/","Weight of a badger (kg)","weight",1,0,0,1,1,1,3,3,15,1,1
"1314",25,1,13,4,531,75531,"Röseler, L., Schütz, A., Dolling, I. K., Friedinger, K., Hösch, Y., Hügel, J. C., … Röseler, J. J. (2020, July 24). The Stepwise Anchoring Paradigm: Measuring Reliable Components of Anchoring and Adjustment as the Next Step in Moderator Research. https://doi.org/10.31234/osf.io/hjbwp","Röseler et al., 2020","https://osf.io/uac2t/","Weight of a pelican (kg)","weight",1,0,0,1,1,1,3,3,15,0,1
"1315",25,1,16,40,531,75531,"Röseler, L., Schütz, A., Dolling, I. K., Friedinger, K., Hösch, Y., Hügel, J. C., … Röseler, J. J. (2020, July 24). The Stepwise Anchoring Paradigm: Measuring Reliable Components of Anchoring and Adjustment as the Next Step in Moderator Research. https://doi.org/10.31234/osf.io/hjbwp","Röseler et al., 2020","https://osf.io/uac2t/","Weight of a beaver (kg)","weight",1,0,0,1,1,1,3,3,25,1,1
"1316",25,1,44,10,531,75531,"Röseler, L., Schütz, A., Dolling, I. K., Friedinger, K., Hösch, Y., Hügel, J. C., … Röseler, J. J. (2020, July 24). The Stepwise Anchoring Paradigm: Measuring Reliable Components of Anchoring and Adjustment as the Next Step in Moderator Research. https://doi.org/10.31234/osf.io/hjbwp","Röseler et al., 2020","https://osf.io/uac2t/","Weight of a deer (kg)","weight",1,0,0,1,1,1,3,3,25,0,1
"1317",25,1,94,75,531,75531,"Röseler, L., Schütz, A., Dolling, I. K., Friedinger, K., Hösch, Y., Hügel, J. C., … Röseler, J. J. (2020, July 24). The Stepwise Anchoring Paradigm: Measuring Reliable Components of Anchoring and Adjustment as the Next Step in Moderator Research. https://doi.org/10.31234/osf.io/hjbwp","Röseler et al., 2020","https://osf.io/uac2t/","Weight of a wolf (kg)","weight",1,0,0,1,1,1,3,3,50,1,1
"1318",25,1,55,25,531,75531,"Röseler, L., Schütz, A., Dolling, I. K., Friedinger, K., Hösch, Y., Hügel, J. C., … Röseler, J. J. (2020, July 24). The Stepwise Anchoring Paradigm: Measuring Reliable Components of Anchoring and Adjustment as the Next Step in Moderator Research. https://doi.org/10.31234/osf.io/hjbwp","Röseler et al., 2020","https://osf.io/uac2t/","Weight of a goat (kg)","weight",1,0,0,1,1,1,3,3,50,0,1
"1319",25,1,82,84,531,75531,"Röseler, L., Schütz, A., Dolling, I. K., Friedinger, K., Hösch, Y., Hügel, J. C., … Röseler, J. J. (2020, July 24). The Stepwise Anchoring Paradigm: Measuring Reliable Components of Anchoring and Adjustment as the Next Step in Moderator Research. https://doi.org/10.31234/osf.io/hjbwp","Röseler et al., 2020","https://osf.io/uac2t/","Weight of a hyena (kg)","weight",1,0,0,1,1,1,3,3,60,1,1
"1320",25,1,79,36,531,75531,"Röseler, L., Schütz, A., Dolling, I. K., Friedinger, K., Hösch, Y., Hügel, J. C., … Röseler, J. J. (2020, July 24). The Stepwise Anchoring Paradigm: Measuring Reliable Components of Anchoring and Adjustment as the Next Step in Moderator Research. https://doi.org/10.31234/osf.io/hjbwp","Röseler et al., 2020","https://osf.io/uac2t/","Weight of a warthog (kg)","weight",1,0,0,1,1,1,3,3,60,0,1
"1321",20,2,6,1,532,75532,"Röseler, L., Schütz, A., Dolling, I. K., Friedinger, K., Hösch, Y., Hügel, J. C., … Röseler, J. J. (2020, July 24). The Stepwise Anchoring Paradigm: Measuring Reliable Components of Anchoring and Adjustment as the Next Step in Moderator Research. https://doi.org/10.31234/osf.io/hjbwp","Röseler et al., 2020","https://osf.io/uac2t/","Weight of a rabbit (kg)","weight",1,0,0,1,1,1,3,3,4.5,0,1
"1322",20,2,6,8,532,75532,"Röseler, L., Schütz, A., Dolling, I. K., Friedinger, K., Hösch, Y., Hügel, J. C., … Röseler, J. J. (2020, July 24). The Stepwise Anchoring Paradigm: Measuring Reliable Components of Anchoring and Adjustment as the Next Step in Moderator Research. https://doi.org/10.31234/osf.io/hjbwp","Röseler et al., 2020","https://osf.io/uac2t/","Weight of a cat (kg)","weight",1,0,0,1,1,1,3,3,4.25,1,1
"1323",20,2,21,2,532,75532,"Röseler, L., Schütz, A., Dolling, I. K., Friedinger, K., Hösch, Y., Hügel, J. C., … Röseler, J. J. (2020, July 24). The Stepwise Anchoring Paradigm: Measuring Reliable Components of Anchoring and Adjustment as the Next Step in Moderator Research. https://doi.org/10.31234/osf.io/hjbwp","Röseler et al., 2020","https://osf.io/uac2t/","Weight of a fox (kg)","weight",1,0,0,1,1,1,3,3,8,0,1
"1324",20,2,20,14,532,75532,"Röseler, L., Schütz, A., Dolling, I. K., Friedinger, K., Hösch, Y., Hügel, J. C., … Röseler, J. J. (2020, July 24). The Stepwise Anchoring Paradigm: Measuring Reliable Components of Anchoring and Adjustment as the Next Step in Moderator Research. https://doi.org/10.31234/osf.io/hjbwp","Röseler et al., 2020","https://osf.io/uac2t/","Weight of a racoon (kg)","weight",1,0,0,1,1,1,3,3,8,1,1
"1325",20,2,16,4,532,75532,"Röseler, L., Schütz, A., Dolling, I. K., Friedinger, K., Hösch, Y., Hügel, J. C., … Röseler, J. J. (2020, July 24). The Stepwise Anchoring Paradigm: Measuring Reliable Components of Anchoring and Adjustment as the Next Step in Moderator Research. https://doi.org/10.31234/osf.io/hjbwp","Röseler et al., 2020","https://osf.io/uac2t/","Weight of a badger (kg)","weight",1,0,0,1,1,1,3,3,15,0,1
"1326",20,2,16,26,532,75532,"Röseler, L., Schütz, A., Dolling, I. K., Friedinger, K., Hösch, Y., Hügel, J. C., … Röseler, J. J. (2020, July 24). The Stepwise Anchoring Paradigm: Measuring Reliable Components of Anchoring and Adjustment as the Next Step in Moderator Research. https://doi.org/10.31234/osf.io/hjbwp","Röseler et al., 2020","https://osf.io/uac2t/","Weight of a pelican (kg)","weight",1,0,0,1,1,1,3,3,15,1,1
"1327",20,2,26,10,532,75532,"Röseler, L., Schütz, A., Dolling, I. K., Friedinger, K., Hösch, Y., Hügel, J. C., … Röseler, J. J. (2020, July 24). The Stepwise Anchoring Paradigm: Measuring Reliable Components of Anchoring and Adjustment as the Next Step in Moderator Research. https://doi.org/10.31234/osf.io/hjbwp","Röseler et al., 2020","https://osf.io/uac2t/","Weight of a beaver (kg)","weight",1,0,0,1,1,1,3,3,25,0,1
"1328",20,2,25,40,532,75532,"Röseler, L., Schütz, A., Dolling, I. K., Friedinger, K., Hösch, Y., Hügel, J. C., … Röseler, J. J. (2020, July 24). The Stepwise Anchoring Paradigm: Measuring Reliable Components of Anchoring and Adjustment as the Next Step in Moderator Research. https://doi.org/10.31234/osf.io/hjbwp","Röseler et al., 2020","https://osf.io/uac2t/","Weight of a deer (kg)","weight",1,0,0,1,1,1,3,3,25,1,1
"1329",20,2,36,25,532,75532,"Röseler, L., Schütz, A., Dolling, I. K., Friedinger, K., Hösch, Y., Hügel, J. C., … Röseler, J. J. (2020, July 24). The Stepwise Anchoring Paradigm: Measuring Reliable Components of Anchoring and Adjustment as the Next Step in Moderator Research. https://doi.org/10.31234/osf.io/hjbwp","Röseler et al., 2020","https://osf.io/uac2t/","Weight of a wolf (kg)","weight",1,0,0,1,1,1,3,3,50,0,1
"1330",20,2,52,75,532,75532,"Röseler, L., Schütz, A., Dolling, I. K., Friedinger, K., Hösch, Y., Hügel, J. C., … Röseler, J. J. (2020, July 24). The Stepwise Anchoring Paradigm: Measuring Reliable Components of Anchoring and Adjustment as the Next Step in Moderator Research. https://doi.org/10.31234/osf.io/hjbwp","Röseler et al., 2020","https://osf.io/uac2t/","Weight of a goat (kg)","weight",1,0,0,1,1,1,3,3,50,1,1
"1331",20,2,51,36,532,75532,"Röseler, L., Schütz, A., Dolling, I. K., Friedinger, K., Hösch, Y., Hügel, J. C., … Röseler, J. J. (2020, July 24). The Stepwise Anchoring Paradigm: Measuring Reliable Components of Anchoring and Adjustment as the Next Step in Moderator Research. https://doi.org/10.31234/osf.io/hjbwp","Röseler et al., 2020","https://osf.io/uac2t/","Weight of a hyena (kg)","weight",1,0,0,1,1,1,3,3,60,0,1
"1332",20,2,42,84,532,75532,"Röseler, L., Schütz, A., Dolling, I. K., Friedinger, K., Hösch, Y., Hügel, J. C., … Röseler, J. J. (2020, July 24). The Stepwise Anchoring Paradigm: Measuring Reliable Components of Anchoring and Adjustment as the Next Step in Moderator Research. https://doi.org/10.31234/osf.io/hjbwp","Röseler et al., 2020","https://osf.io/uac2t/","Weight of a warthog (kg)","weight",1,0,0,1,1,1,3,3,60,1,1
"1333",21,2,17,1,533,75533,"Röseler, L., Schütz, A., Dolling, I. K., Friedinger, K., Hösch, Y., Hügel, J. C., … Röseler, J. J. (2020, July 24). The Stepwise Anchoring Paradigm: Measuring Reliable Components of Anchoring and Adjustment as the Next Step in Moderator Research. https://doi.org/10.31234/osf.io/hjbwp","Röseler et al., 2020","https://osf.io/uac2t/","Weight of a rabbit (kg)","weight",1,0,0,1,1,1,3,3,4.5,0,1
"1334",21,2,5,8,533,75533,"Röseler, L., Schütz, A., Dolling, I. K., Friedinger, K., Hösch, Y., Hügel, J. C., … Röseler, J. J. (2020, July 24). The Stepwise Anchoring Paradigm: Measuring Reliable Components of Anchoring and Adjustment as the Next Step in Moderator Research. https://doi.org/10.31234/osf.io/hjbwp","Röseler et al., 2020","https://osf.io/uac2t/","Weight of a cat (kg)","weight",1,0,0,1,1,1,3,3,4.25,1,1
"1335",21,2,20,2,533,75533,"Röseler, L., Schütz, A., Dolling, I. K., Friedinger, K., Hösch, Y., Hügel, J. C., … Röseler, J. J. (2020, July 24). The Stepwise Anchoring Paradigm: Measuring Reliable Components of Anchoring and Adjustment as the Next Step in Moderator Research. https://doi.org/10.31234/osf.io/hjbwp","Röseler et al., 2020","https://osf.io/uac2t/","Weight of a fox (kg)","weight",1,0,0,1,1,1,3,3,8,0,1
"1336",21,2,34,14,533,75533,"Röseler, L., Schütz, A., Dolling, I. K., Friedinger, K., Hösch, Y., Hügel, J. C., … Röseler, J. J. (2020, July 24). The Stepwise Anchoring Paradigm: Measuring Reliable Components of Anchoring and Adjustment as the Next Step in Moderator Research. https://doi.org/10.31234/osf.io/hjbwp","Röseler et al., 2020","https://osf.io/uac2t/","Weight of a racoon (kg)","weight",1,0,0,1,1,1,3,3,8,1,1
"1337",21,2,22,4,533,75533,"Röseler, L., Schütz, A., Dolling, I. K., Friedinger, K., Hösch, Y., Hügel, J. C., … Röseler, J. J. (2020, July 24). The Stepwise Anchoring Paradigm: Measuring Reliable Components of Anchoring and Adjustment as the Next Step in Moderator Research. https://doi.org/10.31234/osf.io/hjbwp","Röseler et al., 2020","https://osf.io/uac2t/","Weight of a badger (kg)","weight",1,0,0,1,1,1,3,3,15,0,1
"1338",21,2,13,26,533,75533,"Röseler, L., Schütz, A., Dolling, I. K., Friedinger, K., Hösch, Y., Hügel, J. C., … Röseler, J. J. (2020, July 24). The Stepwise Anchoring Paradigm: Measuring Reliable Components of Anchoring and Adjustment as the Next Step in Moderator Research. https://doi.org/10.31234/osf.io/hjbwp","Röseler et al., 2020","https://osf.io/uac2t/","Weight of a pelican (kg)","weight",1,0,0,1,1,1,3,3,15,1,1
"1339",21,2,26,10,533,75533,"Röseler, L., Schütz, A., Dolling, I. K., Friedinger, K., Hösch, Y., Hügel, J. C., … Röseler, J. J. (2020, July 24). The Stepwise Anchoring Paradigm: Measuring Reliable Components of Anchoring and Adjustment as the Next Step in Moderator Research. https://doi.org/10.31234/osf.io/hjbwp","Röseler et al., 2020","https://osf.io/uac2t/","Weight of a beaver (kg)","weight",1,0,0,1,1,1,3,3,25,0,1
"1340",21,2,32,40,533,75533,"Röseler, L., Schütz, A., Dolling, I. K., Friedinger, K., Hösch, Y., Hügel, J. C., … Röseler, J. J. (2020, July 24). The Stepwise Anchoring Paradigm: Measuring Reliable Components of Anchoring and Adjustment as the Next Step in Moderator Research. https://doi.org/10.31234/osf.io/hjbwp","Röseler et al., 2020","https://osf.io/uac2t/","Weight of a deer (kg)","weight",1,0,0,1,1,1,3,3,25,1,1
"1341",21,2,40,25,533,75533,"Röseler, L., Schütz, A., Dolling, I. K., Friedinger, K., Hösch, Y., Hügel, J. C., … Röseler, J. J. (2020, July 24). The Stepwise Anchoring Paradigm: Measuring Reliable Components of Anchoring and Adjustment as the Next Step in Moderator Research. https://doi.org/10.31234/osf.io/hjbwp","Röseler et al., 2020","https://osf.io/uac2t/","Weight of a wolf (kg)","weight",1,0,0,1,1,1,3,3,50,0,1
"1342",21,2,25,75,533,75533,"Röseler, L., Schütz, A., Dolling, I. K., Friedinger, K., Hösch, Y., Hügel, J. C., … Röseler, J. J. (2020, July 24). The Stepwise Anchoring Paradigm: Measuring Reliable Components of Anchoring and Adjustment as the Next Step in Moderator Research. https://doi.org/10.31234/osf.io/hjbwp","Röseler et al., 2020","https://osf.io/uac2t/","Weight of a goat (kg)","weight",1,0,0,1,1,1,3,3,50,1,1
"1343",21,2,43,36,533,75533,"Röseler, L., Schütz, A., Dolling, I. K., Friedinger, K., Hösch, Y., Hügel, J. C., … Röseler, J. J. (2020, July 24). The Stepwise Anchoring Paradigm: Measuring Reliable Components of Anchoring and Adjustment as the Next Step in Moderator Research. https://doi.org/10.31234/osf.io/hjbwp","Röseler et al., 2020","https://osf.io/uac2t/","Weight of a hyena (kg)","weight",1,0,0,1,1,1,3,3,60,0,1
"1344",21,2,50,84,533,75533,"Röseler, L., Schütz, A., Dolling, I. K., Friedinger, K., Hösch, Y., Hügel, J. C., … Röseler, J. J. (2020, July 24). The Stepwise Anchoring Paradigm: Measuring Reliable Components of Anchoring and Adjustment as the Next Step in Moderator Research. https://doi.org/10.31234/osf.io/hjbwp","Röseler et al., 2020","https://osf.io/uac2t/","Weight of a warthog (kg)","weight",1,0,0,1,1,1,3,3,60,1,1
"1345",59,2,5,8,535,75535,"Röseler, L., Schütz, A., Dolling, I. K., Friedinger, K., Hösch, Y., Hügel, J. C., … Röseler, J. J. (2020, July 24). The Stepwise Anchoring Paradigm: Measuring Reliable Components of Anchoring and Adjustment as the Next Step in Moderator Research. https://doi.org/10.31234/osf.io/hjbwp","Röseler et al., 2020","https://osf.io/uac2t/","Weight of a rabbit (kg)","weight",1,0,0,1,1,1,3,3,4.5,1,1
"1346",59,2,7,1,535,75535,"Röseler, L., Schütz, A., Dolling, I. K., Friedinger, K., Hösch, Y., Hügel, J. C., … Röseler, J. J. (2020, July 24). The Stepwise Anchoring Paradigm: Measuring Reliable Components of Anchoring and Adjustment as the Next Step in Moderator Research. https://doi.org/10.31234/osf.io/hjbwp","Röseler et al., 2020","https://osf.io/uac2t/","Weight of a cat (kg)","weight",1,0,0,1,1,1,3,3,4.25,0,1
"1347",59,2,9,14,535,75535,"Röseler, L., Schütz, A., Dolling, I. K., Friedinger, K., Hösch, Y., Hügel, J. C., … Röseler, J. J. (2020, July 24). The Stepwise Anchoring Paradigm: Measuring Reliable Components of Anchoring and Adjustment as the Next Step in Moderator Research. https://doi.org/10.31234/osf.io/hjbwp","Röseler et al., 2020","https://osf.io/uac2t/","Weight of a fox (kg)","weight",1,0,0,1,1,1,3,3,8,1,1
"1348",59,2,15,2,535,75535,"Röseler, L., Schütz, A., Dolling, I. K., Friedinger, K., Hösch, Y., Hügel, J. C., … Röseler, J. J. (2020, July 24). The Stepwise Anchoring Paradigm: Measuring Reliable Components of Anchoring and Adjustment as the Next Step in Moderator Research. https://doi.org/10.31234/osf.io/hjbwp","Röseler et al., 2020","https://osf.io/uac2t/","Weight of a racoon (kg)","weight",1,0,0,1,1,1,3,3,8,0,1
"1349",59,2,15,26,535,75535,"Röseler, L., Schütz, A., Dolling, I. K., Friedinger, K., Hösch, Y., Hügel, J. C., … Röseler, J. J. (2020, July 24). The Stepwise Anchoring Paradigm: Measuring Reliable Components of Anchoring and Adjustment as the Next Step in Moderator Research. https://doi.org/10.31234/osf.io/hjbwp","Röseler et al., 2020","https://osf.io/uac2t/","Weight of a badger (kg)","weight",1,0,0,1,1,1,3,3,15,1,1
"1350",59,2,10,4,535,75535,"Röseler, L., Schütz, A., Dolling, I. K., Friedinger, K., Hösch, Y., Hügel, J. C., … Röseler, J. J. (2020, July 24). The Stepwise Anchoring Paradigm: Measuring Reliable Components of Anchoring and Adjustment as the Next Step in Moderator Research. https://doi.org/10.31234/osf.io/hjbwp","Röseler et al., 2020","https://osf.io/uac2t/","Weight of a pelican (kg)","weight",1,0,0,1,1,1,3,3,15,0,1
"1351",59,2,22,40,535,75535,"Röseler, L., Schütz, A., Dolling, I. K., Friedinger, K., Hösch, Y., Hügel, J. C., … Röseler, J. J. (2020, July 24). The Stepwise Anchoring Paradigm: Measuring Reliable Components of Anchoring and Adjustment as the Next Step in Moderator Research. https://doi.org/10.31234/osf.io/hjbwp","Röseler et al., 2020","https://osf.io/uac2t/","Weight of a beaver (kg)","weight",1,0,0,1,1,1,3,3,25,1,1
"1352",59,2,18,10,535,75535,"Röseler, L., Schütz, A., Dolling, I. K., Friedinger, K., Hösch, Y., Hügel, J. C., … Röseler, J. J. (2020, July 24). The Stepwise Anchoring Paradigm: Measuring Reliable Components of Anchoring and Adjustment as the Next Step in Moderator Research. https://doi.org/10.31234/osf.io/hjbwp","Röseler et al., 2020","https://osf.io/uac2t/","Weight of a deer (kg)","weight",1,0,0,1,1,1,3,3,25,0,1
"1353",59,2,60,75,535,75535,"Röseler, L., Schütz, A., Dolling, I. K., Friedinger, K., Hösch, Y., Hügel, J. C., … Röseler, J. J. (2020, July 24). The Stepwise Anchoring Paradigm: Measuring Reliable Components of Anchoring and Adjustment as the Next Step in Moderator Research. https://doi.org/10.31234/osf.io/hjbwp","Röseler et al., 2020","https://osf.io/uac2t/","Weight of a wolf (kg)","weight",1,0,0,1,1,1,3,3,50,1,1
"1354",59,2,33,25,535,75535,"Röseler, L., Schütz, A., Dolling, I. K., Friedinger, K., Hösch, Y., Hügel, J. C., … Röseler, J. J. (2020, July 24). The Stepwise Anchoring Paradigm: Measuring Reliable Components of Anchoring and Adjustment as the Next Step in Moderator Research. https://doi.org/10.31234/osf.io/hjbwp","Röseler et al., 2020","https://osf.io/uac2t/","Weight of a goat (kg)","weight",1,0,0,1,1,1,3,3,50,0,1
"1355",59,2,28,84,535,75535,"Röseler, L., Schütz, A., Dolling, I. K., Friedinger, K., Hösch, Y., Hügel, J. C., … Röseler, J. J. (2020, July 24). The Stepwise Anchoring Paradigm: Measuring Reliable Components of Anchoring and Adjustment as the Next Step in Moderator Research. https://doi.org/10.31234/osf.io/hjbwp","Röseler et al., 2020","https://osf.io/uac2t/","Weight of a hyena (kg)","weight",1,0,0,1,1,1,3,3,60,1,1
"1356",59,2,75,36,535,75535,"Röseler, L., Schütz, A., Dolling, I. K., Friedinger, K., Hösch, Y., Hügel, J. C., … Röseler, J. J. (2020, July 24). The Stepwise Anchoring Paradigm: Measuring Reliable Components of Anchoring and Adjustment as the Next Step in Moderator Research. https://doi.org/10.31234/osf.io/hjbwp","Röseler et al., 2020","https://osf.io/uac2t/","Weight of a warthog (kg)","weight",1,0,0,1,1,1,3,3,60,0,1
"1357",31,1,7,1,536,75536,"Röseler, L., Schütz, A., Dolling, I. K., Friedinger, K., Hösch, Y., Hügel, J. C., … Röseler, J. J. (2020, July 24). The Stepwise Anchoring Paradigm: Measuring Reliable Components of Anchoring and Adjustment as the Next Step in Moderator Research. https://doi.org/10.31234/osf.io/hjbwp","Röseler et al., 2020","https://osf.io/uac2t/","Weight of a rabbit (kg)","weight",1,0,0,1,1,1,3,3,4.5,0,1
"1358",31,1,3,8,536,75536,"Röseler, L., Schütz, A., Dolling, I. K., Friedinger, K., Hösch, Y., Hügel, J. C., … Röseler, J. J. (2020, July 24). The Stepwise Anchoring Paradigm: Measuring Reliable Components of Anchoring and Adjustment as the Next Step in Moderator Research. https://doi.org/10.31234/osf.io/hjbwp","Röseler et al., 2020","https://osf.io/uac2t/","Weight of a cat (kg)","weight",1,0,0,1,1,1,3,3,4.25,1,1
"1359",31,1,26,2,536,75536,"Röseler, L., Schütz, A., Dolling, I. K., Friedinger, K., Hösch, Y., Hügel, J. C., … Röseler, J. J. (2020, July 24). The Stepwise Anchoring Paradigm: Measuring Reliable Components of Anchoring and Adjustment as the Next Step in Moderator Research. https://doi.org/10.31234/osf.io/hjbwp","Röseler et al., 2020","https://osf.io/uac2t/","Weight of a fox (kg)","weight",1,0,0,1,1,1,3,3,8,0,1
"1360",31,1,18,14,536,75536,"Röseler, L., Schütz, A., Dolling, I. K., Friedinger, K., Hösch, Y., Hügel, J. C., … Röseler, J. J. (2020, July 24). The Stepwise Anchoring Paradigm: Measuring Reliable Components of Anchoring and Adjustment as the Next Step in Moderator Research. https://doi.org/10.31234/osf.io/hjbwp","Röseler et al., 2020","https://osf.io/uac2t/","Weight of a racoon (kg)","weight",1,0,0,1,1,1,3,3,8,1,1
"1361",31,1,12,4,536,75536,"Röseler, L., Schütz, A., Dolling, I. K., Friedinger, K., Hösch, Y., Hügel, J. C., … Röseler, J. J. (2020, July 24). The Stepwise Anchoring Paradigm: Measuring Reliable Components of Anchoring and Adjustment as the Next Step in Moderator Research. https://doi.org/10.31234/osf.io/hjbwp","Röseler et al., 2020","https://osf.io/uac2t/","Weight of a badger (kg)","weight",1,0,0,1,1,1,3,3,15,0,1
"1362",31,1,16,26,536,75536,"Röseler, L., Schütz, A., Dolling, I. K., Friedinger, K., Hösch, Y., Hügel, J. C., … Röseler, J. J. (2020, July 24). The Stepwise Anchoring Paradigm: Measuring Reliable Components of Anchoring and Adjustment as the Next Step in Moderator Research. https://doi.org/10.31234/osf.io/hjbwp","Röseler et al., 2020","https://osf.io/uac2t/","Weight of a pelican (kg)","weight",1,0,0,1,1,1,3,3,15,1,1
"1363",31,1,18,10,536,75536,"Röseler, L., Schütz, A., Dolling, I. K., Friedinger, K., Hösch, Y., Hügel, J. C., … Röseler, J. J. (2020, July 24). The Stepwise Anchoring Paradigm: Measuring Reliable Components of Anchoring and Adjustment as the Next Step in Moderator Research. https://doi.org/10.31234/osf.io/hjbwp","Röseler et al., 2020","https://osf.io/uac2t/","Weight of a beaver (kg)","weight",1,0,0,1,1,1,3,3,25,0,1
"1364",31,1,28,40,536,75536,"Röseler, L., Schütz, A., Dolling, I. K., Friedinger, K., Hösch, Y., Hügel, J. C., … Röseler, J. J. (2020, July 24). The Stepwise Anchoring Paradigm: Measuring Reliable Components of Anchoring and Adjustment as the Next Step in Moderator Research. https://doi.org/10.31234/osf.io/hjbwp","Röseler et al., 2020","https://osf.io/uac2t/","Weight of a deer (kg)","weight",1,0,0,1,1,1,3,3,25,1,1
"1365",31,1,39,25,536,75536,"Röseler, L., Schütz, A., Dolling, I. K., Friedinger, K., Hösch, Y., Hügel, J. C., … Röseler, J. J. (2020, July 24). The Stepwise Anchoring Paradigm: Measuring Reliable Components of Anchoring and Adjustment as the Next Step in Moderator Research. https://doi.org/10.31234/osf.io/hjbwp","Röseler et al., 2020","https://osf.io/uac2t/","Weight of a wolf (kg)","weight",1,0,0,1,1,1,3,3,50,0,1
"1366",31,1,45,75,536,75536,"Röseler, L., Schütz, A., Dolling, I. K., Friedinger, K., Hösch, Y., Hügel, J. C., … Röseler, J. J. (2020, July 24). The Stepwise Anchoring Paradigm: Measuring Reliable Components of Anchoring and Adjustment as the Next Step in Moderator Research. https://doi.org/10.31234/osf.io/hjbwp","Röseler et al., 2020","https://osf.io/uac2t/","Weight of a goat (kg)","weight",1,0,0,1,1,1,3,3,50,1,1
"1367",31,1,39,36,536,75536,"Röseler, L., Schütz, A., Dolling, I. K., Friedinger, K., Hösch, Y., Hügel, J. C., … Röseler, J. J. (2020, July 24). The Stepwise Anchoring Paradigm: Measuring Reliable Components of Anchoring and Adjustment as the Next Step in Moderator Research. https://doi.org/10.31234/osf.io/hjbwp","Röseler et al., 2020","https://osf.io/uac2t/","Weight of a hyena (kg)","weight",1,0,0,1,1,1,3,3,60,0,1
"1368",31,1,68,84,536,75536,"Röseler, L., Schütz, A., Dolling, I. K., Friedinger, K., Hösch, Y., Hügel, J. C., … Röseler, J. J. (2020, July 24). The Stepwise Anchoring Paradigm: Measuring Reliable Components of Anchoring and Adjustment as the Next Step in Moderator Research. https://doi.org/10.31234/osf.io/hjbwp","Röseler et al., 2020","https://osf.io/uac2t/","Weight of a warthog (kg)","weight",1,0,0,1,1,1,3,3,60,1,1
"1369",21,1,4,8,541,75541,"Röseler, L., Schütz, A., Dolling, I. K., Friedinger, K., Hösch, Y., Hügel, J. C., … Röseler, J. J. (2020, July 24). The Stepwise Anchoring Paradigm: Measuring Reliable Components of Anchoring and Adjustment as the Next Step in Moderator Research. https://doi.org/10.31234/osf.io/hjbwp","Röseler et al., 2020","https://osf.io/uac2t/","Weight of a rabbit (kg)","weight",1,0,0,1,1,1,3,3,4.5,1,1
"1370",21,1,5,1,541,75541,"Röseler, L., Schütz, A., Dolling, I. K., Friedinger, K., Hösch, Y., Hügel, J. C., … Röseler, J. J. (2020, July 24). The Stepwise Anchoring Paradigm: Measuring Reliable Components of Anchoring and Adjustment as the Next Step in Moderator Research. https://doi.org/10.31234/osf.io/hjbwp","Röseler et al., 2020","https://osf.io/uac2t/","Weight of a cat (kg)","weight",1,0,0,1,1,1,3,3,4.25,0,1
"1371",21,1,8,14,541,75541,"Röseler, L., Schütz, A., Dolling, I. K., Friedinger, K., Hösch, Y., Hügel, J. C., … Röseler, J. J. (2020, July 24). The Stepwise Anchoring Paradigm: Measuring Reliable Components of Anchoring and Adjustment as the Next Step in Moderator Research. https://doi.org/10.31234/osf.io/hjbwp","Röseler et al., 2020","https://osf.io/uac2t/","Weight of a fox (kg)","weight",1,0,0,1,1,1,3,3,8,1,1
"1372",21,1,7,2,541,75541,"Röseler, L., Schütz, A., Dolling, I. K., Friedinger, K., Hösch, Y., Hügel, J. C., … Röseler, J. J. (2020, July 24). The Stepwise Anchoring Paradigm: Measuring Reliable Components of Anchoring and Adjustment as the Next Step in Moderator Research. https://doi.org/10.31234/osf.io/hjbwp","Röseler et al., 2020","https://osf.io/uac2t/","Weight of a racoon (kg)","weight",1,0,0,1,1,1,3,3,8,0,1
"1373",21,1,8,26,541,75541,"Röseler, L., Schütz, A., Dolling, I. K., Friedinger, K., Hösch, Y., Hügel, J. C., … Röseler, J. J. (2020, July 24). The Stepwise Anchoring Paradigm: Measuring Reliable Components of Anchoring and Adjustment as the Next Step in Moderator Research. https://doi.org/10.31234/osf.io/hjbwp","Röseler et al., 2020","https://osf.io/uac2t/","Weight of a badger (kg)","weight",1,0,0,1,1,1,3,3,15,1,1
"1374",21,1,8,4,541,75541,"Röseler, L., Schütz, A., Dolling, I. K., Friedinger, K., Hösch, Y., Hügel, J. C., … Röseler, J. J. (2020, July 24). The Stepwise Anchoring Paradigm: Measuring Reliable Components of Anchoring and Adjustment as the Next Step in Moderator Research. https://doi.org/10.31234/osf.io/hjbwp","Röseler et al., 2020","https://osf.io/uac2t/","Weight of a pelican (kg)","weight",1,0,0,1,1,1,3,3,15,0,1
"1375",21,1,6,40,541,75541,"Röseler, L., Schütz, A., Dolling, I. K., Friedinger, K., Hösch, Y., Hügel, J. C., … Röseler, J. J. (2020, July 24). The Stepwise Anchoring Paradigm: Measuring Reliable Components of Anchoring and Adjustment as the Next Step in Moderator Research. https://doi.org/10.31234/osf.io/hjbwp","Röseler et al., 2020","https://osf.io/uac2t/","Weight of a beaver (kg)","weight",1,0,0,1,1,1,3,3,25,1,1
"1376",21,1,42,10,541,75541,"Röseler, L., Schütz, A., Dolling, I. K., Friedinger, K., Hösch, Y., Hügel, J. C., … Röseler, J. J. (2020, July 24). The Stepwise Anchoring Paradigm: Measuring Reliable Components of Anchoring and Adjustment as the Next Step in Moderator Research. https://doi.org/10.31234/osf.io/hjbwp","Röseler et al., 2020","https://osf.io/uac2t/","Weight of a deer (kg)","weight",1,0,0,1,1,1,3,3,25,0,1
"1377",21,1,50,75,541,75541,"Röseler, L., Schütz, A., Dolling, I. K., Friedinger, K., Hösch, Y., Hügel, J. C., … Röseler, J. J. (2020, July 24). The Stepwise Anchoring Paradigm: Measuring Reliable Components of Anchoring and Adjustment as the Next Step in Moderator Research. https://doi.org/10.31234/osf.io/hjbwp","Röseler et al., 2020","https://osf.io/uac2t/","Weight of a wolf (kg)","weight",1,0,0,1,1,1,3,3,50,1,1
"1378",21,1,40,25,541,75541,"Röseler, L., Schütz, A., Dolling, I. K., Friedinger, K., Hösch, Y., Hügel, J. C., … Röseler, J. J. (2020, July 24). The Stepwise Anchoring Paradigm: Measuring Reliable Components of Anchoring and Adjustment as the Next Step in Moderator Research. https://doi.org/10.31234/osf.io/hjbwp","Röseler et al., 2020","https://osf.io/uac2t/","Weight of a goat (kg)","weight",1,0,0,1,1,1,3,3,50,0,1
"1379",21,1,62,84,541,75541,"Röseler, L., Schütz, A., Dolling, I. K., Friedinger, K., Hösch, Y., Hügel, J. C., … Röseler, J. J. (2020, July 24). The Stepwise Anchoring Paradigm: Measuring Reliable Components of Anchoring and Adjustment as the Next Step in Moderator Research. https://doi.org/10.31234/osf.io/hjbwp","Röseler et al., 2020","https://osf.io/uac2t/","Weight of a hyena (kg)","weight",1,0,0,1,1,1,3,3,60,1,1
"1380",21,1,86,36,541,75541,"Röseler, L., Schütz, A., Dolling, I. K., Friedinger, K., Hösch, Y., Hügel, J. C., … Röseler, J. J. (2020, July 24). The Stepwise Anchoring Paradigm: Measuring Reliable Components of Anchoring and Adjustment as the Next Step in Moderator Research. https://doi.org/10.31234/osf.io/hjbwp","Röseler et al., 2020","https://osf.io/uac2t/","Weight of a warthog (kg)","weight",1,0,0,1,1,1,3,3,60,0,1
"1381",49,2,3,1,542,75542,"Röseler, L., Schütz, A., Dolling, I. K., Friedinger, K., Hösch, Y., Hügel, J. C., … Röseler, J. J. (2020, July 24). The Stepwise Anchoring Paradigm: Measuring Reliable Components of Anchoring and Adjustment as the Next Step in Moderator Research. https://doi.org/10.31234/osf.io/hjbwp","Röseler et al., 2020","https://osf.io/uac2t/","Weight of a rabbit (kg)","weight",1,0,0,1,1,1,3,3,4.5,0,1
"1382",49,2,4,8,542,75542,"Röseler, L., Schütz, A., Dolling, I. K., Friedinger, K., Hösch, Y., Hügel, J. C., … Röseler, J. J. (2020, July 24). The Stepwise Anchoring Paradigm: Measuring Reliable Components of Anchoring and Adjustment as the Next Step in Moderator Research. https://doi.org/10.31234/osf.io/hjbwp","Röseler et al., 2020","https://osf.io/uac2t/","Weight of a cat (kg)","weight",1,0,0,1,1,1,3,3,4.25,1,1
"1383",49,2,12,2,542,75542,"Röseler, L., Schütz, A., Dolling, I. K., Friedinger, K., Hösch, Y., Hügel, J. C., … Röseler, J. J. (2020, July 24). The Stepwise Anchoring Paradigm: Measuring Reliable Components of Anchoring and Adjustment as the Next Step in Moderator Research. https://doi.org/10.31234/osf.io/hjbwp","Röseler et al., 2020","https://osf.io/uac2t/","Weight of a fox (kg)","weight",1,0,0,1,1,1,3,3,8,0,1
"1384",49,2,25,14,542,75542,"Röseler, L., Schütz, A., Dolling, I. K., Friedinger, K., Hösch, Y., Hügel, J. C., … Röseler, J. J. (2020, July 24). The Stepwise Anchoring Paradigm: Measuring Reliable Components of Anchoring and Adjustment as the Next Step in Moderator Research. https://doi.org/10.31234/osf.io/hjbwp","Röseler et al., 2020","https://osf.io/uac2t/","Weight of a racoon (kg)","weight",1,0,0,1,1,1,3,3,8,1,1
"1385",49,2,10,4,542,75542,"Röseler, L., Schütz, A., Dolling, I. K., Friedinger, K., Hösch, Y., Hügel, J. C., … Röseler, J. J. (2020, July 24). The Stepwise Anchoring Paradigm: Measuring Reliable Components of Anchoring and Adjustment as the Next Step in Moderator Research. https://doi.org/10.31234/osf.io/hjbwp","Röseler et al., 2020","https://osf.io/uac2t/","Weight of a badger (kg)","weight",1,0,0,1,1,1,3,3,15,0,1
"1386",49,2,13,26,542,75542,"Röseler, L., Schütz, A., Dolling, I. K., Friedinger, K., Hösch, Y., Hügel, J. C., … Röseler, J. J. (2020, July 24). The Stepwise Anchoring Paradigm: Measuring Reliable Components of Anchoring and Adjustment as the Next Step in Moderator Research. https://doi.org/10.31234/osf.io/hjbwp","Röseler et al., 2020","https://osf.io/uac2t/","Weight of a pelican (kg)","weight",1,0,0,1,1,1,3,3,15,1,1
"1387",49,2,18,10,542,75542,"Röseler, L., Schütz, A., Dolling, I. K., Friedinger, K., Hösch, Y., Hügel, J. C., … Röseler, J. J. (2020, July 24). The Stepwise Anchoring Paradigm: Measuring Reliable Components of Anchoring and Adjustment as the Next Step in Moderator Research. https://doi.org/10.31234/osf.io/hjbwp","Röseler et al., 2020","https://osf.io/uac2t/","Weight of a beaver (kg)","weight",1,0,0,1,1,1,3,3,25,0,1
"1388",49,2,30,40,542,75542,"Röseler, L., Schütz, A., Dolling, I. K., Friedinger, K., Hösch, Y., Hügel, J. C., … Röseler, J. J. (2020, July 24). The Stepwise Anchoring Paradigm: Measuring Reliable Components of Anchoring and Adjustment as the Next Step in Moderator Research. https://doi.org/10.31234/osf.io/hjbwp","Röseler et al., 2020","https://osf.io/uac2t/","Weight of a deer (kg)","weight",1,0,0,1,1,1,3,3,25,1,1
"1389",49,2,50,25,542,75542,"Röseler, L., Schütz, A., Dolling, I. K., Friedinger, K., Hösch, Y., Hügel, J. C., … Röseler, J. J. (2020, July 24). The Stepwise Anchoring Paradigm: Measuring Reliable Components of Anchoring and Adjustment as the Next Step in Moderator Research. https://doi.org/10.31234/osf.io/hjbwp","Röseler et al., 2020","https://osf.io/uac2t/","Weight of a wolf (kg)","weight",1,0,0,1,1,1,3,3,50,0,1
"1390",49,2,50,75,542,75542,"Röseler, L., Schütz, A., Dolling, I. K., Friedinger, K., Hösch, Y., Hügel, J. C., … Röseler, J. J. (2020, July 24). The Stepwise Anchoring Paradigm: Measuring Reliable Components of Anchoring and Adjustment as the Next Step in Moderator Research. https://doi.org/10.31234/osf.io/hjbwp","Röseler et al., 2020","https://osf.io/uac2t/","Weight of a goat (kg)","weight",1,0,0,1,1,1,3,3,50,1,1
"1391",49,2,45,36,542,75542,"Röseler, L., Schütz, A., Dolling, I. K., Friedinger, K., Hösch, Y., Hügel, J. C., … Röseler, J. J. (2020, July 24). The Stepwise Anchoring Paradigm: Measuring Reliable Components of Anchoring and Adjustment as the Next Step in Moderator Research. https://doi.org/10.31234/osf.io/hjbwp","Röseler et al., 2020","https://osf.io/uac2t/","Weight of a hyena (kg)","weight",1,0,0,1,1,1,3,3,60,0,1
"1392",49,2,70,84,542,75542,"Röseler, L., Schütz, A., Dolling, I. K., Friedinger, K., Hösch, Y., Hügel, J. C., … Röseler, J. J. (2020, July 24). The Stepwise Anchoring Paradigm: Measuring Reliable Components of Anchoring and Adjustment as the Next Step in Moderator Research. https://doi.org/10.31234/osf.io/hjbwp","Röseler et al., 2020","https://osf.io/uac2t/","Weight of a warthog (kg)","weight",1,0,0,1,1,1,3,3,60,1,1
"1393",20,1,9,8,551,75551,"Röseler, L., Schütz, A., Dolling, I. K., Friedinger, K., Hösch, Y., Hügel, J. C., … Röseler, J. J. (2020, July 24). The Stepwise Anchoring Paradigm: Measuring Reliable Components of Anchoring and Adjustment as the Next Step in Moderator Research. https://doi.org/10.31234/osf.io/hjbwp","Röseler et al., 2020","https://osf.io/uac2t/","Weight of a rabbit (kg)","weight",1,0,0,1,1,1,3,3,4.5,1,1
"1394",20,1,6,1,551,75551,"Röseler, L., Schütz, A., Dolling, I. K., Friedinger, K., Hösch, Y., Hügel, J. C., … Röseler, J. J. (2020, July 24). The Stepwise Anchoring Paradigm: Measuring Reliable Components of Anchoring and Adjustment as the Next Step in Moderator Research. https://doi.org/10.31234/osf.io/hjbwp","Röseler et al., 2020","https://osf.io/uac2t/","Weight of a cat (kg)","weight",1,0,0,1,1,1,3,3,4.25,0,1
"1395",20,1,10,14,551,75551,"Röseler, L., Schütz, A., Dolling, I. K., Friedinger, K., Hösch, Y., Hügel, J. C., … Röseler, J. J. (2020, July 24). The Stepwise Anchoring Paradigm: Measuring Reliable Components of Anchoring and Adjustment as the Next Step in Moderator Research. https://doi.org/10.31234/osf.io/hjbwp","Röseler et al., 2020","https://osf.io/uac2t/","Weight of a fox (kg)","weight",1,0,0,1,1,1,3,3,8,1,1
"1396",20,1,8,2,551,75551,"Röseler, L., Schütz, A., Dolling, I. K., Friedinger, K., Hösch, Y., Hügel, J. C., … Röseler, J. J. (2020, July 24). The Stepwise Anchoring Paradigm: Measuring Reliable Components of Anchoring and Adjustment as the Next Step in Moderator Research. https://doi.org/10.31234/osf.io/hjbwp","Röseler et al., 2020","https://osf.io/uac2t/","Weight of a racoon (kg)","weight",1,0,0,1,1,1,3,3,8,0,1
"1397",20,1,19,26,551,75551,"Röseler, L., Schütz, A., Dolling, I. K., Friedinger, K., Hösch, Y., Hügel, J. C., … Röseler, J. J. (2020, July 24). The Stepwise Anchoring Paradigm: Measuring Reliable Components of Anchoring and Adjustment as the Next Step in Moderator Research. https://doi.org/10.31234/osf.io/hjbwp","Röseler et al., 2020","https://osf.io/uac2t/","Weight of a badger (kg)","weight",1,0,0,1,1,1,3,3,15,1,1
"1398",20,1,16,4,551,75551,"Röseler, L., Schütz, A., Dolling, I. K., Friedinger, K., Hösch, Y., Hügel, J. C., … Röseler, J. J. (2020, July 24). The Stepwise Anchoring Paradigm: Measuring Reliable Components of Anchoring and Adjustment as the Next Step in Moderator Research. https://doi.org/10.31234/osf.io/hjbwp","Röseler et al., 2020","https://osf.io/uac2t/","Weight of a pelican (kg)","weight",1,0,0,1,1,1,3,3,15,0,1
"1399",20,1,18,40,551,75551,"Röseler, L., Schütz, A., Dolling, I. K., Friedinger, K., Hösch, Y., Hügel, J. C., … Röseler, J. J. (2020, July 24). The Stepwise Anchoring Paradigm: Measuring Reliable Components of Anchoring and Adjustment as the Next Step in Moderator Research. https://doi.org/10.31234/osf.io/hjbwp","Röseler et al., 2020","https://osf.io/uac2t/","Weight of a beaver (kg)","weight",1,0,0,1,1,1,3,3,25,1,1
"1400",20,1,36,10,551,75551,"Röseler, L., Schütz, A., Dolling, I. K., Friedinger, K., Hösch, Y., Hügel, J. C., … Röseler, J. J. (2020, July 24). The Stepwise Anchoring Paradigm: Measuring Reliable Components of Anchoring and Adjustment as the Next Step in Moderator Research. https://doi.org/10.31234/osf.io/hjbwp","Röseler et al., 2020","https://osf.io/uac2t/","Weight of a deer (kg)","weight",1,0,0,1,1,1,3,3,25,0,1
"1401",20,1,44,75,551,75551,"Röseler, L., Schütz, A., Dolling, I. K., Friedinger, K., Hösch, Y., Hügel, J. C., … Röseler, J. J. (2020, July 24). The Stepwise Anchoring Paradigm: Measuring Reliable Components of Anchoring and Adjustment as the Next Step in Moderator Research. https://doi.org/10.31234/osf.io/hjbwp","Röseler et al., 2020","https://osf.io/uac2t/","Weight of a wolf (kg)","weight",1,0,0,1,1,1,3,3,50,1,1
"1402",20,1,36,25,551,75551,"Röseler, L., Schütz, A., Dolling, I. K., Friedinger, K., Hösch, Y., Hügel, J. C., … Röseler, J. J. (2020, July 24). The Stepwise Anchoring Paradigm: Measuring Reliable Components of Anchoring and Adjustment as the Next Step in Moderator Research. https://doi.org/10.31234/osf.io/hjbwp","Röseler et al., 2020","https://osf.io/uac2t/","Weight of a goat (kg)","weight",1,0,0,1,1,1,3,3,50,0,1
"1403",20,1,40,84,551,75551,"Röseler, L., Schütz, A., Dolling, I. K., Friedinger, K., Hösch, Y., Hügel, J. C., … Röseler, J. J. (2020, July 24). The Stepwise Anchoring Paradigm: Measuring Reliable Components of Anchoring and Adjustment as the Next Step in Moderator Research. https://doi.org/10.31234/osf.io/hjbwp","Röseler et al., 2020","https://osf.io/uac2t/","Weight of a hyena (kg)","weight",1,0,0,1,1,1,3,3,60,1,1
"1404",20,1,45,36,551,75551,"Röseler, L., Schütz, A., Dolling, I. K., Friedinger, K., Hösch, Y., Hügel, J. C., … Röseler, J. J. (2020, July 24). The Stepwise Anchoring Paradigm: Measuring Reliable Components of Anchoring and Adjustment as the Next Step in Moderator Research. https://doi.org/10.31234/osf.io/hjbwp","Röseler et al., 2020","https://osf.io/uac2t/","Weight of a warthog (kg)","weight",1,0,0,1,1,1,3,3,60,0,1
"1405",20,2,6,1,555,75555,"Röseler, L., Schütz, A., Dolling, I. K., Friedinger, K., Hösch, Y., Hügel, J. C., … Röseler, J. J. (2020, July 24). The Stepwise Anchoring Paradigm: Measuring Reliable Components of Anchoring and Adjustment as the Next Step in Moderator Research. https://doi.org/10.31234/osf.io/hjbwp","Röseler et al., 2020","https://osf.io/uac2t/","Weight of a rabbit (kg)","weight",1,0,0,1,1,1,3,3,4.5,0,1
"1406",20,2,6,8,555,75555,"Röseler, L., Schütz, A., Dolling, I. K., Friedinger, K., Hösch, Y., Hügel, J. C., … Röseler, J. J. (2020, July 24). The Stepwise Anchoring Paradigm: Measuring Reliable Components of Anchoring and Adjustment as the Next Step in Moderator Research. https://doi.org/10.31234/osf.io/hjbwp","Röseler et al., 2020","https://osf.io/uac2t/","Weight of a cat (kg)","weight",1,0,0,1,1,1,3,3,4.25,1,1
"1407",20,2,16,2,555,75555,"Röseler, L., Schütz, A., Dolling, I. K., Friedinger, K., Hösch, Y., Hügel, J. C., … Röseler, J. J. (2020, July 24). The Stepwise Anchoring Paradigm: Measuring Reliable Components of Anchoring and Adjustment as the Next Step in Moderator Research. https://doi.org/10.31234/osf.io/hjbwp","Röseler et al., 2020","https://osf.io/uac2t/","Weight of a fox (kg)","weight",1,0,0,1,1,1,3,3,8,0,1
"1408",20,2,17,14,555,75555,"Röseler, L., Schütz, A., Dolling, I. K., Friedinger, K., Hösch, Y., Hügel, J. C., … Röseler, J. J. (2020, July 24). The Stepwise Anchoring Paradigm: Measuring Reliable Components of Anchoring and Adjustment as the Next Step in Moderator Research. https://doi.org/10.31234/osf.io/hjbwp","Röseler et al., 2020","https://osf.io/uac2t/","Weight of a racoon (kg)","weight",1,0,0,1,1,1,3,3,8,1,1
"1409",20,2,14,4,555,75555,"Röseler, L., Schütz, A., Dolling, I. K., Friedinger, K., Hösch, Y., Hügel, J. C., … Röseler, J. J. (2020, July 24). The Stepwise Anchoring Paradigm: Measuring Reliable Components of Anchoring and Adjustment as the Next Step in Moderator Research. https://doi.org/10.31234/osf.io/hjbwp","Röseler et al., 2020","https://osf.io/uac2t/","Weight of a badger (kg)","weight",1,0,0,1,1,1,3,3,15,0,1
"1410",20,2,11,26,555,75555,"Röseler, L., Schütz, A., Dolling, I. K., Friedinger, K., Hösch, Y., Hügel, J. C., … Röseler, J. J. (2020, July 24). The Stepwise Anchoring Paradigm: Measuring Reliable Components of Anchoring and Adjustment as the Next Step in Moderator Research. https://doi.org/10.31234/osf.io/hjbwp","Röseler et al., 2020","https://osf.io/uac2t/","Weight of a pelican (kg)","weight",1,0,0,1,1,1,3,3,15,1,1
"1411",20,2,14,10,555,75555,"Röseler, L., Schütz, A., Dolling, I. K., Friedinger, K., Hösch, Y., Hügel, J. C., … Röseler, J. J. (2020, July 24). The Stepwise Anchoring Paradigm: Measuring Reliable Components of Anchoring and Adjustment as the Next Step in Moderator Research. https://doi.org/10.31234/osf.io/hjbwp","Röseler et al., 2020","https://osf.io/uac2t/","Weight of a beaver (kg)","weight",1,0,0,1,1,1,3,3,25,0,1
"1412",20,2,28,40,555,75555,"Röseler, L., Schütz, A., Dolling, I. K., Friedinger, K., Hösch, Y., Hügel, J. C., … Röseler, J. J. (2020, July 24). The Stepwise Anchoring Paradigm: Measuring Reliable Components of Anchoring and Adjustment as the Next Step in Moderator Research. https://doi.org/10.31234/osf.io/hjbwp","Röseler et al., 2020","https://osf.io/uac2t/","Weight of a deer (kg)","weight",1,0,0,1,1,1,3,3,25,1,1
"1413",20,2,31,25,555,75555,"Röseler, L., Schütz, A., Dolling, I. K., Friedinger, K., Hösch, Y., Hügel, J. C., … Röseler, J. J. (2020, July 24). The Stepwise Anchoring Paradigm: Measuring Reliable Components of Anchoring and Adjustment as the Next Step in Moderator Research. https://doi.org/10.31234/osf.io/hjbwp","Röseler et al., 2020","https://osf.io/uac2t/","Weight of a wolf (kg)","weight",1,0,0,1,1,1,3,3,50,0,1
"1414",20,2,13,75,555,75555,"Röseler, L., Schütz, A., Dolling, I. K., Friedinger, K., Hösch, Y., Hügel, J. C., … Röseler, J. J. (2020, July 24). The Stepwise Anchoring Paradigm: Measuring Reliable Components of Anchoring and Adjustment as the Next Step in Moderator Research. https://doi.org/10.31234/osf.io/hjbwp","Röseler et al., 2020","https://osf.io/uac2t/","Weight of a goat (kg)","weight",1,0,0,1,1,1,3,3,50,1,1
"1415",20,2,45,36,555,75555,"Röseler, L., Schütz, A., Dolling, I. K., Friedinger, K., Hösch, Y., Hügel, J. C., … Röseler, J. J. (2020, July 24). The Stepwise Anchoring Paradigm: Measuring Reliable Components of Anchoring and Adjustment as the Next Step in Moderator Research. https://doi.org/10.31234/osf.io/hjbwp","Röseler et al., 2020","https://osf.io/uac2t/","Weight of a hyena (kg)","weight",1,0,0,1,1,1,3,3,60,0,1
"1416",20,2,56,84,555,75555,"Röseler, L., Schütz, A., Dolling, I. K., Friedinger, K., Hösch, Y., Hügel, J. C., … Röseler, J. J. (2020, July 24). The Stepwise Anchoring Paradigm: Measuring Reliable Components of Anchoring and Adjustment as the Next Step in Moderator Research. https://doi.org/10.31234/osf.io/hjbwp","Röseler et al., 2020","https://osf.io/uac2t/","Weight of a warthog (kg)","weight",1,0,0,1,1,1,3,3,60,1,1
"1417",21,2,5,8,558,75558,"Röseler, L., Schütz, A., Dolling, I. K., Friedinger, K., Hösch, Y., Hügel, J. C., … Röseler, J. J. (2020, July 24). The Stepwise Anchoring Paradigm: Measuring Reliable Components of Anchoring and Adjustment as the Next Step in Moderator Research. https://doi.org/10.31234/osf.io/hjbwp","Röseler et al., 2020","https://osf.io/uac2t/","Weight of a rabbit (kg)","weight",1,0,0,1,1,1,3,3,4.5,1,1
"1418",21,2,4,1,558,75558,"Röseler, L., Schütz, A., Dolling, I. K., Friedinger, K., Hösch, Y., Hügel, J. C., … Röseler, J. J. (2020, July 24). The Stepwise Anchoring Paradigm: Measuring Reliable Components of Anchoring and Adjustment as the Next Step in Moderator Research. https://doi.org/10.31234/osf.io/hjbwp","Röseler et al., 2020","https://osf.io/uac2t/","Weight of a cat (kg)","weight",1,0,0,1,1,1,3,3,4.25,0,1
"1419",21,2,11,14,558,75558,"Röseler, L., Schütz, A., Dolling, I. K., Friedinger, K., Hösch, Y., Hügel, J. C., … Röseler, J. J. (2020, July 24). The Stepwise Anchoring Paradigm: Measuring Reliable Components of Anchoring and Adjustment as the Next Step in Moderator Research. https://doi.org/10.31234/osf.io/hjbwp","Röseler et al., 2020","https://osf.io/uac2t/","Weight of a fox (kg)","weight",1,0,0,1,1,1,3,3,8,1,1
"1420",21,2,19,2,558,75558,"Röseler, L., Schütz, A., Dolling, I. K., Friedinger, K., Hösch, Y., Hügel, J. C., … Röseler, J. J. (2020, July 24). The Stepwise Anchoring Paradigm: Measuring Reliable Components of Anchoring and Adjustment as the Next Step in Moderator Research. https://doi.org/10.31234/osf.io/hjbwp","Röseler et al., 2020","https://osf.io/uac2t/","Weight of a racoon (kg)","weight",1,0,0,1,1,1,3,3,8,0,1
"1421",21,2,13,26,558,75558,"Röseler, L., Schütz, A., Dolling, I. K., Friedinger, K., Hösch, Y., Hügel, J. C., … Röseler, J. J. (2020, July 24). The Stepwise Anchoring Paradigm: Measuring Reliable Components of Anchoring and Adjustment as the Next Step in Moderator Research. https://doi.org/10.31234/osf.io/hjbwp","Röseler et al., 2020","https://osf.io/uac2t/","Weight of a badger (kg)","weight",1,0,0,1,1,1,3,3,15,1,1
"1422",21,2,14,4,558,75558,"Röseler, L., Schütz, A., Dolling, I. K., Friedinger, K., Hösch, Y., Hügel, J. C., … Röseler, J. J. (2020, July 24). The Stepwise Anchoring Paradigm: Measuring Reliable Components of Anchoring and Adjustment as the Next Step in Moderator Research. https://doi.org/10.31234/osf.io/hjbwp","Röseler et al., 2020","https://osf.io/uac2t/","Weight of a pelican (kg)","weight",1,0,0,1,1,1,3,3,15,0,1
"1423",21,2,12,40,558,75558,"Röseler, L., Schütz, A., Dolling, I. K., Friedinger, K., Hösch, Y., Hügel, J. C., … Röseler, J. J. (2020, July 24). The Stepwise Anchoring Paradigm: Measuring Reliable Components of Anchoring and Adjustment as the Next Step in Moderator Research. https://doi.org/10.31234/osf.io/hjbwp","Röseler et al., 2020","https://osf.io/uac2t/","Weight of a beaver (kg)","weight",1,0,0,1,1,1,3,3,25,1,1
"1424",21,2,16,10,558,75558,"Röseler, L., Schütz, A., Dolling, I. K., Friedinger, K., Hösch, Y., Hügel, J. C., … Röseler, J. J. (2020, July 24). The Stepwise Anchoring Paradigm: Measuring Reliable Components of Anchoring and Adjustment as the Next Step in Moderator Research. https://doi.org/10.31234/osf.io/hjbwp","Röseler et al., 2020","https://osf.io/uac2t/","Weight of a deer (kg)","weight",1,0,0,1,1,1,3,3,25,0,1
"1425",21,2,60,75,558,75558,"Röseler, L., Schütz, A., Dolling, I. K., Friedinger, K., Hösch, Y., Hügel, J. C., … Röseler, J. J. (2020, July 24). The Stepwise Anchoring Paradigm: Measuring Reliable Components of Anchoring and Adjustment as the Next Step in Moderator Research. https://doi.org/10.31234/osf.io/hjbwp","Röseler et al., 2020","https://osf.io/uac2t/","Weight of a wolf (kg)","weight",1,0,0,1,1,1,3,3,50,1,1
"1426",21,2,46,25,558,75558,"Röseler, L., Schütz, A., Dolling, I. K., Friedinger, K., Hösch, Y., Hügel, J. C., … Röseler, J. J. (2020, July 24). The Stepwise Anchoring Paradigm: Measuring Reliable Components of Anchoring and Adjustment as the Next Step in Moderator Research. https://doi.org/10.31234/osf.io/hjbwp","Röseler et al., 2020","https://osf.io/uac2t/","Weight of a goat (kg)","weight",1,0,0,1,1,1,3,3,50,0,1
"1427",21,2,60,84,558,75558,"Röseler, L., Schütz, A., Dolling, I. K., Friedinger, K., Hösch, Y., Hügel, J. C., … Röseler, J. J. (2020, July 24). The Stepwise Anchoring Paradigm: Measuring Reliable Components of Anchoring and Adjustment as the Next Step in Moderator Research. https://doi.org/10.31234/osf.io/hjbwp","Röseler et al., 2020","https://osf.io/uac2t/","Weight of a hyena (kg)","weight",1,0,0,1,1,1,3,3,60,1,1
"1428",21,2,47,36,558,75558,"Röseler, L., Schütz, A., Dolling, I. K., Friedinger, K., Hösch, Y., Hügel, J. C., … Röseler, J. J. (2020, July 24). The Stepwise Anchoring Paradigm: Measuring Reliable Components of Anchoring and Adjustment as the Next Step in Moderator Research. https://doi.org/10.31234/osf.io/hjbwp","Röseler et al., 2020","https://osf.io/uac2t/","Weight of a warthog (kg)","weight",1,0,0,1,1,1,3,3,60,0,1
"1429",NA,1,6,8,559,75559,"Röseler, L., Schütz, A., Dolling, I. K., Friedinger, K., Hösch, Y., Hügel, J. C., … Röseler, J. J. (2020, July 24). The Stepwise Anchoring Paradigm: Measuring Reliable Components of Anchoring and Adjustment as the Next Step in Moderator Research. https://doi.org/10.31234/osf.io/hjbwp","Röseler et al., 2020","https://osf.io/uac2t/","Weight of a rabbit (kg)","weight",1,0,0,1,1,1,3,3,4.5,1,1
"1430",NA,1,4,1,559,75559,"Röseler, L., Schütz, A., Dolling, I. K., Friedinger, K., Hösch, Y., Hügel, J. C., … Röseler, J. J. (2020, July 24). The Stepwise Anchoring Paradigm: Measuring Reliable Components of Anchoring and Adjustment as the Next Step in Moderator Research. https://doi.org/10.31234/osf.io/hjbwp","Röseler et al., 2020","https://osf.io/uac2t/","Weight of a cat (kg)","weight",1,0,0,1,1,1,3,3,4.25,0,1
"1431",NA,1,5,14,559,75559,"Röseler, L., Schütz, A., Dolling, I. K., Friedinger, K., Hösch, Y., Hügel, J. C., … Röseler, J. J. (2020, July 24). The Stepwise Anchoring Paradigm: Measuring Reliable Components of Anchoring and Adjustment as the Next Step in Moderator Research. https://doi.org/10.31234/osf.io/hjbwp","Röseler et al., 2020","https://osf.io/uac2t/","Weight of a fox (kg)","weight",1,0,0,1,1,1,3,3,8,1,1
"1432",NA,1,5,2,559,75559,"Röseler, L., Schütz, A., Dolling, I. K., Friedinger, K., Hösch, Y., Hügel, J. C., … Röseler, J. J. (2020, July 24). The Stepwise Anchoring Paradigm: Measuring Reliable Components of Anchoring and Adjustment as the Next Step in Moderator Research. https://doi.org/10.31234/osf.io/hjbwp","Röseler et al., 2020","https://osf.io/uac2t/","Weight of a racoon (kg)","weight",1,0,0,1,1,1,3,3,8,0,1
"1433",NA,1,10,26,559,75559,"Röseler, L., Schütz, A., Dolling, I. K., Friedinger, K., Hösch, Y., Hügel, J. C., … Röseler, J. J. (2020, July 24). The Stepwise Anchoring Paradigm: Measuring Reliable Components of Anchoring and Adjustment as the Next Step in Moderator Research. https://doi.org/10.31234/osf.io/hjbwp","Röseler et al., 2020","https://osf.io/uac2t/","Weight of a badger (kg)","weight",1,0,0,1,1,1,3,3,15,1,1
"1434",NA,1,14,4,559,75559,"Röseler, L., Schütz, A., Dolling, I. K., Friedinger, K., Hösch, Y., Hügel, J. C., … Röseler, J. J. (2020, July 24). The Stepwise Anchoring Paradigm: Measuring Reliable Components of Anchoring and Adjustment as the Next Step in Moderator Research. https://doi.org/10.31234/osf.io/hjbwp","Röseler et al., 2020","https://osf.io/uac2t/","Weight of a pelican (kg)","weight",1,0,0,1,1,1,3,3,15,0,1
"1435",NA,1,30,40,559,75559,"Röseler, L., Schütz, A., Dolling, I. K., Friedinger, K., Hösch, Y., Hügel, J. C., … Röseler, J. J. (2020, July 24). The Stepwise Anchoring Paradigm: Measuring Reliable Components of Anchoring and Adjustment as the Next Step in Moderator Research. https://doi.org/10.31234/osf.io/hjbwp","Röseler et al., 2020","https://osf.io/uac2t/","Weight of a beaver (kg)","weight",1,0,0,1,1,1,3,3,25,1,1
"1436",NA,1,20,10,559,75559,"Röseler, L., Schütz, A., Dolling, I. K., Friedinger, K., Hösch, Y., Hügel, J. C., … Röseler, J. J. (2020, July 24). The Stepwise Anchoring Paradigm: Measuring Reliable Components of Anchoring and Adjustment as the Next Step in Moderator Research. https://doi.org/10.31234/osf.io/hjbwp","Röseler et al., 2020","https://osf.io/uac2t/","Weight of a deer (kg)","weight",1,0,0,1,1,1,3,3,25,0,1
"1437",NA,1,70,75,559,75559,"Röseler, L., Schütz, A., Dolling, I. K., Friedinger, K., Hösch, Y., Hügel, J. C., … Röseler, J. J. (2020, July 24). The Stepwise Anchoring Paradigm: Measuring Reliable Components of Anchoring and Adjustment as the Next Step in Moderator Research. https://doi.org/10.31234/osf.io/hjbwp","Röseler et al., 2020","https://osf.io/uac2t/","Weight of a wolf (kg)","weight",1,0,0,1,1,1,3,3,50,1,1
"1438",NA,1,28,25,559,75559,"Röseler, L., Schütz, A., Dolling, I. K., Friedinger, K., Hösch, Y., Hügel, J. C., … Röseler, J. J. (2020, July 24). The Stepwise Anchoring Paradigm: Measuring Reliable Components of Anchoring and Adjustment as the Next Step in Moderator Research. https://doi.org/10.31234/osf.io/hjbwp","Röseler et al., 2020","https://osf.io/uac2t/","Weight of a goat (kg)","weight",1,0,0,1,1,1,3,3,50,0,1
"1439",NA,1,24,84,559,75559,"Röseler, L., Schütz, A., Dolling, I. K., Friedinger, K., Hösch, Y., Hügel, J. C., … Röseler, J. J. (2020, July 24). The Stepwise Anchoring Paradigm: Measuring Reliable Components of Anchoring and Adjustment as the Next Step in Moderator Research. https://doi.org/10.31234/osf.io/hjbwp","Röseler et al., 2020","https://osf.io/uac2t/","Weight of a hyena (kg)","weight",1,0,0,1,1,1,3,3,60,1,1
"1440",NA,1,50,36,559,75559,"Röseler, L., Schütz, A., Dolling, I. K., Friedinger, K., Hösch, Y., Hügel, J. C., … Röseler, J. J. (2020, July 24). The Stepwise Anchoring Paradigm: Measuring Reliable Components of Anchoring and Adjustment as the Next Step in Moderator Research. https://doi.org/10.31234/osf.io/hjbwp","Röseler et al., 2020","https://osf.io/uac2t/","Weight of a warthog (kg)","weight",1,0,0,1,1,1,3,3,60,0,1
"1441",62,2,4,8,565,75565,"Röseler, L., Schütz, A., Dolling, I. K., Friedinger, K., Hösch, Y., Hügel, J. C., … Röseler, J. J. (2020, July 24). The Stepwise Anchoring Paradigm: Measuring Reliable Components of Anchoring and Adjustment as the Next Step in Moderator Research. https://doi.org/10.31234/osf.io/hjbwp","Röseler et al., 2020","https://osf.io/uac2t/","Weight of a rabbit (kg)","weight",1,0,0,1,1,1,3,3,4.5,1,1
"1442",62,2,46,1,565,75565,"Röseler, L., Schütz, A., Dolling, I. K., Friedinger, K., Hösch, Y., Hügel, J. C., … Röseler, J. J. (2020, July 24). The Stepwise Anchoring Paradigm: Measuring Reliable Components of Anchoring and Adjustment as the Next Step in Moderator Research. https://doi.org/10.31234/osf.io/hjbwp","Röseler et al., 2020","https://osf.io/uac2t/","Weight of a cat (kg)","weight",1,0,0,1,1,1,3,3,4.25,0,1
"1443",62,2,7,14,565,75565,"Röseler, L., Schütz, A., Dolling, I. K., Friedinger, K., Hösch, Y., Hügel, J. C., … Röseler, J. J. (2020, July 24). The Stepwise Anchoring Paradigm: Measuring Reliable Components of Anchoring and Adjustment as the Next Step in Moderator Research. https://doi.org/10.31234/osf.io/hjbwp","Röseler et al., 2020","https://osf.io/uac2t/","Weight of a fox (kg)","weight",1,0,0,1,1,1,3,3,8,1,1
"1444",62,2,8,2,565,75565,"Röseler, L., Schütz, A., Dolling, I. K., Friedinger, K., Hösch, Y., Hügel, J. C., … Röseler, J. J. (2020, July 24). The Stepwise Anchoring Paradigm: Measuring Reliable Components of Anchoring and Adjustment as the Next Step in Moderator Research. https://doi.org/10.31234/osf.io/hjbwp","Röseler et al., 2020","https://osf.io/uac2t/","Weight of a racoon (kg)","weight",1,0,0,1,1,1,3,3,8,0,1
"1445",62,2,17,26,565,75565,"Röseler, L., Schütz, A., Dolling, I. K., Friedinger, K., Hösch, Y., Hügel, J. C., … Röseler, J. J. (2020, July 24). The Stepwise Anchoring Paradigm: Measuring Reliable Components of Anchoring and Adjustment as the Next Step in Moderator Research. https://doi.org/10.31234/osf.io/hjbwp","Röseler et al., 2020","https://osf.io/uac2t/","Weight of a badger (kg)","weight",1,0,0,1,1,1,3,3,15,1,1
"1446",62,2,11,4,565,75565,"Röseler, L., Schütz, A., Dolling, I. K., Friedinger, K., Hösch, Y., Hügel, J. C., … Röseler, J. J. (2020, July 24). The Stepwise Anchoring Paradigm: Measuring Reliable Components of Anchoring and Adjustment as the Next Step in Moderator Research. https://doi.org/10.31234/osf.io/hjbwp","Röseler et al., 2020","https://osf.io/uac2t/","Weight of a pelican (kg)","weight",1,0,0,1,1,1,3,3,15,0,1
"1447",62,2,14,40,565,75565,"Röseler, L., Schütz, A., Dolling, I. K., Friedinger, K., Hösch, Y., Hügel, J. C., … Röseler, J. J. (2020, July 24). The Stepwise Anchoring Paradigm: Measuring Reliable Components of Anchoring and Adjustment as the Next Step in Moderator Research. https://doi.org/10.31234/osf.io/hjbwp","Röseler et al., 2020","https://osf.io/uac2t/","Weight of a beaver (kg)","weight",1,0,0,1,1,1,3,3,25,1,1
"1448",62,2,26,10,565,75565,"Röseler, L., Schütz, A., Dolling, I. K., Friedinger, K., Hösch, Y., Hügel, J. C., … Röseler, J. J. (2020, July 24). The Stepwise Anchoring Paradigm: Measuring Reliable Components of Anchoring and Adjustment as the Next Step in Moderator Research. https://doi.org/10.31234/osf.io/hjbwp","Röseler et al., 2020","https://osf.io/uac2t/","Weight of a deer (kg)","weight",1,0,0,1,1,1,3,3,25,0,1
"1449",62,2,25,75,565,75565,"Röseler, L., Schütz, A., Dolling, I. K., Friedinger, K., Hösch, Y., Hügel, J. C., … Röseler, J. J. (2020, July 24). The Stepwise Anchoring Paradigm: Measuring Reliable Components of Anchoring and Adjustment as the Next Step in Moderator Research. https://doi.org/10.31234/osf.io/hjbwp","Röseler et al., 2020","https://osf.io/uac2t/","Weight of a wolf (kg)","weight",1,0,0,1,1,1,3,3,50,1,1
"1450",62,2,40,25,565,75565,"Röseler, L., Schütz, A., Dolling, I. K., Friedinger, K., Hösch, Y., Hügel, J. C., … Röseler, J. J. (2020, July 24). The Stepwise Anchoring Paradigm: Measuring Reliable Components of Anchoring and Adjustment as the Next Step in Moderator Research. https://doi.org/10.31234/osf.io/hjbwp","Röseler et al., 2020","https://osf.io/uac2t/","Weight of a goat (kg)","weight",1,0,0,1,1,1,3,3,50,0,1
"1451",62,2,20,84,565,75565,"Röseler, L., Schütz, A., Dolling, I. K., Friedinger, K., Hösch, Y., Hügel, J. C., … Röseler, J. J. (2020, July 24). The Stepwise Anchoring Paradigm: Measuring Reliable Components of Anchoring and Adjustment as the Next Step in Moderator Research. https://doi.org/10.31234/osf.io/hjbwp","Röseler et al., 2020","https://osf.io/uac2t/","Weight of a hyena (kg)","weight",1,0,0,1,1,1,3,3,60,1,1
"1452",62,2,50,36,565,75565,"Röseler, L., Schütz, A., Dolling, I. K., Friedinger, K., Hösch, Y., Hügel, J. C., … Röseler, J. J. (2020, July 24). The Stepwise Anchoring Paradigm: Measuring Reliable Components of Anchoring and Adjustment as the Next Step in Moderator Research. https://doi.org/10.31234/osf.io/hjbwp","Röseler et al., 2020","https://osf.io/uac2t/","Weight of a warthog (kg)","weight",1,0,0,1,1,1,3,3,60,0,1
"1453",51,1,7,1,567,75567,"Röseler, L., Schütz, A., Dolling, I. K., Friedinger, K., Hösch, Y., Hügel, J. C., … Röseler, J. J. (2020, July 24). The Stepwise Anchoring Paradigm: Measuring Reliable Components of Anchoring and Adjustment as the Next Step in Moderator Research. https://doi.org/10.31234/osf.io/hjbwp","Röseler et al., 2020","https://osf.io/uac2t/","Weight of a rabbit (kg)","weight",1,0,0,1,1,1,3,3,4.5,0,1
"1454",51,1,7,8,567,75567,"Röseler, L., Schütz, A., Dolling, I. K., Friedinger, K., Hösch, Y., Hügel, J. C., … Röseler, J. J. (2020, July 24). The Stepwise Anchoring Paradigm: Measuring Reliable Components of Anchoring and Adjustment as the Next Step in Moderator Research. https://doi.org/10.31234/osf.io/hjbwp","Röseler et al., 2020","https://osf.io/uac2t/","Weight of a cat (kg)","weight",1,0,0,1,1,1,3,3,4.25,1,1
"1455",51,1,17,2,567,75567,"Röseler, L., Schütz, A., Dolling, I. K., Friedinger, K., Hösch, Y., Hügel, J. C., … Röseler, J. J. (2020, July 24). The Stepwise Anchoring Paradigm: Measuring Reliable Components of Anchoring and Adjustment as the Next Step in Moderator Research. https://doi.org/10.31234/osf.io/hjbwp","Röseler et al., 2020","https://osf.io/uac2t/","Weight of a fox (kg)","weight",1,0,0,1,1,1,3,3,8,0,1
"1456",51,1,18,14,567,75567,"Röseler, L., Schütz, A., Dolling, I. K., Friedinger, K., Hösch, Y., Hügel, J. C., … Röseler, J. J. (2020, July 24). The Stepwise Anchoring Paradigm: Measuring Reliable Components of Anchoring and Adjustment as the Next Step in Moderator Research. https://doi.org/10.31234/osf.io/hjbwp","Röseler et al., 2020","https://osf.io/uac2t/","Weight of a racoon (kg)","weight",1,0,0,1,1,1,3,3,8,1,1
"1457",51,1,12,4,567,75567,"Röseler, L., Schütz, A., Dolling, I. K., Friedinger, K., Hösch, Y., Hügel, J. C., … Röseler, J. J. (2020, July 24). The Stepwise Anchoring Paradigm: Measuring Reliable Components of Anchoring and Adjustment as the Next Step in Moderator Research. https://doi.org/10.31234/osf.io/hjbwp","Röseler et al., 2020","https://osf.io/uac2t/","Weight of a badger (kg)","weight",1,0,0,1,1,1,3,3,15,0,1
"1458",51,1,22,26,567,75567,"Röseler, L., Schütz, A., Dolling, I. K., Friedinger, K., Hösch, Y., Hügel, J. C., … Röseler, J. J. (2020, July 24). The Stepwise Anchoring Paradigm: Measuring Reliable Components of Anchoring and Adjustment as the Next Step in Moderator Research. https://doi.org/10.31234/osf.io/hjbwp","Röseler et al., 2020","https://osf.io/uac2t/","Weight of a pelican (kg)","weight",1,0,0,1,1,1,3,3,15,1,1
"1459",51,1,12,10,567,75567,"Röseler, L., Schütz, A., Dolling, I. K., Friedinger, K., Hösch, Y., Hügel, J. C., … Röseler, J. J. (2020, July 24). The Stepwise Anchoring Paradigm: Measuring Reliable Components of Anchoring and Adjustment as the Next Step in Moderator Research. https://doi.org/10.31234/osf.io/hjbwp","Röseler et al., 2020","https://osf.io/uac2t/","Weight of a beaver (kg)","weight",1,0,0,1,1,1,3,3,25,0,1
"1460",51,1,36,40,567,75567,"Röseler, L., Schütz, A., Dolling, I. K., Friedinger, K., Hösch, Y., Hügel, J. C., … Röseler, J. J. (2020, July 24). The Stepwise Anchoring Paradigm: Measuring Reliable Components of Anchoring and Adjustment as the Next Step in Moderator Research. https://doi.org/10.31234/osf.io/hjbwp","Röseler et al., 2020","https://osf.io/uac2t/","Weight of a deer (kg)","weight",1,0,0,1,1,1,3,3,25,1,1
"1461",51,1,40,25,567,75567,"Röseler, L., Schütz, A., Dolling, I. K., Friedinger, K., Hösch, Y., Hügel, J. C., … Röseler, J. J. (2020, July 24). The Stepwise Anchoring Paradigm: Measuring Reliable Components of Anchoring and Adjustment as the Next Step in Moderator Research. https://doi.org/10.31234/osf.io/hjbwp","Röseler et al., 2020","https://osf.io/uac2t/","Weight of a wolf (kg)","weight",1,0,0,1,1,1,3,3,50,0,1
"1462",51,1,48,75,567,75567,"Röseler, L., Schütz, A., Dolling, I. K., Friedinger, K., Hösch, Y., Hügel, J. C., … Röseler, J. J. (2020, July 24). The Stepwise Anchoring Paradigm: Measuring Reliable Components of Anchoring and Adjustment as the Next Step in Moderator Research. https://doi.org/10.31234/osf.io/hjbwp","Röseler et al., 2020","https://osf.io/uac2t/","Weight of a goat (kg)","weight",1,0,0,1,1,1,3,3,50,1,1
"1463",51,1,40,36,567,75567,"Röseler, L., Schütz, A., Dolling, I. K., Friedinger, K., Hösch, Y., Hügel, J. C., … Röseler, J. J. (2020, July 24). The Stepwise Anchoring Paradigm: Measuring Reliable Components of Anchoring and Adjustment as the Next Step in Moderator Research. https://doi.org/10.31234/osf.io/hjbwp","Röseler et al., 2020","https://osf.io/uac2t/","Weight of a hyena (kg)","weight",1,0,0,1,1,1,3,3,60,0,1
"1464",51,1,55,84,567,75567,"Röseler, L., Schütz, A., Dolling, I. K., Friedinger, K., Hösch, Y., Hügel, J. C., … Röseler, J. J. (2020, July 24). The Stepwise Anchoring Paradigm: Measuring Reliable Components of Anchoring and Adjustment as the Next Step in Moderator Research. https://doi.org/10.31234/osf.io/hjbwp","Röseler et al., 2020","https://osf.io/uac2t/","Weight of a warthog (kg)","weight",1,0,0,1,1,1,3,3,60,1,1
"1465",29,2,9,1,568,75568,"Röseler, L., Schütz, A., Dolling, I. K., Friedinger, K., Hösch, Y., Hügel, J. C., … Röseler, J. J. (2020, July 24). The Stepwise Anchoring Paradigm: Measuring Reliable Components of Anchoring and Adjustment as the Next Step in Moderator Research. https://doi.org/10.31234/osf.io/hjbwp","Röseler et al., 2020","https://osf.io/uac2t/","Weight of a rabbit (kg)","weight",1,0,0,1,1,1,3,3,4.5,0,1
"1466",29,2,2,8,568,75568,"Röseler, L., Schütz, A., Dolling, I. K., Friedinger, K., Hösch, Y., Hügel, J. C., … Röseler, J. J. (2020, July 24). The Stepwise Anchoring Paradigm: Measuring Reliable Components of Anchoring and Adjustment as the Next Step in Moderator Research. https://doi.org/10.31234/osf.io/hjbwp","Röseler et al., 2020","https://osf.io/uac2t/","Weight of a cat (kg)","weight",1,0,0,1,1,1,3,3,4.25,1,1
"1467",29,2,18,2,568,75568,"Röseler, L., Schütz, A., Dolling, I. K., Friedinger, K., Hösch, Y., Hügel, J. C., … Röseler, J. J. (2020, July 24). The Stepwise Anchoring Paradigm: Measuring Reliable Components of Anchoring and Adjustment as the Next Step in Moderator Research. https://doi.org/10.31234/osf.io/hjbwp","Röseler et al., 2020","https://osf.io/uac2t/","Weight of a fox (kg)","weight",1,0,0,1,1,1,3,3,8,0,1
"1468",29,2,19,14,568,75568,"Röseler, L., Schütz, A., Dolling, I. K., Friedinger, K., Hösch, Y., Hügel, J. C., … Röseler, J. J. (2020, July 24). The Stepwise Anchoring Paradigm: Measuring Reliable Components of Anchoring and Adjustment as the Next Step in Moderator Research. https://doi.org/10.31234/osf.io/hjbwp","Röseler et al., 2020","https://osf.io/uac2t/","Weight of a racoon (kg)","weight",1,0,0,1,1,1,3,3,8,1,1
"1469",29,2,28,4,568,75568,"Röseler, L., Schütz, A., Dolling, I. K., Friedinger, K., Hösch, Y., Hügel, J. C., … Röseler, J. J. (2020, July 24). The Stepwise Anchoring Paradigm: Measuring Reliable Components of Anchoring and Adjustment as the Next Step in Moderator Research. https://doi.org/10.31234/osf.io/hjbwp","Röseler et al., 2020","https://osf.io/uac2t/","Weight of a badger (kg)","weight",1,0,0,1,1,1,3,3,15,0,1
"1470",29,2,18,26,568,75568,"Röseler, L., Schütz, A., Dolling, I. K., Friedinger, K., Hösch, Y., Hügel, J. C., … Röseler, J. J. (2020, July 24). The Stepwise Anchoring Paradigm: Measuring Reliable Components of Anchoring and Adjustment as the Next Step in Moderator Research. https://doi.org/10.31234/osf.io/hjbwp","Röseler et al., 2020","https://osf.io/uac2t/","Weight of a pelican (kg)","weight",1,0,0,1,1,1,3,3,15,1,1
"1471",29,2,46,10,568,75568,"Röseler, L., Schütz, A., Dolling, I. K., Friedinger, K., Hösch, Y., Hügel, J. C., … Röseler, J. J. (2020, July 24). The Stepwise Anchoring Paradigm: Measuring Reliable Components of Anchoring and Adjustment as the Next Step in Moderator Research. https://doi.org/10.31234/osf.io/hjbwp","Röseler et al., 2020","https://osf.io/uac2t/","Weight of a beaver (kg)","weight",1,0,0,1,1,1,3,3,25,0,1
"1472",29,2,33,40,568,75568,"Röseler, L., Schütz, A., Dolling, I. K., Friedinger, K., Hösch, Y., Hügel, J. C., … Röseler, J. J. (2020, July 24). The Stepwise Anchoring Paradigm: Measuring Reliable Components of Anchoring and Adjustment as the Next Step in Moderator Research. https://doi.org/10.31234/osf.io/hjbwp","Röseler et al., 2020","https://osf.io/uac2t/","Weight of a deer (kg)","weight",1,0,0,1,1,1,3,3,25,1,1
"1473",29,2,50,25,568,75568,"Röseler, L., Schütz, A., Dolling, I. K., Friedinger, K., Hösch, Y., Hügel, J. C., … Röseler, J. J. (2020, July 24). The Stepwise Anchoring Paradigm: Measuring Reliable Components of Anchoring and Adjustment as the Next Step in Moderator Research. https://doi.org/10.31234/osf.io/hjbwp","Röseler et al., 2020","https://osf.io/uac2t/","Weight of a wolf (kg)","weight",1,0,0,1,1,1,3,3,50,0,1
"1474",29,2,55,75,568,75568,"Röseler, L., Schütz, A., Dolling, I. K., Friedinger, K., Hösch, Y., Hügel, J. C., … Röseler, J. J. (2020, July 24). The Stepwise Anchoring Paradigm: Measuring Reliable Components of Anchoring and Adjustment as the Next Step in Moderator Research. https://doi.org/10.31234/osf.io/hjbwp","Röseler et al., 2020","https://osf.io/uac2t/","Weight of a goat (kg)","weight",1,0,0,1,1,1,3,3,50,1,1
"1475",29,2,59,36,568,75568,"Röseler, L., Schütz, A., Dolling, I. K., Friedinger, K., Hösch, Y., Hügel, J. C., … Röseler, J. J. (2020, July 24). The Stepwise Anchoring Paradigm: Measuring Reliable Components of Anchoring and Adjustment as the Next Step in Moderator Research. https://doi.org/10.31234/osf.io/hjbwp","Röseler et al., 2020","https://osf.io/uac2t/","Weight of a hyena (kg)","weight",1,0,0,1,1,1,3,3,60,0,1
"1476",29,2,30,84,568,75568,"Röseler, L., Schütz, A., Dolling, I. K., Friedinger, K., Hösch, Y., Hügel, J. C., … Röseler, J. J. (2020, July 24). The Stepwise Anchoring Paradigm: Measuring Reliable Components of Anchoring and Adjustment as the Next Step in Moderator Research. https://doi.org/10.31234/osf.io/hjbwp","Röseler et al., 2020","https://osf.io/uac2t/","Weight of a warthog (kg)","weight",1,0,0,1,1,1,3,3,60,1,1
"1477",20,2,6,8,572,75572,"Röseler, L., Schütz, A., Dolling, I. K., Friedinger, K., Hösch, Y., Hügel, J. C., … Röseler, J. J. (2020, July 24). The Stepwise Anchoring Paradigm: Measuring Reliable Components of Anchoring and Adjustment as the Next Step in Moderator Research. https://doi.org/10.31234/osf.io/hjbwp","Röseler et al., 2020","https://osf.io/uac2t/","Weight of a rabbit (kg)","weight",1,0,0,1,1,1,3,3,4.5,1,1
"1478",20,2,12,1,572,75572,"Röseler, L., Schütz, A., Dolling, I. K., Friedinger, K., Hösch, Y., Hügel, J. C., … Röseler, J. J. (2020, July 24). The Stepwise Anchoring Paradigm: Measuring Reliable Components of Anchoring and Adjustment as the Next Step in Moderator Research. https://doi.org/10.31234/osf.io/hjbwp","Röseler et al., 2020","https://osf.io/uac2t/","Weight of a cat (kg)","weight",1,0,0,1,1,1,3,3,4.25,0,1
"1479",20,2,9,14,572,75572,"Röseler, L., Schütz, A., Dolling, I. K., Friedinger, K., Hösch, Y., Hügel, J. C., … Röseler, J. J. (2020, July 24). The Stepwise Anchoring Paradigm: Measuring Reliable Components of Anchoring and Adjustment as the Next Step in Moderator Research. https://doi.org/10.31234/osf.io/hjbwp","Röseler et al., 2020","https://osf.io/uac2t/","Weight of a fox (kg)","weight",1,0,0,1,1,1,3,3,8,1,1
"1480",20,2,18,2,572,75572,"Röseler, L., Schütz, A., Dolling, I. K., Friedinger, K., Hösch, Y., Hügel, J. C., … Röseler, J. J. (2020, July 24). The Stepwise Anchoring Paradigm: Measuring Reliable Components of Anchoring and Adjustment as the Next Step in Moderator Research. https://doi.org/10.31234/osf.io/hjbwp","Röseler et al., 2020","https://osf.io/uac2t/","Weight of a racoon (kg)","weight",1,0,0,1,1,1,3,3,8,0,1
"1481",20,2,15,26,572,75572,"Röseler, L., Schütz, A., Dolling, I. K., Friedinger, K., Hösch, Y., Hügel, J. C., … Röseler, J. J. (2020, July 24). The Stepwise Anchoring Paradigm: Measuring Reliable Components of Anchoring and Adjustment as the Next Step in Moderator Research. https://doi.org/10.31234/osf.io/hjbwp","Röseler et al., 2020","https://osf.io/uac2t/","Weight of a badger (kg)","weight",1,0,0,1,1,1,3,3,15,1,1
"1482",20,2,24,4,572,75572,"Röseler, L., Schütz, A., Dolling, I. K., Friedinger, K., Hösch, Y., Hügel, J. C., … Röseler, J. J. (2020, July 24). The Stepwise Anchoring Paradigm: Measuring Reliable Components of Anchoring and Adjustment as the Next Step in Moderator Research. https://doi.org/10.31234/osf.io/hjbwp","Röseler et al., 2020","https://osf.io/uac2t/","Weight of a pelican (kg)","weight",1,0,0,1,1,1,3,3,15,0,1
"1483",20,2,22,40,572,75572,"Röseler, L., Schütz, A., Dolling, I. K., Friedinger, K., Hösch, Y., Hügel, J. C., … Röseler, J. J. (2020, July 24). The Stepwise Anchoring Paradigm: Measuring Reliable Components of Anchoring and Adjustment as the Next Step in Moderator Research. https://doi.org/10.31234/osf.io/hjbwp","Röseler et al., 2020","https://osf.io/uac2t/","Weight of a beaver (kg)","weight",1,0,0,1,1,1,3,3,25,1,1
"1484",20,2,33,10,572,75572,"Röseler, L., Schütz, A., Dolling, I. K., Friedinger, K., Hösch, Y., Hügel, J. C., … Röseler, J. J. (2020, July 24). The Stepwise Anchoring Paradigm: Measuring Reliable Components of Anchoring and Adjustment as the Next Step in Moderator Research. https://doi.org/10.31234/osf.io/hjbwp","Röseler et al., 2020","https://osf.io/uac2t/","Weight of a deer (kg)","weight",1,0,0,1,1,1,3,3,25,0,1
"1485",20,2,32,75,572,75572,"Röseler, L., Schütz, A., Dolling, I. K., Friedinger, K., Hösch, Y., Hügel, J. C., … Röseler, J. J. (2020, July 24). The Stepwise Anchoring Paradigm: Measuring Reliable Components of Anchoring and Adjustment as the Next Step in Moderator Research. https://doi.org/10.31234/osf.io/hjbwp","Röseler et al., 2020","https://osf.io/uac2t/","Weight of a wolf (kg)","weight",1,0,0,1,1,1,3,3,50,1,1
"1486",20,2,40,25,572,75572,"Röseler, L., Schütz, A., Dolling, I. K., Friedinger, K., Hösch, Y., Hügel, J. C., … Röseler, J. J. (2020, July 24). The Stepwise Anchoring Paradigm: Measuring Reliable Components of Anchoring and Adjustment as the Next Step in Moderator Research. https://doi.org/10.31234/osf.io/hjbwp","Röseler et al., 2020","https://osf.io/uac2t/","Weight of a goat (kg)","weight",1,0,0,1,1,1,3,3,50,0,1
"1487",20,2,40,84,572,75572,"Röseler, L., Schütz, A., Dolling, I. K., Friedinger, K., Hösch, Y., Hügel, J. C., … Röseler, J. J. (2020, July 24). The Stepwise Anchoring Paradigm: Measuring Reliable Components of Anchoring and Adjustment as the Next Step in Moderator Research. https://doi.org/10.31234/osf.io/hjbwp","Röseler et al., 2020","https://osf.io/uac2t/","Weight of a hyena (kg)","weight",1,0,0,1,1,1,3,3,60,1,1
"1488",20,2,52,36,572,75572,"Röseler, L., Schütz, A., Dolling, I. K., Friedinger, K., Hösch, Y., Hügel, J. C., … Röseler, J. J. (2020, July 24). The Stepwise Anchoring Paradigm: Measuring Reliable Components of Anchoring and Adjustment as the Next Step in Moderator Research. https://doi.org/10.31234/osf.io/hjbwp","Röseler et al., 2020","https://osf.io/uac2t/","Weight of a warthog (kg)","weight",1,0,0,1,1,1,3,3,60,0,1
"1489",20,2,7,1,573,75573,"Röseler, L., Schütz, A., Dolling, I. K., Friedinger, K., Hösch, Y., Hügel, J. C., … Röseler, J. J. (2020, July 24). The Stepwise Anchoring Paradigm: Measuring Reliable Components of Anchoring and Adjustment as the Next Step in Moderator Research. https://doi.org/10.31234/osf.io/hjbwp","Röseler et al., 2020","https://osf.io/uac2t/","Weight of a rabbit (kg)","weight",1,0,0,1,1,1,3,3,4.5,0,1
"1490",20,2,9,8,573,75573,"Röseler, L., Schütz, A., Dolling, I. K., Friedinger, K., Hösch, Y., Hügel, J. C., … Röseler, J. J. (2020, July 24). The Stepwise Anchoring Paradigm: Measuring Reliable Components of Anchoring and Adjustment as the Next Step in Moderator Research. https://doi.org/10.31234/osf.io/hjbwp","Röseler et al., 2020","https://osf.io/uac2t/","Weight of a cat (kg)","weight",1,0,0,1,1,1,3,3,4.25,1,1
"1491",20,2,10,2,573,75573,"Röseler, L., Schütz, A., Dolling, I. K., Friedinger, K., Hösch, Y., Hügel, J. C., … Röseler, J. J. (2020, July 24). The Stepwise Anchoring Paradigm: Measuring Reliable Components of Anchoring and Adjustment as the Next Step in Moderator Research. https://doi.org/10.31234/osf.io/hjbwp","Röseler et al., 2020","https://osf.io/uac2t/","Weight of a fox (kg)","weight",1,0,0,1,1,1,3,3,8,0,1
"1492",20,2,17,14,573,75573,"Röseler, L., Schütz, A., Dolling, I. K., Friedinger, K., Hösch, Y., Hügel, J. C., … Röseler, J. J. (2020, July 24). The Stepwise Anchoring Paradigm: Measuring Reliable Components of Anchoring and Adjustment as the Next Step in Moderator Research. https://doi.org/10.31234/osf.io/hjbwp","Röseler et al., 2020","https://osf.io/uac2t/","Weight of a racoon (kg)","weight",1,0,0,1,1,1,3,3,8,1,1
"1493",20,2,14,4,573,75573,"Röseler, L., Schütz, A., Dolling, I. K., Friedinger, K., Hösch, Y., Hügel, J. C., … Röseler, J. J. (2020, July 24). The Stepwise Anchoring Paradigm: Measuring Reliable Components of Anchoring and Adjustment as the Next Step in Moderator Research. https://doi.org/10.31234/osf.io/hjbwp","Röseler et al., 2020","https://osf.io/uac2t/","Weight of a badger (kg)","weight",1,0,0,1,1,1,3,3,15,0,1
"1494",20,2,20,26,573,75573,"Röseler, L., Schütz, A., Dolling, I. K., Friedinger, K., Hösch, Y., Hügel, J. C., … Röseler, J. J. (2020, July 24). The Stepwise Anchoring Paradigm: Measuring Reliable Components of Anchoring and Adjustment as the Next Step in Moderator Research. https://doi.org/10.31234/osf.io/hjbwp","Röseler et al., 2020","https://osf.io/uac2t/","Weight of a pelican (kg)","weight",1,0,0,1,1,1,3,3,15,1,1
"1495",20,2,14,10,573,75573,"Röseler, L., Schütz, A., Dolling, I. K., Friedinger, K., Hösch, Y., Hügel, J. C., … Röseler, J. J. (2020, July 24). The Stepwise Anchoring Paradigm: Measuring Reliable Components of Anchoring and Adjustment as the Next Step in Moderator Research. https://doi.org/10.31234/osf.io/hjbwp","Röseler et al., 2020","https://osf.io/uac2t/","Weight of a beaver (kg)","weight",1,0,0,1,1,1,3,3,25,0,1
"1496",20,2,35,40,573,75573,"Röseler, L., Schütz, A., Dolling, I. K., Friedinger, K., Hösch, Y., Hügel, J. C., … Röseler, J. J. (2020, July 24). The Stepwise Anchoring Paradigm: Measuring Reliable Components of Anchoring and Adjustment as the Next Step in Moderator Research. https://doi.org/10.31234/osf.io/hjbwp","Röseler et al., 2020","https://osf.io/uac2t/","Weight of a deer (kg)","weight",1,0,0,1,1,1,3,3,25,1,1
"1497",20,2,32,25,573,75573,"Röseler, L., Schütz, A., Dolling, I. K., Friedinger, K., Hösch, Y., Hügel, J. C., … Röseler, J. J. (2020, July 24). The Stepwise Anchoring Paradigm: Measuring Reliable Components of Anchoring and Adjustment as the Next Step in Moderator Research. https://doi.org/10.31234/osf.io/hjbwp","Röseler et al., 2020","https://osf.io/uac2t/","Weight of a wolf (kg)","weight",1,0,0,1,1,1,3,3,50,0,1
"1498",20,2,52,75,573,75573,"Röseler, L., Schütz, A., Dolling, I. K., Friedinger, K., Hösch, Y., Hügel, J. C., … Röseler, J. J. (2020, July 24). The Stepwise Anchoring Paradigm: Measuring Reliable Components of Anchoring and Adjustment as the Next Step in Moderator Research. https://doi.org/10.31234/osf.io/hjbwp","Röseler et al., 2020","https://osf.io/uac2t/","Weight of a goat (kg)","weight",1,0,0,1,1,1,3,3,50,1,1
"1499",20,2,40,36,573,75573,"Röseler, L., Schütz, A., Dolling, I. K., Friedinger, K., Hösch, Y., Hügel, J. C., … Röseler, J. J. (2020, July 24). The Stepwise Anchoring Paradigm: Measuring Reliable Components of Anchoring and Adjustment as the Next Step in Moderator Research. https://doi.org/10.31234/osf.io/hjbwp","Röseler et al., 2020","https://osf.io/uac2t/","Weight of a hyena (kg)","weight",1,0,0,1,1,1,3,3,60,0,1
"1500",20,2,69,84,573,75573,"Röseler, L., Schütz, A., Dolling, I. K., Friedinger, K., Hösch, Y., Hügel, J. C., … Röseler, J. J. (2020, July 24). The Stepwise Anchoring Paradigm: Measuring Reliable Components of Anchoring and Adjustment as the Next Step in Moderator Research. https://doi.org/10.31234/osf.io/hjbwp","Röseler et al., 2020","https://osf.io/uac2t/","Weight of a warthog (kg)","weight",1,0,0,1,1,1,3,3,60,1,1
"1501",23,2,3,8,574,75574,"Röseler, L., Schütz, A., Dolling, I. K., Friedinger, K., Hösch, Y., Hügel, J. C., … Röseler, J. J. (2020, July 24). The Stepwise Anchoring Paradigm: Measuring Reliable Components of Anchoring and Adjustment as the Next Step in Moderator Research. https://doi.org/10.31234/osf.io/hjbwp","Röseler et al., 2020","https://osf.io/uac2t/","Weight of a rabbit (kg)","weight",1,0,0,1,1,1,3,3,4.5,1,1
"1502",23,2,26,1,574,75574,"Röseler, L., Schütz, A., Dolling, I. K., Friedinger, K., Hösch, Y., Hügel, J. C., … Röseler, J. J. (2020, July 24). The Stepwise Anchoring Paradigm: Measuring Reliable Components of Anchoring and Adjustment as the Next Step in Moderator Research. https://doi.org/10.31234/osf.io/hjbwp","Röseler et al., 2020","https://osf.io/uac2t/","Weight of a cat (kg)","weight",1,0,0,1,1,1,3,3,4.25,0,1
"1503",23,2,5,14,574,75574,"Röseler, L., Schütz, A., Dolling, I. K., Friedinger, K., Hösch, Y., Hügel, J. C., … Röseler, J. J. (2020, July 24). The Stepwise Anchoring Paradigm: Measuring Reliable Components of Anchoring and Adjustment as the Next Step in Moderator Research. https://doi.org/10.31234/osf.io/hjbwp","Röseler et al., 2020","https://osf.io/uac2t/","Weight of a fox (kg)","weight",1,0,0,1,1,1,3,3,8,1,1
"1504",23,2,20,2,574,75574,"Röseler, L., Schütz, A., Dolling, I. K., Friedinger, K., Hösch, Y., Hügel, J. C., … Röseler, J. J. (2020, July 24). The Stepwise Anchoring Paradigm: Measuring Reliable Components of Anchoring and Adjustment as the Next Step in Moderator Research. https://doi.org/10.31234/osf.io/hjbwp","Röseler et al., 2020","https://osf.io/uac2t/","Weight of a racoon (kg)","weight",1,0,0,1,1,1,3,3,8,0,1
"1505",23,2,20,26,574,75574,"Röseler, L., Schütz, A., Dolling, I. K., Friedinger, K., Hösch, Y., Hügel, J. C., … Röseler, J. J. (2020, July 24). The Stepwise Anchoring Paradigm: Measuring Reliable Components of Anchoring and Adjustment as the Next Step in Moderator Research. https://doi.org/10.31234/osf.io/hjbwp","Röseler et al., 2020","https://osf.io/uac2t/","Weight of a badger (kg)","weight",1,0,0,1,1,1,3,3,15,1,1
"1506",23,2,19,4,574,75574,"Röseler, L., Schütz, A., Dolling, I. K., Friedinger, K., Hösch, Y., Hügel, J. C., … Röseler, J. J. (2020, July 24). The Stepwise Anchoring Paradigm: Measuring Reliable Components of Anchoring and Adjustment as the Next Step in Moderator Research. https://doi.org/10.31234/osf.io/hjbwp","Röseler et al., 2020","https://osf.io/uac2t/","Weight of a pelican (kg)","weight",1,0,0,1,1,1,3,3,15,0,1
"1507",23,2,16,40,574,75574,"Röseler, L., Schütz, A., Dolling, I. K., Friedinger, K., Hösch, Y., Hügel, J. C., … Röseler, J. J. (2020, July 24). The Stepwise Anchoring Paradigm: Measuring Reliable Components of Anchoring and Adjustment as the Next Step in Moderator Research. https://doi.org/10.31234/osf.io/hjbwp","Röseler et al., 2020","https://osf.io/uac2t/","Weight of a beaver (kg)","weight",1,0,0,1,1,1,3,3,25,1,1
"1508",23,2,44,10,574,75574,"Röseler, L., Schütz, A., Dolling, I. K., Friedinger, K., Hösch, Y., Hügel, J. C., … Röseler, J. J. (2020, July 24). The Stepwise Anchoring Paradigm: Measuring Reliable Components of Anchoring and Adjustment as the Next Step in Moderator Research. https://doi.org/10.31234/osf.io/hjbwp","Röseler et al., 2020","https://osf.io/uac2t/","Weight of a deer (kg)","weight",1,0,0,1,1,1,3,3,25,0,1
"1509",23,2,63,75,574,75574,"Röseler, L., Schütz, A., Dolling, I. K., Friedinger, K., Hösch, Y., Hügel, J. C., … Röseler, J. J. (2020, July 24). The Stepwise Anchoring Paradigm: Measuring Reliable Components of Anchoring and Adjustment as the Next Step in Moderator Research. https://doi.org/10.31234/osf.io/hjbwp","Röseler et al., 2020","https://osf.io/uac2t/","Weight of a wolf (kg)","weight",1,0,0,1,1,1,3,3,50,1,1
"1510",23,2,35,25,574,75574,"Röseler, L., Schütz, A., Dolling, I. K., Friedinger, K., Hösch, Y., Hügel, J. C., … Röseler, J. J. (2020, July 24). The Stepwise Anchoring Paradigm: Measuring Reliable Components of Anchoring and Adjustment as the Next Step in Moderator Research. https://doi.org/10.31234/osf.io/hjbwp","Röseler et al., 2020","https://osf.io/uac2t/","Weight of a goat (kg)","weight",1,0,0,1,1,1,3,3,50,0,1
"1511",23,2,78,84,574,75574,"Röseler, L., Schütz, A., Dolling, I. K., Friedinger, K., Hösch, Y., Hügel, J. C., … Röseler, J. J. (2020, July 24). The Stepwise Anchoring Paradigm: Measuring Reliable Components of Anchoring and Adjustment as the Next Step in Moderator Research. https://doi.org/10.31234/osf.io/hjbwp","Röseler et al., 2020","https://osf.io/uac2t/","Weight of a hyena (kg)","weight",1,0,0,1,1,1,3,3,60,1,1
"1512",23,2,22,36,574,75574,"Röseler, L., Schütz, A., Dolling, I. K., Friedinger, K., Hösch, Y., Hügel, J. C., … Röseler, J. J. (2020, July 24). The Stepwise Anchoring Paradigm: Measuring Reliable Components of Anchoring and Adjustment as the Next Step in Moderator Research. https://doi.org/10.31234/osf.io/hjbwp","Röseler et al., 2020","https://osf.io/uac2t/","Weight of a warthog (kg)","weight",1,0,0,1,1,1,3,3,60,0,1
"1513",21,1,9,1,575,75575,"Röseler, L., Schütz, A., Dolling, I. K., Friedinger, K., Hösch, Y., Hügel, J. C., … Röseler, J. J. (2020, July 24). The Stepwise Anchoring Paradigm: Measuring Reliable Components of Anchoring and Adjustment as the Next Step in Moderator Research. https://doi.org/10.31234/osf.io/hjbwp","Röseler et al., 2020","https://osf.io/uac2t/","Weight of a rabbit (kg)","weight",1,0,0,1,1,1,3,3,4.5,0,1
"1514",21,1,3,8,575,75575,"Röseler, L., Schütz, A., Dolling, I. K., Friedinger, K., Hösch, Y., Hügel, J. C., … Röseler, J. J. (2020, July 24). The Stepwise Anchoring Paradigm: Measuring Reliable Components of Anchoring and Adjustment as the Next Step in Moderator Research. https://doi.org/10.31234/osf.io/hjbwp","Röseler et al., 2020","https://osf.io/uac2t/","Weight of a cat (kg)","weight",1,0,0,1,1,1,3,3,4.25,1,1
"1515",21,1,7,2,575,75575,"Röseler, L., Schütz, A., Dolling, I. K., Friedinger, K., Hösch, Y., Hügel, J. C., … Röseler, J. J. (2020, July 24). The Stepwise Anchoring Paradigm: Measuring Reliable Components of Anchoring and Adjustment as the Next Step in Moderator Research. https://doi.org/10.31234/osf.io/hjbwp","Röseler et al., 2020","https://osf.io/uac2t/","Weight of a fox (kg)","weight",1,0,0,1,1,1,3,3,8,0,1
"1516",21,1,17,14,575,75575,"Röseler, L., Schütz, A., Dolling, I. K., Friedinger, K., Hösch, Y., Hügel, J. C., … Röseler, J. J. (2020, July 24). The Stepwise Anchoring Paradigm: Measuring Reliable Components of Anchoring and Adjustment as the Next Step in Moderator Research. https://doi.org/10.31234/osf.io/hjbwp","Röseler et al., 2020","https://osf.io/uac2t/","Weight of a racoon (kg)","weight",1,0,0,1,1,1,3,3,8,1,1
"1517",21,1,7,4,575,75575,"Röseler, L., Schütz, A., Dolling, I. K., Friedinger, K., Hösch, Y., Hügel, J. C., … Röseler, J. J. (2020, July 24). The Stepwise Anchoring Paradigm: Measuring Reliable Components of Anchoring and Adjustment as the Next Step in Moderator Research. https://doi.org/10.31234/osf.io/hjbwp","Röseler et al., 2020","https://osf.io/uac2t/","Weight of a badger (kg)","weight",1,0,0,1,1,1,3,3,15,0,1
"1518",21,1,33,26,575,75575,"Röseler, L., Schütz, A., Dolling, I. K., Friedinger, K., Hösch, Y., Hügel, J. C., … Röseler, J. J. (2020, July 24). The Stepwise Anchoring Paradigm: Measuring Reliable Components of Anchoring and Adjustment as the Next Step in Moderator Research. https://doi.org/10.31234/osf.io/hjbwp","Röseler et al., 2020","https://osf.io/uac2t/","Weight of a pelican (kg)","weight",1,0,0,1,1,1,3,3,15,1,1
"1519",21,1,18,10,575,75575,"Röseler, L., Schütz, A., Dolling, I. K., Friedinger, K., Hösch, Y., Hügel, J. C., … Röseler, J. J. (2020, July 24). The Stepwise Anchoring Paradigm: Measuring Reliable Components of Anchoring and Adjustment as the Next Step in Moderator Research. https://doi.org/10.31234/osf.io/hjbwp","Röseler et al., 2020","https://osf.io/uac2t/","Weight of a beaver (kg)","weight",1,0,0,1,1,1,3,3,25,0,1
"1520",21,1,33,40,575,75575,"Röseler, L., Schütz, A., Dolling, I. K., Friedinger, K., Hösch, Y., Hügel, J. C., … Röseler, J. J. (2020, July 24). The Stepwise Anchoring Paradigm: Measuring Reliable Components of Anchoring and Adjustment as the Next Step in Moderator Research. https://doi.org/10.31234/osf.io/hjbwp","Röseler et al., 2020","https://osf.io/uac2t/","Weight of a deer (kg)","weight",1,0,0,1,1,1,3,3,25,1,1
"1521",21,1,35,25,575,75575,"Röseler, L., Schütz, A., Dolling, I. K., Friedinger, K., Hösch, Y., Hügel, J. C., … Röseler, J. J. (2020, July 24). The Stepwise Anchoring Paradigm: Measuring Reliable Components of Anchoring and Adjustment as the Next Step in Moderator Research. https://doi.org/10.31234/osf.io/hjbwp","Röseler et al., 2020","https://osf.io/uac2t/","Weight of a wolf (kg)","weight",1,0,0,1,1,1,3,3,50,0,1
"1522",21,1,37,75,575,75575,"Röseler, L., Schütz, A., Dolling, I. K., Friedinger, K., Hösch, Y., Hügel, J. C., … Röseler, J. J. (2020, July 24). The Stepwise Anchoring Paradigm: Measuring Reliable Components of Anchoring and Adjustment as the Next Step in Moderator Research. https://doi.org/10.31234/osf.io/hjbwp","Röseler et al., 2020","https://osf.io/uac2t/","Weight of a goat (kg)","weight",1,0,0,1,1,1,3,3,50,1,1
"1523",21,1,46,36,575,75575,"Röseler, L., Schütz, A., Dolling, I. K., Friedinger, K., Hösch, Y., Hügel, J. C., … Röseler, J. J. (2020, July 24). The Stepwise Anchoring Paradigm: Measuring Reliable Components of Anchoring and Adjustment as the Next Step in Moderator Research. https://doi.org/10.31234/osf.io/hjbwp","Röseler et al., 2020","https://osf.io/uac2t/","Weight of a hyena (kg)","weight",1,0,0,1,1,1,3,3,60,0,1
"1524",21,1,48,84,575,75575,"Röseler, L., Schütz, A., Dolling, I. K., Friedinger, K., Hösch, Y., Hügel, J. C., … Röseler, J. J. (2020, July 24). The Stepwise Anchoring Paradigm: Measuring Reliable Components of Anchoring and Adjustment as the Next Step in Moderator Research. https://doi.org/10.31234/osf.io/hjbwp","Röseler et al., 2020","https://osf.io/uac2t/","Weight of a warthog (kg)","weight",1,0,0,1,1,1,3,3,60,1,1
"1525",20,1,6,8,576,75576,"Röseler, L., Schütz, A., Dolling, I. K., Friedinger, K., Hösch, Y., Hügel, J. C., … Röseler, J. J. (2020, July 24). The Stepwise Anchoring Paradigm: Measuring Reliable Components of Anchoring and Adjustment as the Next Step in Moderator Research. https://doi.org/10.31234/osf.io/hjbwp","Röseler et al., 2020","https://osf.io/uac2t/","Weight of a rabbit (kg)","weight",1,0,0,1,1,1,3,3,4.5,1,1
"1526",20,1,5,1,576,75576,"Röseler, L., Schütz, A., Dolling, I. K., Friedinger, K., Hösch, Y., Hügel, J. C., … Röseler, J. J. (2020, July 24). The Stepwise Anchoring Paradigm: Measuring Reliable Components of Anchoring and Adjustment as the Next Step in Moderator Research. https://doi.org/10.31234/osf.io/hjbwp","Röseler et al., 2020","https://osf.io/uac2t/","Weight of a cat (kg)","weight",1,0,0,1,1,1,3,3,4.25,0,1
"1527",20,1,10,14,576,75576,"Röseler, L., Schütz, A., Dolling, I. K., Friedinger, K., Hösch, Y., Hügel, J. C., … Röseler, J. J. (2020, July 24). The Stepwise Anchoring Paradigm: Measuring Reliable Components of Anchoring and Adjustment as the Next Step in Moderator Research. https://doi.org/10.31234/osf.io/hjbwp","Röseler et al., 2020","https://osf.io/uac2t/","Weight of a fox (kg)","weight",1,0,0,1,1,1,3,3,8,1,1
"1528",20,1,9,2,576,75576,"Röseler, L., Schütz, A., Dolling, I. K., Friedinger, K., Hösch, Y., Hügel, J. C., … Röseler, J. J. (2020, July 24). The Stepwise Anchoring Paradigm: Measuring Reliable Components of Anchoring and Adjustment as the Next Step in Moderator Research. https://doi.org/10.31234/osf.io/hjbwp","Röseler et al., 2020","https://osf.io/uac2t/","Weight of a racoon (kg)","weight",1,0,0,1,1,1,3,3,8,0,1
"1529",20,1,14,26,576,75576,"Röseler, L., Schütz, A., Dolling, I. K., Friedinger, K., Hösch, Y., Hügel, J. C., … Röseler, J. J. (2020, July 24). The Stepwise Anchoring Paradigm: Measuring Reliable Components of Anchoring and Adjustment as the Next Step in Moderator Research. https://doi.org/10.31234/osf.io/hjbwp","Röseler et al., 2020","https://osf.io/uac2t/","Weight of a badger (kg)","weight",1,0,0,1,1,1,3,3,15,1,1
"1530",20,1,19,4,576,75576,"Röseler, L., Schütz, A., Dolling, I. K., Friedinger, K., Hösch, Y., Hügel, J. C., … Röseler, J. J. (2020, July 24). The Stepwise Anchoring Paradigm: Measuring Reliable Components of Anchoring and Adjustment as the Next Step in Moderator Research. https://doi.org/10.31234/osf.io/hjbwp","Röseler et al., 2020","https://osf.io/uac2t/","Weight of a pelican (kg)","weight",1,0,0,1,1,1,3,3,15,0,1
"1531",20,1,17,40,576,75576,"Röseler, L., Schütz, A., Dolling, I. K., Friedinger, K., Hösch, Y., Hügel, J. C., … Röseler, J. J. (2020, July 24). The Stepwise Anchoring Paradigm: Measuring Reliable Components of Anchoring and Adjustment as the Next Step in Moderator Research. https://doi.org/10.31234/osf.io/hjbwp","Röseler et al., 2020","https://osf.io/uac2t/","Weight of a beaver (kg)","weight",1,0,0,1,1,1,3,3,25,1,1
"1532",20,1,57,10,576,75576,"Röseler, L., Schütz, A., Dolling, I. K., Friedinger, K., Hösch, Y., Hügel, J. C., … Röseler, J. J. (2020, July 24). The Stepwise Anchoring Paradigm: Measuring Reliable Components of Anchoring and Adjustment as the Next Step in Moderator Research. https://doi.org/10.31234/osf.io/hjbwp","Röseler et al., 2020","https://osf.io/uac2t/","Weight of a deer (kg)","weight",1,0,0,1,1,1,3,3,25,0,1
"1533",20,1,68,75,576,75576,"Röseler, L., Schütz, A., Dolling, I. K., Friedinger, K., Hösch, Y., Hügel, J. C., … Röseler, J. J. (2020, July 24). The Stepwise Anchoring Paradigm: Measuring Reliable Components of Anchoring and Adjustment as the Next Step in Moderator Research. https://doi.org/10.31234/osf.io/hjbwp","Röseler et al., 2020","https://osf.io/uac2t/","Weight of a wolf (kg)","weight",1,0,0,1,1,1,3,3,50,1,1
"1534",20,1,61,25,576,75576,"Röseler, L., Schütz, A., Dolling, I. K., Friedinger, K., Hösch, Y., Hügel, J. C., … Röseler, J. J. (2020, July 24). The Stepwise Anchoring Paradigm: Measuring Reliable Components of Anchoring and Adjustment as the Next Step in Moderator Research. https://doi.org/10.31234/osf.io/hjbwp","Röseler et al., 2020","https://osf.io/uac2t/","Weight of a goat (kg)","weight",1,0,0,1,1,1,3,3,50,0,1
"1535",20,1,71,84,576,75576,"Röseler, L., Schütz, A., Dolling, I. K., Friedinger, K., Hösch, Y., Hügel, J. C., … Röseler, J. J. (2020, July 24). The Stepwise Anchoring Paradigm: Measuring Reliable Components of Anchoring and Adjustment as the Next Step in Moderator Research. https://doi.org/10.31234/osf.io/hjbwp","Röseler et al., 2020","https://osf.io/uac2t/","Weight of a hyena (kg)","weight",1,0,0,1,1,1,3,3,60,1,1
"1536",20,1,55,36,576,75576,"Röseler, L., Schütz, A., Dolling, I. K., Friedinger, K., Hösch, Y., Hügel, J. C., … Röseler, J. J. (2020, July 24). The Stepwise Anchoring Paradigm: Measuring Reliable Components of Anchoring and Adjustment as the Next Step in Moderator Research. https://doi.org/10.31234/osf.io/hjbwp","Röseler et al., 2020","https://osf.io/uac2t/","Weight of a warthog (kg)","weight",1,0,0,1,1,1,3,3,60,0,1
"1537",20,1,10,1,578,75578,"Röseler, L., Schütz, A., Dolling, I. K., Friedinger, K., Hösch, Y., Hügel, J. C., … Röseler, J. J. (2020, July 24). The Stepwise Anchoring Paradigm: Measuring Reliable Components of Anchoring and Adjustment as the Next Step in Moderator Research. https://doi.org/10.31234/osf.io/hjbwp","Röseler et al., 2020","https://osf.io/uac2t/","Weight of a rabbit (kg)","weight",1,0,0,1,1,1,3,3,4.5,0,1
"1538",20,1,5,8,578,75578,"Röseler, L., Schütz, A., Dolling, I. K., Friedinger, K., Hösch, Y., Hügel, J. C., … Röseler, J. J. (2020, July 24). The Stepwise Anchoring Paradigm: Measuring Reliable Components of Anchoring and Adjustment as the Next Step in Moderator Research. https://doi.org/10.31234/osf.io/hjbwp","Röseler et al., 2020","https://osf.io/uac2t/","Weight of a cat (kg)","weight",1,0,0,1,1,1,3,3,4.25,1,1
"1539",20,1,34,2,578,75578,"Röseler, L., Schütz, A., Dolling, I. K., Friedinger, K., Hösch, Y., Hügel, J. C., … Röseler, J. J. (2020, July 24). The Stepwise Anchoring Paradigm: Measuring Reliable Components of Anchoring and Adjustment as the Next Step in Moderator Research. https://doi.org/10.31234/osf.io/hjbwp","Röseler et al., 2020","https://osf.io/uac2t/","Weight of a fox (kg)","weight",1,0,0,1,1,1,3,3,8,0,1
"1540",20,1,26,14,578,75578,"Röseler, L., Schütz, A., Dolling, I. K., Friedinger, K., Hösch, Y., Hügel, J. C., … Röseler, J. J. (2020, July 24). The Stepwise Anchoring Paradigm: Measuring Reliable Components of Anchoring and Adjustment as the Next Step in Moderator Research. https://doi.org/10.31234/osf.io/hjbwp","Röseler et al., 2020","https://osf.io/uac2t/","Weight of a racoon (kg)","weight",1,0,0,1,1,1,3,3,8,1,1
"1541",20,1,33,4,578,75578,"Röseler, L., Schütz, A., Dolling, I. K., Friedinger, K., Hösch, Y., Hügel, J. C., … Röseler, J. J. (2020, July 24). The Stepwise Anchoring Paradigm: Measuring Reliable Components of Anchoring and Adjustment as the Next Step in Moderator Research. https://doi.org/10.31234/osf.io/hjbwp","Röseler et al., 2020","https://osf.io/uac2t/","Weight of a badger (kg)","weight",1,0,0,1,1,1,3,3,15,0,1
"1542",20,1,15,26,578,75578,"Röseler, L., Schütz, A., Dolling, I. K., Friedinger, K., Hösch, Y., Hügel, J. C., … Röseler, J. J. (2020, July 24). The Stepwise Anchoring Paradigm: Measuring Reliable Components of Anchoring and Adjustment as the Next Step in Moderator Research. https://doi.org/10.31234/osf.io/hjbwp","Röseler et al., 2020","https://osf.io/uac2t/","Weight of a pelican (kg)","weight",1,0,0,1,1,1,3,3,15,1,1
"1543",20,1,40,10,578,75578,"Röseler, L., Schütz, A., Dolling, I. K., Friedinger, K., Hösch, Y., Hügel, J. C., … Röseler, J. J. (2020, July 24). The Stepwise Anchoring Paradigm: Measuring Reliable Components of Anchoring and Adjustment as the Next Step in Moderator Research. https://doi.org/10.31234/osf.io/hjbwp","Röseler et al., 2020","https://osf.io/uac2t/","Weight of a beaver (kg)","weight",1,0,0,1,1,1,3,3,25,0,1
"1544",20,1,33,40,578,75578,"Röseler, L., Schütz, A., Dolling, I. K., Friedinger, K., Hösch, Y., Hügel, J. C., … Röseler, J. J. (2020, July 24). The Stepwise Anchoring Paradigm: Measuring Reliable Components of Anchoring and Adjustment as the Next Step in Moderator Research. https://doi.org/10.31234/osf.io/hjbwp","Röseler et al., 2020","https://osf.io/uac2t/","Weight of a deer (kg)","weight",1,0,0,1,1,1,3,3,25,1,1
"1545",20,1,39,25,578,75578,"Röseler, L., Schütz, A., Dolling, I. K., Friedinger, K., Hösch, Y., Hügel, J. C., … Röseler, J. J. (2020, July 24). The Stepwise Anchoring Paradigm: Measuring Reliable Components of Anchoring and Adjustment as the Next Step in Moderator Research. https://doi.org/10.31234/osf.io/hjbwp","Röseler et al., 2020","https://osf.io/uac2t/","Weight of a wolf (kg)","weight",1,0,0,1,1,1,3,3,50,0,1
"1546",20,1,47,75,578,75578,"Röseler, L., Schütz, A., Dolling, I. K., Friedinger, K., Hösch, Y., Hügel, J. C., … Röseler, J. J. (2020, July 24). The Stepwise Anchoring Paradigm: Measuring Reliable Components of Anchoring and Adjustment as the Next Step in Moderator Research. https://doi.org/10.31234/osf.io/hjbwp","Röseler et al., 2020","https://osf.io/uac2t/","Weight of a goat (kg)","weight",1,0,0,1,1,1,3,3,50,1,1
"1547",20,1,47,36,578,75578,"Röseler, L., Schütz, A., Dolling, I. K., Friedinger, K., Hösch, Y., Hügel, J. C., … Röseler, J. J. (2020, July 24). The Stepwise Anchoring Paradigm: Measuring Reliable Components of Anchoring and Adjustment as the Next Step in Moderator Research. https://doi.org/10.31234/osf.io/hjbwp","Röseler et al., 2020","https://osf.io/uac2t/","Weight of a hyena (kg)","weight",1,0,0,1,1,1,3,3,60,0,1
"1548",20,1,67,84,578,75578,"Röseler, L., Schütz, A., Dolling, I. K., Friedinger, K., Hösch, Y., Hügel, J. C., … Röseler, J. J. (2020, July 24). The Stepwise Anchoring Paradigm: Measuring Reliable Components of Anchoring and Adjustment as the Next Step in Moderator Research. https://doi.org/10.31234/osf.io/hjbwp","Röseler et al., 2020","https://osf.io/uac2t/","Weight of a warthog (kg)","weight",1,0,0,1,1,1,3,3,60,1,1
"1549",22,2,5,8,579,75579,"Röseler, L., Schütz, A., Dolling, I. K., Friedinger, K., Hösch, Y., Hügel, J. C., … Röseler, J. J. (2020, July 24). The Stepwise Anchoring Paradigm: Measuring Reliable Components of Anchoring and Adjustment as the Next Step in Moderator Research. https://doi.org/10.31234/osf.io/hjbwp","Röseler et al., 2020","https://osf.io/uac2t/","Weight of a rabbit (kg)","weight",1,0,0,1,1,1,3,3,4.5,1,1
"1550",22,2,5,1,579,75579,"Röseler, L., Schütz, A., Dolling, I. K., Friedinger, K., Hösch, Y., Hügel, J. C., … Röseler, J. J. (2020, July 24). The Stepwise Anchoring Paradigm: Measuring Reliable Components of Anchoring and Adjustment as the Next Step in Moderator Research. https://doi.org/10.31234/osf.io/hjbwp","Röseler et al., 2020","https://osf.io/uac2t/","Weight of a cat (kg)","weight",1,0,0,1,1,1,3,3,4.25,0,1
"1551",22,2,3,14,579,75579,"Röseler, L., Schütz, A., Dolling, I. K., Friedinger, K., Hösch, Y., Hügel, J. C., … Röseler, J. J. (2020, July 24). The Stepwise Anchoring Paradigm: Measuring Reliable Components of Anchoring and Adjustment as the Next Step in Moderator Research. https://doi.org/10.31234/osf.io/hjbwp","Röseler et al., 2020","https://osf.io/uac2t/","Weight of a fox (kg)","weight",1,0,0,1,1,1,3,3,8,1,1
"1552",22,2,16,2,579,75579,"Röseler, L., Schütz, A., Dolling, I. K., Friedinger, K., Hösch, Y., Hügel, J. C., … Röseler, J. J. (2020, July 24). The Stepwise Anchoring Paradigm: Measuring Reliable Components of Anchoring and Adjustment as the Next Step in Moderator Research. https://doi.org/10.31234/osf.io/hjbwp","Röseler et al., 2020","https://osf.io/uac2t/","Weight of a racoon (kg)","weight",1,0,0,1,1,1,3,3,8,0,1
"1553",22,2,5,26,579,75579,"Röseler, L., Schütz, A., Dolling, I. K., Friedinger, K., Hösch, Y., Hügel, J. C., … Röseler, J. J. (2020, July 24). The Stepwise Anchoring Paradigm: Measuring Reliable Components of Anchoring and Adjustment as the Next Step in Moderator Research. https://doi.org/10.31234/osf.io/hjbwp","Röseler et al., 2020","https://osf.io/uac2t/","Weight of a badger (kg)","weight",1,0,0,1,1,1,3,3,15,1,1
"1554",22,2,31,4,579,75579,"Röseler, L., Schütz, A., Dolling, I. K., Friedinger, K., Hösch, Y., Hügel, J. C., … Röseler, J. J. (2020, July 24). The Stepwise Anchoring Paradigm: Measuring Reliable Components of Anchoring and Adjustment as the Next Step in Moderator Research. https://doi.org/10.31234/osf.io/hjbwp","Röseler et al., 2020","https://osf.io/uac2t/","Weight of a pelican (kg)","weight",1,0,0,1,1,1,3,3,15,0,1
"1555",22,2,8,40,579,75579,"Röseler, L., Schütz, A., Dolling, I. K., Friedinger, K., Hösch, Y., Hügel, J. C., … Röseler, J. J. (2020, July 24). The Stepwise Anchoring Paradigm: Measuring Reliable Components of Anchoring and Adjustment as the Next Step in Moderator Research. https://doi.org/10.31234/osf.io/hjbwp","Röseler et al., 2020","https://osf.io/uac2t/","Weight of a beaver (kg)","weight",1,0,0,1,1,1,3,3,25,1,1
"1556",22,2,39,10,579,75579,"Röseler, L., Schütz, A., Dolling, I. K., Friedinger, K., Hösch, Y., Hügel, J. C., … Röseler, J. J. (2020, July 24). The Stepwise Anchoring Paradigm: Measuring Reliable Components of Anchoring and Adjustment as the Next Step in Moderator Research. https://doi.org/10.31234/osf.io/hjbwp","Röseler et al., 2020","https://osf.io/uac2t/","Weight of a deer (kg)","weight",1,0,0,1,1,1,3,3,25,0,1
"1557",22,2,49,75,579,75579,"Röseler, L., Schütz, A., Dolling, I. K., Friedinger, K., Hösch, Y., Hügel, J. C., … Röseler, J. J. (2020, July 24). The Stepwise Anchoring Paradigm: Measuring Reliable Components of Anchoring and Adjustment as the Next Step in Moderator Research. https://doi.org/10.31234/osf.io/hjbwp","Röseler et al., 2020","https://osf.io/uac2t/","Weight of a wolf (kg)","weight",1,0,0,1,1,1,3,3,50,1,1
"1558",22,2,51,25,579,75579,"Röseler, L., Schütz, A., Dolling, I. K., Friedinger, K., Hösch, Y., Hügel, J. C., … Röseler, J. J. (2020, July 24). The Stepwise Anchoring Paradigm: Measuring Reliable Components of Anchoring and Adjustment as the Next Step in Moderator Research. https://doi.org/10.31234/osf.io/hjbwp","Röseler et al., 2020","https://osf.io/uac2t/","Weight of a goat (kg)","weight",1,0,0,1,1,1,3,3,50,0,1
"1559",22,2,36,84,579,75579,"Röseler, L., Schütz, A., Dolling, I. K., Friedinger, K., Hösch, Y., Hügel, J. C., … Röseler, J. J. (2020, July 24). The Stepwise Anchoring Paradigm: Measuring Reliable Components of Anchoring and Adjustment as the Next Step in Moderator Research. https://doi.org/10.31234/osf.io/hjbwp","Röseler et al., 2020","https://osf.io/uac2t/","Weight of a hyena (kg)","weight",1,0,0,1,1,1,3,3,60,1,1
"1560",22,2,52,36,579,75579,"Röseler, L., Schütz, A., Dolling, I. K., Friedinger, K., Hösch, Y., Hügel, J. C., … Röseler, J. J. (2020, July 24). The Stepwise Anchoring Paradigm: Measuring Reliable Components of Anchoring and Adjustment as the Next Step in Moderator Research. https://doi.org/10.31234/osf.io/hjbwp","Röseler et al., 2020","https://osf.io/uac2t/","Weight of a warthog (kg)","weight",1,0,0,1,1,1,3,3,60,0,1
"1561",21,2,4,8,580,75580,"Röseler, L., Schütz, A., Dolling, I. K., Friedinger, K., Hösch, Y., Hügel, J. C., … Röseler, J. J. (2020, July 24). The Stepwise Anchoring Paradigm: Measuring Reliable Components of Anchoring and Adjustment as the Next Step in Moderator Research. https://doi.org/10.31234/osf.io/hjbwp","Röseler et al., 2020","https://osf.io/uac2t/","Weight of a rabbit (kg)","weight",1,0,0,1,1,1,3,3,4.5,1,1
"1562",21,2,4,1,580,75580,"Röseler, L., Schütz, A., Dolling, I. K., Friedinger, K., Hösch, Y., Hügel, J. C., … Röseler, J. J. (2020, July 24). The Stepwise Anchoring Paradigm: Measuring Reliable Components of Anchoring and Adjustment as the Next Step in Moderator Research. https://doi.org/10.31234/osf.io/hjbwp","Röseler et al., 2020","https://osf.io/uac2t/","Weight of a cat (kg)","weight",1,0,0,1,1,1,3,3,4.25,0,1
"1563",21,2,6,14,580,75580,"Röseler, L., Schütz, A., Dolling, I. K., Friedinger, K., Hösch, Y., Hügel, J. C., … Röseler, J. J. (2020, July 24). The Stepwise Anchoring Paradigm: Measuring Reliable Components of Anchoring and Adjustment as the Next Step in Moderator Research. https://doi.org/10.31234/osf.io/hjbwp","Röseler et al., 2020","https://osf.io/uac2t/","Weight of a fox (kg)","weight",1,0,0,1,1,1,3,3,8,1,1
"1564",21,2,4,2,580,75580,"Röseler, L., Schütz, A., Dolling, I. K., Friedinger, K., Hösch, Y., Hügel, J. C., … Röseler, J. J. (2020, July 24). The Stepwise Anchoring Paradigm: Measuring Reliable Components of Anchoring and Adjustment as the Next Step in Moderator Research. https://doi.org/10.31234/osf.io/hjbwp","Röseler et al., 2020","https://osf.io/uac2t/","Weight of a racoon (kg)","weight",1,0,0,1,1,1,3,3,8,0,1
"1565",21,2,15,26,580,75580,"Röseler, L., Schütz, A., Dolling, I. K., Friedinger, K., Hösch, Y., Hügel, J. C., … Röseler, J. J. (2020, July 24). The Stepwise Anchoring Paradigm: Measuring Reliable Components of Anchoring and Adjustment as the Next Step in Moderator Research. https://doi.org/10.31234/osf.io/hjbwp","Röseler et al., 2020","https://osf.io/uac2t/","Weight of a badger (kg)","weight",1,0,0,1,1,1,3,3,15,1,1
"1566",21,2,10,4,580,75580,"Röseler, L., Schütz, A., Dolling, I. K., Friedinger, K., Hösch, Y., Hügel, J. C., … Röseler, J. J. (2020, July 24). The Stepwise Anchoring Paradigm: Measuring Reliable Components of Anchoring and Adjustment as the Next Step in Moderator Research. https://doi.org/10.31234/osf.io/hjbwp","Röseler et al., 2020","https://osf.io/uac2t/","Weight of a pelican (kg)","weight",1,0,0,1,1,1,3,3,15,0,1
"1567",21,2,13,40,580,75580,"Röseler, L., Schütz, A., Dolling, I. K., Friedinger, K., Hösch, Y., Hügel, J. C., … Röseler, J. J. (2020, July 24). The Stepwise Anchoring Paradigm: Measuring Reliable Components of Anchoring and Adjustment as the Next Step in Moderator Research. https://doi.org/10.31234/osf.io/hjbwp","Röseler et al., 2020","https://osf.io/uac2t/","Weight of a beaver (kg)","weight",1,0,0,1,1,1,3,3,25,1,1
"1568",21,2,26,10,580,75580,"Röseler, L., Schütz, A., Dolling, I. K., Friedinger, K., Hösch, Y., Hügel, J. C., … Röseler, J. J. (2020, July 24). The Stepwise Anchoring Paradigm: Measuring Reliable Components of Anchoring and Adjustment as the Next Step in Moderator Research. https://doi.org/10.31234/osf.io/hjbwp","Röseler et al., 2020","https://osf.io/uac2t/","Weight of a deer (kg)","weight",1,0,0,1,1,1,3,3,25,0,1
"1569",21,2,51,75,580,75580,"Röseler, L., Schütz, A., Dolling, I. K., Friedinger, K., Hösch, Y., Hügel, J. C., … Röseler, J. J. (2020, July 24). The Stepwise Anchoring Paradigm: Measuring Reliable Components of Anchoring and Adjustment as the Next Step in Moderator Research. https://doi.org/10.31234/osf.io/hjbwp","Röseler et al., 2020","https://osf.io/uac2t/","Weight of a wolf (kg)","weight",1,0,0,1,1,1,3,3,50,1,1
"1570",21,2,35,25,580,75580,"Röseler, L., Schütz, A., Dolling, I. K., Friedinger, K., Hösch, Y., Hügel, J. C., … Röseler, J. J. (2020, July 24). The Stepwise Anchoring Paradigm: Measuring Reliable Components of Anchoring and Adjustment as the Next Step in Moderator Research. https://doi.org/10.31234/osf.io/hjbwp","Röseler et al., 2020","https://osf.io/uac2t/","Weight of a goat (kg)","weight",1,0,0,1,1,1,3,3,50,0,1
"1571",21,2,40,84,580,75580,"Röseler, L., Schütz, A., Dolling, I. K., Friedinger, K., Hösch, Y., Hügel, J. C., … Röseler, J. J. (2020, July 24). The Stepwise Anchoring Paradigm: Measuring Reliable Components of Anchoring and Adjustment as the Next Step in Moderator Research. https://doi.org/10.31234/osf.io/hjbwp","Röseler et al., 2020","https://osf.io/uac2t/","Weight of a hyena (kg)","weight",1,0,0,1,1,1,3,3,60,1,1
"1572",21,2,42,36,580,75580,"Röseler, L., Schütz, A., Dolling, I. K., Friedinger, K., Hösch, Y., Hügel, J. C., … Röseler, J. J. (2020, July 24). The Stepwise Anchoring Paradigm: Measuring Reliable Components of Anchoring and Adjustment as the Next Step in Moderator Research. https://doi.org/10.31234/osf.io/hjbwp","Röseler et al., 2020","https://osf.io/uac2t/","Weight of a warthog (kg)","weight",1,0,0,1,1,1,3,3,60,0,1
"1573",20,1,2,1,581,75581,"Röseler, L., Schütz, A., Dolling, I. K., Friedinger, K., Hösch, Y., Hügel, J. C., … Röseler, J. J. (2020, July 24). The Stepwise Anchoring Paradigm: Measuring Reliable Components of Anchoring and Adjustment as the Next Step in Moderator Research. https://doi.org/10.31234/osf.io/hjbwp","Röseler et al., 2020","https://osf.io/uac2t/","Weight of a rabbit (kg)","weight",1,0,0,1,1,1,3,3,4.5,0,1
"1574",20,1,3,8,581,75581,"Röseler, L., Schütz, A., Dolling, I. K., Friedinger, K., Hösch, Y., Hügel, J. C., … Röseler, J. J. (2020, July 24). The Stepwise Anchoring Paradigm: Measuring Reliable Components of Anchoring and Adjustment as the Next Step in Moderator Research. https://doi.org/10.31234/osf.io/hjbwp","Röseler et al., 2020","https://osf.io/uac2t/","Weight of a cat (kg)","weight",1,0,0,1,1,1,3,3,4.25,1,1
"1575",20,1,5,2,581,75581,"Röseler, L., Schütz, A., Dolling, I. K., Friedinger, K., Hösch, Y., Hügel, J. C., … Röseler, J. J. (2020, July 24). The Stepwise Anchoring Paradigm: Measuring Reliable Components of Anchoring and Adjustment as the Next Step in Moderator Research. https://doi.org/10.31234/osf.io/hjbwp","Röseler et al., 2020","https://osf.io/uac2t/","Weight of a fox (kg)","weight",1,0,0,1,1,1,3,3,8,0,1
"1576",20,1,21,14,581,75581,"Röseler, L., Schütz, A., Dolling, I. K., Friedinger, K., Hösch, Y., Hügel, J. C., … Röseler, J. J. (2020, July 24). The Stepwise Anchoring Paradigm: Measuring Reliable Components of Anchoring and Adjustment as the Next Step in Moderator Research. https://doi.org/10.31234/osf.io/hjbwp","Röseler et al., 2020","https://osf.io/uac2t/","Weight of a racoon (kg)","weight",1,0,0,1,1,1,3,3,8,1,1
"1577",20,1,10,4,581,75581,"Röseler, L., Schütz, A., Dolling, I. K., Friedinger, K., Hösch, Y., Hügel, J. C., … Röseler, J. J. (2020, July 24). The Stepwise Anchoring Paradigm: Measuring Reliable Components of Anchoring and Adjustment as the Next Step in Moderator Research. https://doi.org/10.31234/osf.io/hjbwp","Röseler et al., 2020","https://osf.io/uac2t/","Weight of a badger (kg)","weight",1,0,0,1,1,1,3,3,15,0,1
"1578",20,1,10,26,581,75581,"Röseler, L., Schütz, A., Dolling, I. K., Friedinger, K., Hösch, Y., Hügel, J. C., … Röseler, J. J. (2020, July 24). The Stepwise Anchoring Paradigm: Measuring Reliable Components of Anchoring and Adjustment as the Next Step in Moderator Research. https://doi.org/10.31234/osf.io/hjbwp","Röseler et al., 2020","https://osf.io/uac2t/","Weight of a pelican (kg)","weight",1,0,0,1,1,1,3,3,15,1,1
"1579",20,1,13,10,581,75581,"Röseler, L., Schütz, A., Dolling, I. K., Friedinger, K., Hösch, Y., Hügel, J. C., … Röseler, J. J. (2020, July 24). The Stepwise Anchoring Paradigm: Measuring Reliable Components of Anchoring and Adjustment as the Next Step in Moderator Research. https://doi.org/10.31234/osf.io/hjbwp","Röseler et al., 2020","https://osf.io/uac2t/","Weight of a beaver (kg)","weight",1,0,0,1,1,1,3,3,25,0,1
"1580",20,1,25,40,581,75581,"Röseler, L., Schütz, A., Dolling, I. K., Friedinger, K., Hösch, Y., Hügel, J. C., … Röseler, J. J. (2020, July 24). The Stepwise Anchoring Paradigm: Measuring Reliable Components of Anchoring and Adjustment as the Next Step in Moderator Research. https://doi.org/10.31234/osf.io/hjbwp","Röseler et al., 2020","https://osf.io/uac2t/","Weight of a deer (kg)","weight",1,0,0,1,1,1,3,3,25,1,1
"1581",20,1,61,25,581,75581,"Röseler, L., Schütz, A., Dolling, I. K., Friedinger, K., Hösch, Y., Hügel, J. C., … Röseler, J. J. (2020, July 24). The Stepwise Anchoring Paradigm: Measuring Reliable Components of Anchoring and Adjustment as the Next Step in Moderator Research. https://doi.org/10.31234/osf.io/hjbwp","Röseler et al., 2020","https://osf.io/uac2t/","Weight of a wolf (kg)","weight",1,0,0,1,1,1,3,3,50,0,1
"1582",20,1,31,75,581,75581,"Röseler, L., Schütz, A., Dolling, I. K., Friedinger, K., Hösch, Y., Hügel, J. C., … Röseler, J. J. (2020, July 24). The Stepwise Anchoring Paradigm: Measuring Reliable Components of Anchoring and Adjustment as the Next Step in Moderator Research. https://doi.org/10.31234/osf.io/hjbwp","Röseler et al., 2020","https://osf.io/uac2t/","Weight of a goat (kg)","weight",1,0,0,1,1,1,3,3,50,1,1
"1583",20,1,60,36,581,75581,"Röseler, L., Schütz, A., Dolling, I. K., Friedinger, K., Hösch, Y., Hügel, J. C., … Röseler, J. J. (2020, July 24). The Stepwise Anchoring Paradigm: Measuring Reliable Components of Anchoring and Adjustment as the Next Step in Moderator Research. https://doi.org/10.31234/osf.io/hjbwp","Röseler et al., 2020","https://osf.io/uac2t/","Weight of a hyena (kg)","weight",1,0,0,1,1,1,3,3,60,0,1
"1584",20,1,36,84,581,75581,"Röseler, L., Schütz, A., Dolling, I. K., Friedinger, K., Hösch, Y., Hügel, J. C., … Röseler, J. J. (2020, July 24). The Stepwise Anchoring Paradigm: Measuring Reliable Components of Anchoring and Adjustment as the Next Step in Moderator Research. https://doi.org/10.31234/osf.io/hjbwp","Röseler et al., 2020","https://osf.io/uac2t/","Weight of a warthog (kg)","weight",1,0,0,1,1,1,3,3,60,1,1
"1585",35,2,3,1,583,75583,"Röseler, L., Schütz, A., Dolling, I. K., Friedinger, K., Hösch, Y., Hügel, J. C., … Röseler, J. J. (2020, July 24). The Stepwise Anchoring Paradigm: Measuring Reliable Components of Anchoring and Adjustment as the Next Step in Moderator Research. https://doi.org/10.31234/osf.io/hjbwp","Röseler et al., 2020","https://osf.io/uac2t/","Weight of a rabbit (kg)","weight",1,0,0,1,1,1,3,3,4.5,0,1
"1586",35,2,6,8,583,75583,"Röseler, L., Schütz, A., Dolling, I. K., Friedinger, K., Hösch, Y., Hügel, J. C., … Röseler, J. J. (2020, July 24). The Stepwise Anchoring Paradigm: Measuring Reliable Components of Anchoring and Adjustment as the Next Step in Moderator Research. https://doi.org/10.31234/osf.io/hjbwp","Röseler et al., 2020","https://osf.io/uac2t/","Weight of a cat (kg)","weight",1,0,0,1,1,1,3,3,4.25,1,1
"1587",35,2,20,2,583,75583,"Röseler, L., Schütz, A., Dolling, I. K., Friedinger, K., Hösch, Y., Hügel, J. C., … Röseler, J. J. (2020, July 24). The Stepwise Anchoring Paradigm: Measuring Reliable Components of Anchoring and Adjustment as the Next Step in Moderator Research. https://doi.org/10.31234/osf.io/hjbwp","Röseler et al., 2020","https://osf.io/uac2t/","Weight of a fox (kg)","weight",1,0,0,1,1,1,3,3,8,0,1
"1588",35,2,20,14,583,75583,"Röseler, L., Schütz, A., Dolling, I. K., Friedinger, K., Hösch, Y., Hügel, J. C., … Röseler, J. J. (2020, July 24). The Stepwise Anchoring Paradigm: Measuring Reliable Components of Anchoring and Adjustment as the Next Step in Moderator Research. https://doi.org/10.31234/osf.io/hjbwp","Röseler et al., 2020","https://osf.io/uac2t/","Weight of a racoon (kg)","weight",1,0,0,1,1,1,3,3,8,1,1
"1589",35,2,10,4,583,75583,"Röseler, L., Schütz, A., Dolling, I. K., Friedinger, K., Hösch, Y., Hügel, J. C., … Röseler, J. J. (2020, July 24). The Stepwise Anchoring Paradigm: Measuring Reliable Components of Anchoring and Adjustment as the Next Step in Moderator Research. https://doi.org/10.31234/osf.io/hjbwp","Röseler et al., 2020","https://osf.io/uac2t/","Weight of a badger (kg)","weight",1,0,0,1,1,1,3,3,15,0,1
"1590",35,2,10,26,583,75583,"Röseler, L., Schütz, A., Dolling, I. K., Friedinger, K., Hösch, Y., Hügel, J. C., … Röseler, J. J. (2020, July 24). The Stepwise Anchoring Paradigm: Measuring Reliable Components of Anchoring and Adjustment as the Next Step in Moderator Research. https://doi.org/10.31234/osf.io/hjbwp","Röseler et al., 2020","https://osf.io/uac2t/","Weight of a pelican (kg)","weight",1,0,0,1,1,1,3,3,15,1,1
"1591",35,2,30,10,583,75583,"Röseler, L., Schütz, A., Dolling, I. K., Friedinger, K., Hösch, Y., Hügel, J. C., … Röseler, J. J. (2020, July 24). The Stepwise Anchoring Paradigm: Measuring Reliable Components of Anchoring and Adjustment as the Next Step in Moderator Research. https://doi.org/10.31234/osf.io/hjbwp","Röseler et al., 2020","https://osf.io/uac2t/","Weight of a beaver (kg)","weight",1,0,0,1,1,1,3,3,25,0,1
"1592",35,2,30,40,583,75583,"Röseler, L., Schütz, A., Dolling, I. K., Friedinger, K., Hösch, Y., Hügel, J. C., … Röseler, J. J. (2020, July 24). The Stepwise Anchoring Paradigm: Measuring Reliable Components of Anchoring and Adjustment as the Next Step in Moderator Research. https://doi.org/10.31234/osf.io/hjbwp","Röseler et al., 2020","https://osf.io/uac2t/","Weight of a deer (kg)","weight",1,0,0,1,1,1,3,3,25,1,1
"1593",35,2,40,25,583,75583,"Röseler, L., Schütz, A., Dolling, I. K., Friedinger, K., Hösch, Y., Hügel, J. C., … Röseler, J. J. (2020, July 24). The Stepwise Anchoring Paradigm: Measuring Reliable Components of Anchoring and Adjustment as the Next Step in Moderator Research. https://doi.org/10.31234/osf.io/hjbwp","Röseler et al., 2020","https://osf.io/uac2t/","Weight of a wolf (kg)","weight",1,0,0,1,1,1,3,3,50,0,1
"1594",35,2,25,75,583,75583,"Röseler, L., Schütz, A., Dolling, I. K., Friedinger, K., Hösch, Y., Hügel, J. C., … Röseler, J. J. (2020, July 24). The Stepwise Anchoring Paradigm: Measuring Reliable Components of Anchoring and Adjustment as the Next Step in Moderator Research. https://doi.org/10.31234/osf.io/hjbwp","Röseler et al., 2020","https://osf.io/uac2t/","Weight of a goat (kg)","weight",1,0,0,1,1,1,3,3,50,1,1
"1595",35,2,80,36,583,75583,"Röseler, L., Schütz, A., Dolling, I. K., Friedinger, K., Hösch, Y., Hügel, J. C., … Röseler, J. J. (2020, July 24). The Stepwise Anchoring Paradigm: Measuring Reliable Components of Anchoring and Adjustment as the Next Step in Moderator Research. https://doi.org/10.31234/osf.io/hjbwp","Röseler et al., 2020","https://osf.io/uac2t/","Weight of a hyena (kg)","weight",1,0,0,1,1,1,3,3,60,0,1
"1596",35,2,61,84,583,75583,"Röseler, L., Schütz, A., Dolling, I. K., Friedinger, K., Hösch, Y., Hügel, J. C., … Röseler, J. J. (2020, July 24). The Stepwise Anchoring Paradigm: Measuring Reliable Components of Anchoring and Adjustment as the Next Step in Moderator Research. https://doi.org/10.31234/osf.io/hjbwp","Röseler et al., 2020","https://osf.io/uac2t/","Weight of a warthog (kg)","weight",1,0,0,1,1,1,3,3,60,1,1
"1597",23,2,10,8,585,75585,"Röseler, L., Schütz, A., Dolling, I. K., Friedinger, K., Hösch, Y., Hügel, J. C., … Röseler, J. J. (2020, July 24). The Stepwise Anchoring Paradigm: Measuring Reliable Components of Anchoring and Adjustment as the Next Step in Moderator Research. https://doi.org/10.31234/osf.io/hjbwp","Röseler et al., 2020","https://osf.io/uac2t/","Weight of a rabbit (kg)","weight",1,0,0,1,1,1,3,3,4.5,1,1
"1598",23,2,11,1,585,75585,"Röseler, L., Schütz, A., Dolling, I. K., Friedinger, K., Hösch, Y., Hügel, J. C., … Röseler, J. J. (2020, July 24). The Stepwise Anchoring Paradigm: Measuring Reliable Components of Anchoring and Adjustment as the Next Step in Moderator Research. https://doi.org/10.31234/osf.io/hjbwp","Röseler et al., 2020","https://osf.io/uac2t/","Weight of a cat (kg)","weight",1,0,0,1,1,1,3,3,4.25,0,1
"1599",23,2,9,14,585,75585,"Röseler, L., Schütz, A., Dolling, I. K., Friedinger, K., Hösch, Y., Hügel, J. C., … Röseler, J. J. (2020, July 24). The Stepwise Anchoring Paradigm: Measuring Reliable Components of Anchoring and Adjustment as the Next Step in Moderator Research. https://doi.org/10.31234/osf.io/hjbwp","Röseler et al., 2020","https://osf.io/uac2t/","Weight of a fox (kg)","weight",1,0,0,1,1,1,3,3,8,1,1
"1600",23,2,7,2,585,75585,"Röseler, L., Schütz, A., Dolling, I. K., Friedinger, K., Hösch, Y., Hügel, J. C., … Röseler, J. J. (2020, July 24). The Stepwise Anchoring Paradigm: Measuring Reliable Components of Anchoring and Adjustment as the Next Step in Moderator Research. https://doi.org/10.31234/osf.io/hjbwp","Röseler et al., 2020","https://osf.io/uac2t/","Weight of a racoon (kg)","weight",1,0,0,1,1,1,3,3,8,0,1
"1601",23,2,29,26,585,75585,"Röseler, L., Schütz, A., Dolling, I. K., Friedinger, K., Hösch, Y., Hügel, J. C., … Röseler, J. J. (2020, July 24). The Stepwise Anchoring Paradigm: Measuring Reliable Components of Anchoring and Adjustment as the Next Step in Moderator Research. https://doi.org/10.31234/osf.io/hjbwp","Röseler et al., 2020","https://osf.io/uac2t/","Weight of a badger (kg)","weight",1,0,0,1,1,1,3,3,15,1,1
"1602",23,2,14,4,585,75585,"Röseler, L., Schütz, A., Dolling, I. K., Friedinger, K., Hösch, Y., Hügel, J. C., … Röseler, J. J. (2020, July 24). The Stepwise Anchoring Paradigm: Measuring Reliable Components of Anchoring and Adjustment as the Next Step in Moderator Research. https://doi.org/10.31234/osf.io/hjbwp","Röseler et al., 2020","https://osf.io/uac2t/","Weight of a pelican (kg)","weight",1,0,0,1,1,1,3,3,15,0,1
"1603",23,2,38,40,585,75585,"Röseler, L., Schütz, A., Dolling, I. K., Friedinger, K., Hösch, Y., Hügel, J. C., … Röseler, J. J. (2020, July 24). The Stepwise Anchoring Paradigm: Measuring Reliable Components of Anchoring and Adjustment as the Next Step in Moderator Research. https://doi.org/10.31234/osf.io/hjbwp","Röseler et al., 2020","https://osf.io/uac2t/","Weight of a beaver (kg)","weight",1,0,0,1,1,1,3,3,25,1,1
"1604",23,2,27,10,585,75585,"Röseler, L., Schütz, A., Dolling, I. K., Friedinger, K., Hösch, Y., Hügel, J. C., … Röseler, J. J. (2020, July 24). The Stepwise Anchoring Paradigm: Measuring Reliable Components of Anchoring and Adjustment as the Next Step in Moderator Research. https://doi.org/10.31234/osf.io/hjbwp","Röseler et al., 2020","https://osf.io/uac2t/","Weight of a deer (kg)","weight",1,0,0,1,1,1,3,3,25,0,1
"1605",23,2,64,75,585,75585,"Röseler, L., Schütz, A., Dolling, I. K., Friedinger, K., Hösch, Y., Hügel, J. C., … Röseler, J. J. (2020, July 24). The Stepwise Anchoring Paradigm: Measuring Reliable Components of Anchoring and Adjustment as the Next Step in Moderator Research. https://doi.org/10.31234/osf.io/hjbwp","Röseler et al., 2020","https://osf.io/uac2t/","Weight of a wolf (kg)","weight",1,0,0,1,1,1,3,3,50,1,1
"1606",23,2,32,25,585,75585,"Röseler, L., Schütz, A., Dolling, I. K., Friedinger, K., Hösch, Y., Hügel, J. C., … Röseler, J. J. (2020, July 24). The Stepwise Anchoring Paradigm: Measuring Reliable Components of Anchoring and Adjustment as the Next Step in Moderator Research. https://doi.org/10.31234/osf.io/hjbwp","Röseler et al., 2020","https://osf.io/uac2t/","Weight of a goat (kg)","weight",1,0,0,1,1,1,3,3,50,0,1
"1607",23,2,57,84,585,75585,"Röseler, L., Schütz, A., Dolling, I. K., Friedinger, K., Hösch, Y., Hügel, J. C., … Röseler, J. J. (2020, July 24). The Stepwise Anchoring Paradigm: Measuring Reliable Components of Anchoring and Adjustment as the Next Step in Moderator Research. https://doi.org/10.31234/osf.io/hjbwp","Röseler et al., 2020","https://osf.io/uac2t/","Weight of a hyena (kg)","weight",1,0,0,1,1,1,3,3,60,1,1
"1608",23,2,55,36,585,75585,"Röseler, L., Schütz, A., Dolling, I. K., Friedinger, K., Hösch, Y., Hügel, J. C., … Röseler, J. J. (2020, July 24). The Stepwise Anchoring Paradigm: Measuring Reliable Components of Anchoring and Adjustment as the Next Step in Moderator Research. https://doi.org/10.31234/osf.io/hjbwp","Röseler et al., 2020","https://osf.io/uac2t/","Weight of a warthog (kg)","weight",1,0,0,1,1,1,3,3,60,0,1
"1609",23,2,6,8,586,75586,"Röseler, L., Schütz, A., Dolling, I. K., Friedinger, K., Hösch, Y., Hügel, J. C., … Röseler, J. J. (2020, July 24). The Stepwise Anchoring Paradigm: Measuring Reliable Components of Anchoring and Adjustment as the Next Step in Moderator Research. https://doi.org/10.31234/osf.io/hjbwp","Röseler et al., 2020","https://osf.io/uac2t/","Weight of a rabbit (kg)","weight",1,0,0,1,1,1,3,3,4.5,1,1
"1610",23,2,12,1,586,75586,"Röseler, L., Schütz, A., Dolling, I. K., Friedinger, K., Hösch, Y., Hügel, J. C., … Röseler, J. J. (2020, July 24). The Stepwise Anchoring Paradigm: Measuring Reliable Components of Anchoring and Adjustment as the Next Step in Moderator Research. https://doi.org/10.31234/osf.io/hjbwp","Röseler et al., 2020","https://osf.io/uac2t/","Weight of a cat (kg)","weight",1,0,0,1,1,1,3,3,4.25,0,1
"1611",23,2,9,14,586,75586,"Röseler, L., Schütz, A., Dolling, I. K., Friedinger, K., Hösch, Y., Hügel, J. C., … Röseler, J. J. (2020, July 24). The Stepwise Anchoring Paradigm: Measuring Reliable Components of Anchoring and Adjustment as the Next Step in Moderator Research. https://doi.org/10.31234/osf.io/hjbwp","Röseler et al., 2020","https://osf.io/uac2t/","Weight of a fox (kg)","weight",1,0,0,1,1,1,3,3,8,1,1
"1612",23,2,17,2,586,75586,"Röseler, L., Schütz, A., Dolling, I. K., Friedinger, K., Hösch, Y., Hügel, J. C., … Röseler, J. J. (2020, July 24). The Stepwise Anchoring Paradigm: Measuring Reliable Components of Anchoring and Adjustment as the Next Step in Moderator Research. https://doi.org/10.31234/osf.io/hjbwp","Röseler et al., 2020","https://osf.io/uac2t/","Weight of a racoon (kg)","weight",1,0,0,1,1,1,3,3,8,0,1
"1613",23,2,22,26,586,75586,"Röseler, L., Schütz, A., Dolling, I. K., Friedinger, K., Hösch, Y., Hügel, J. C., … Röseler, J. J. (2020, July 24). The Stepwise Anchoring Paradigm: Measuring Reliable Components of Anchoring and Adjustment as the Next Step in Moderator Research. https://doi.org/10.31234/osf.io/hjbwp","Röseler et al., 2020","https://osf.io/uac2t/","Weight of a badger (kg)","weight",1,0,0,1,1,1,3,3,15,1,1
"1614",23,2,13,4,586,75586,"Röseler, L., Schütz, A., Dolling, I. K., Friedinger, K., Hösch, Y., Hügel, J. C., … Röseler, J. J. (2020, July 24). The Stepwise Anchoring Paradigm: Measuring Reliable Components of Anchoring and Adjustment as the Next Step in Moderator Research. https://doi.org/10.31234/osf.io/hjbwp","Röseler et al., 2020","https://osf.io/uac2t/","Weight of a pelican (kg)","weight",1,0,0,1,1,1,3,3,15,0,1
"1615",23,2,21,40,586,75586,"Röseler, L., Schütz, A., Dolling, I. K., Friedinger, K., Hösch, Y., Hügel, J. C., … Röseler, J. J. (2020, July 24). The Stepwise Anchoring Paradigm: Measuring Reliable Components of Anchoring and Adjustment as the Next Step in Moderator Research. https://doi.org/10.31234/osf.io/hjbwp","Röseler et al., 2020","https://osf.io/uac2t/","Weight of a beaver (kg)","weight",1,0,0,1,1,1,3,3,25,1,1
"1616",23,2,15,10,586,75586,"Röseler, L., Schütz, A., Dolling, I. K., Friedinger, K., Hösch, Y., Hügel, J. C., … Röseler, J. J. (2020, July 24). The Stepwise Anchoring Paradigm: Measuring Reliable Components of Anchoring and Adjustment as the Next Step in Moderator Research. https://doi.org/10.31234/osf.io/hjbwp","Röseler et al., 2020","https://osf.io/uac2t/","Weight of a deer (kg)","weight",1,0,0,1,1,1,3,3,25,0,1
"1617",23,2,32,75,586,75586,"Röseler, L., Schütz, A., Dolling, I. K., Friedinger, K., Hösch, Y., Hügel, J. C., … Röseler, J. J. (2020, July 24). The Stepwise Anchoring Paradigm: Measuring Reliable Components of Anchoring and Adjustment as the Next Step in Moderator Research. https://doi.org/10.31234/osf.io/hjbwp","Röseler et al., 2020","https://osf.io/uac2t/","Weight of a wolf (kg)","weight",1,0,0,1,1,1,3,3,50,1,1
"1618",23,2,31,25,586,75586,"Röseler, L., Schütz, A., Dolling, I. K., Friedinger, K., Hösch, Y., Hügel, J. C., … Röseler, J. J. (2020, July 24). The Stepwise Anchoring Paradigm: Measuring Reliable Components of Anchoring and Adjustment as the Next Step in Moderator Research. https://doi.org/10.31234/osf.io/hjbwp","Röseler et al., 2020","https://osf.io/uac2t/","Weight of a goat (kg)","weight",1,0,0,1,1,1,3,3,50,0,1
"1619",23,2,33,84,586,75586,"Röseler, L., Schütz, A., Dolling, I. K., Friedinger, K., Hösch, Y., Hügel, J. C., … Röseler, J. J. (2020, July 24). The Stepwise Anchoring Paradigm: Measuring Reliable Components of Anchoring and Adjustment as the Next Step in Moderator Research. https://doi.org/10.31234/osf.io/hjbwp","Röseler et al., 2020","https://osf.io/uac2t/","Weight of a hyena (kg)","weight",1,0,0,1,1,1,3,3,60,1,1
"1620",23,2,42,36,586,75586,"Röseler, L., Schütz, A., Dolling, I. K., Friedinger, K., Hösch, Y., Hügel, J. C., … Röseler, J. J. (2020, July 24). The Stepwise Anchoring Paradigm: Measuring Reliable Components of Anchoring and Adjustment as the Next Step in Moderator Research. https://doi.org/10.31234/osf.io/hjbwp","Röseler et al., 2020","https://osf.io/uac2t/","Weight of a warthog (kg)","weight",1,0,0,1,1,1,3,3,60,0,1
"1621",37,1,13,1,587,75587,"Röseler, L., Schütz, A., Dolling, I. K., Friedinger, K., Hösch, Y., Hügel, J. C., … Röseler, J. J. (2020, July 24). The Stepwise Anchoring Paradigm: Measuring Reliable Components of Anchoring and Adjustment as the Next Step in Moderator Research. https://doi.org/10.31234/osf.io/hjbwp","Röseler et al., 2020","https://osf.io/uac2t/","Weight of a rabbit (kg)","weight",1,0,0,1,1,1,3,3,4.5,0,1
"1622",37,1,2,8,587,75587,"Röseler, L., Schütz, A., Dolling, I. K., Friedinger, K., Hösch, Y., Hügel, J. C., … Röseler, J. J. (2020, July 24). The Stepwise Anchoring Paradigm: Measuring Reliable Components of Anchoring and Adjustment as the Next Step in Moderator Research. https://doi.org/10.31234/osf.io/hjbwp","Röseler et al., 2020","https://osf.io/uac2t/","Weight of a cat (kg)","weight",1,0,0,1,1,1,3,3,4.25,1,1
"1623",37,1,7,2,587,75587,"Röseler, L., Schütz, A., Dolling, I. K., Friedinger, K., Hösch, Y., Hügel, J. C., … Röseler, J. J. (2020, July 24). The Stepwise Anchoring Paradigm: Measuring Reliable Components of Anchoring and Adjustment as the Next Step in Moderator Research. https://doi.org/10.31234/osf.io/hjbwp","Röseler et al., 2020","https://osf.io/uac2t/","Weight of a fox (kg)","weight",1,0,0,1,1,1,3,3,8,0,1
"1624",37,1,7,14,587,75587,"Röseler, L., Schütz, A., Dolling, I. K., Friedinger, K., Hösch, Y., Hügel, J. C., … Röseler, J. J. (2020, July 24). The Stepwise Anchoring Paradigm: Measuring Reliable Components of Anchoring and Adjustment as the Next Step in Moderator Research. https://doi.org/10.31234/osf.io/hjbwp","Röseler et al., 2020","https://osf.io/uac2t/","Weight of a racoon (kg)","weight",1,0,0,1,1,1,3,3,8,1,1
"1625",37,1,3,4,587,75587,"Röseler, L., Schütz, A., Dolling, I. K., Friedinger, K., Hösch, Y., Hügel, J. C., … Röseler, J. J. (2020, July 24). The Stepwise Anchoring Paradigm: Measuring Reliable Components of Anchoring and Adjustment as the Next Step in Moderator Research. https://doi.org/10.31234/osf.io/hjbwp","Röseler et al., 2020","https://osf.io/uac2t/","Weight of a badger (kg)","weight",1,0,0,1,1,1,3,3,15,0,1
"1626",37,1,18,26,587,75587,"Röseler, L., Schütz, A., Dolling, I. K., Friedinger, K., Hösch, Y., Hügel, J. C., … Röseler, J. J. (2020, July 24). The Stepwise Anchoring Paradigm: Measuring Reliable Components of Anchoring and Adjustment as the Next Step in Moderator Research. https://doi.org/10.31234/osf.io/hjbwp","Röseler et al., 2020","https://osf.io/uac2t/","Weight of a pelican (kg)","weight",1,0,0,1,1,1,3,3,15,1,1
"1627",37,1,33,10,587,75587,"Röseler, L., Schütz, A., Dolling, I. K., Friedinger, K., Hösch, Y., Hügel, J. C., … Röseler, J. J. (2020, July 24). The Stepwise Anchoring Paradigm: Measuring Reliable Components of Anchoring and Adjustment as the Next Step in Moderator Research. https://doi.org/10.31234/osf.io/hjbwp","Röseler et al., 2020","https://osf.io/uac2t/","Weight of a beaver (kg)","weight",1,0,0,1,1,1,3,3,25,0,1
"1628",37,1,30,40,587,75587,"Röseler, L., Schütz, A., Dolling, I. K., Friedinger, K., Hösch, Y., Hügel, J. C., … Röseler, J. J. (2020, July 24). The Stepwise Anchoring Paradigm: Measuring Reliable Components of Anchoring and Adjustment as the Next Step in Moderator Research. https://doi.org/10.31234/osf.io/hjbwp","Röseler et al., 2020","https://osf.io/uac2t/","Weight of a deer (kg)","weight",1,0,0,1,1,1,3,3,25,1,1
"1629",37,1,50,25,587,75587,"Röseler, L., Schütz, A., Dolling, I. K., Friedinger, K., Hösch, Y., Hügel, J. C., … Röseler, J. J. (2020, July 24). The Stepwise Anchoring Paradigm: Measuring Reliable Components of Anchoring and Adjustment as the Next Step in Moderator Research. https://doi.org/10.31234/osf.io/hjbwp","Röseler et al., 2020","https://osf.io/uac2t/","Weight of a wolf (kg)","weight",1,0,0,1,1,1,3,3,50,0,1
"1630",37,1,90,75,587,75587,"Röseler, L., Schütz, A., Dolling, I. K., Friedinger, K., Hösch, Y., Hügel, J. C., … Röseler, J. J. (2020, July 24). The Stepwise Anchoring Paradigm: Measuring Reliable Components of Anchoring and Adjustment as the Next Step in Moderator Research. https://doi.org/10.31234/osf.io/hjbwp","Röseler et al., 2020","https://osf.io/uac2t/","Weight of a goat (kg)","weight",1,0,0,1,1,1,3,3,50,1,1
"1631",37,1,46,36,587,75587,"Röseler, L., Schütz, A., Dolling, I. K., Friedinger, K., Hösch, Y., Hügel, J. C., … Röseler, J. J. (2020, July 24). The Stepwise Anchoring Paradigm: Measuring Reliable Components of Anchoring and Adjustment as the Next Step in Moderator Research. https://doi.org/10.31234/osf.io/hjbwp","Röseler et al., 2020","https://osf.io/uac2t/","Weight of a hyena (kg)","weight",1,0,0,1,1,1,3,3,60,0,1
"1632",37,1,99,84,587,75587,"Röseler, L., Schütz, A., Dolling, I. K., Friedinger, K., Hösch, Y., Hügel, J. C., … Röseler, J. J. (2020, July 24). The Stepwise Anchoring Paradigm: Measuring Reliable Components of Anchoring and Adjustment as the Next Step in Moderator Research. https://doi.org/10.31234/osf.io/hjbwp","Röseler et al., 2020","https://osf.io/uac2t/","Weight of a warthog (kg)","weight",1,0,0,1,1,1,3,3,60,1,1
"1633",63,1,4,1,591,75591,"Röseler, L., Schütz, A., Dolling, I. K., Friedinger, K., Hösch, Y., Hügel, J. C., … Röseler, J. J. (2020, July 24). The Stepwise Anchoring Paradigm: Measuring Reliable Components of Anchoring and Adjustment as the Next Step in Moderator Research. https://doi.org/10.31234/osf.io/hjbwp","Röseler et al., 2020","https://osf.io/uac2t/","Weight of a rabbit (kg)","weight",1,0,0,1,1,1,3,3,4.5,0,1
"1634",63,1,4,8,591,75591,"Röseler, L., Schütz, A., Dolling, I. K., Friedinger, K., Hösch, Y., Hügel, J. C., … Röseler, J. J. (2020, July 24). The Stepwise Anchoring Paradigm: Measuring Reliable Components of Anchoring and Adjustment as the Next Step in Moderator Research. https://doi.org/10.31234/osf.io/hjbwp","Röseler et al., 2020","https://osf.io/uac2t/","Weight of a cat (kg)","weight",1,0,0,1,1,1,3,3,4.25,1,1
"1635",63,1,5,2,591,75591,"Röseler, L., Schütz, A., Dolling, I. K., Friedinger, K., Hösch, Y., Hügel, J. C., … Röseler, J. J. (2020, July 24). The Stepwise Anchoring Paradigm: Measuring Reliable Components of Anchoring and Adjustment as the Next Step in Moderator Research. https://doi.org/10.31234/osf.io/hjbwp","Röseler et al., 2020","https://osf.io/uac2t/","Weight of a fox (kg)","weight",1,0,0,1,1,1,3,3,8,0,1
"1636",63,1,16,14,591,75591,"Röseler, L., Schütz, A., Dolling, I. K., Friedinger, K., Hösch, Y., Hügel, J. C., … Röseler, J. J. (2020, July 24). The Stepwise Anchoring Paradigm: Measuring Reliable Components of Anchoring and Adjustment as the Next Step in Moderator Research. https://doi.org/10.31234/osf.io/hjbwp","Röseler et al., 2020","https://osf.io/uac2t/","Weight of a racoon (kg)","weight",1,0,0,1,1,1,3,3,8,1,1
"1637",63,1,8,4,591,75591,"Röseler, L., Schütz, A., Dolling, I. K., Friedinger, K., Hösch, Y., Hügel, J. C., … Röseler, J. J. (2020, July 24). The Stepwise Anchoring Paradigm: Measuring Reliable Components of Anchoring and Adjustment as the Next Step in Moderator Research. https://doi.org/10.31234/osf.io/hjbwp","Röseler et al., 2020","https://osf.io/uac2t/","Weight of a badger (kg)","weight",1,0,0,1,1,1,3,3,15,0,1
"1638",63,1,13,26,591,75591,"Röseler, L., Schütz, A., Dolling, I. K., Friedinger, K., Hösch, Y., Hügel, J. C., … Röseler, J. J. (2020, July 24). The Stepwise Anchoring Paradigm: Measuring Reliable Components of Anchoring and Adjustment as the Next Step in Moderator Research. https://doi.org/10.31234/osf.io/hjbwp","Röseler et al., 2020","https://osf.io/uac2t/","Weight of a pelican (kg)","weight",1,0,0,1,1,1,3,3,15,1,1
"1639",63,1,14,10,591,75591,"Röseler, L., Schütz, A., Dolling, I. K., Friedinger, K., Hösch, Y., Hügel, J. C., … Röseler, J. J. (2020, July 24). The Stepwise Anchoring Paradigm: Measuring Reliable Components of Anchoring and Adjustment as the Next Step in Moderator Research. https://doi.org/10.31234/osf.io/hjbwp","Röseler et al., 2020","https://osf.io/uac2t/","Weight of a beaver (kg)","weight",1,0,0,1,1,1,3,3,25,0,1
"1640",63,1,29,40,591,75591,"Röseler, L., Schütz, A., Dolling, I. K., Friedinger, K., Hösch, Y., Hügel, J. C., … Röseler, J. J. (2020, July 24). The Stepwise Anchoring Paradigm: Measuring Reliable Components of Anchoring and Adjustment as the Next Step in Moderator Research. https://doi.org/10.31234/osf.io/hjbwp","Röseler et al., 2020","https://osf.io/uac2t/","Weight of a deer (kg)","weight",1,0,0,1,1,1,3,3,25,1,1
"1641",63,1,28,25,591,75591,"Röseler, L., Schütz, A., Dolling, I. K., Friedinger, K., Hösch, Y., Hügel, J. C., … Röseler, J. J. (2020, July 24). The Stepwise Anchoring Paradigm: Measuring Reliable Components of Anchoring and Adjustment as the Next Step in Moderator Research. https://doi.org/10.31234/osf.io/hjbwp","Röseler et al., 2020","https://osf.io/uac2t/","Weight of a wolf (kg)","weight",1,0,0,1,1,1,3,3,50,0,1
"1642",63,1,65,75,591,75591,"Röseler, L., Schütz, A., Dolling, I. K., Friedinger, K., Hösch, Y., Hügel, J. C., … Röseler, J. J. (2020, July 24). The Stepwise Anchoring Paradigm: Measuring Reliable Components of Anchoring and Adjustment as the Next Step in Moderator Research. https://doi.org/10.31234/osf.io/hjbwp","Röseler et al., 2020","https://osf.io/uac2t/","Weight of a goat (kg)","weight",1,0,0,1,1,1,3,3,50,1,1
"1643",63,1,43,36,591,75591,"Röseler, L., Schütz, A., Dolling, I. K., Friedinger, K., Hösch, Y., Hügel, J. C., … Röseler, J. J. (2020, July 24). The Stepwise Anchoring Paradigm: Measuring Reliable Components of Anchoring and Adjustment as the Next Step in Moderator Research. https://doi.org/10.31234/osf.io/hjbwp","Röseler et al., 2020","https://osf.io/uac2t/","Weight of a hyena (kg)","weight",1,0,0,1,1,1,3,3,60,0,1
"1644",63,1,57,84,591,75591,"Röseler, L., Schütz, A., Dolling, I. K., Friedinger, K., Hösch, Y., Hügel, J. C., … Röseler, J. J. (2020, July 24). The Stepwise Anchoring Paradigm: Measuring Reliable Components of Anchoring and Adjustment as the Next Step in Moderator Research. https://doi.org/10.31234/osf.io/hjbwp","Röseler et al., 2020","https://osf.io/uac2t/","Weight of a warthog (kg)","weight",1,0,0,1,1,1,3,3,60,1,1
"1645",55,2,6,8,596,75596,"Röseler, L., Schütz, A., Dolling, I. K., Friedinger, K., Hösch, Y., Hügel, J. C., … Röseler, J. J. (2020, July 24). The Stepwise Anchoring Paradigm: Measuring Reliable Components of Anchoring and Adjustment as the Next Step in Moderator Research. https://doi.org/10.31234/osf.io/hjbwp","Röseler et al., 2020","https://osf.io/uac2t/","Weight of a rabbit (kg)","weight",1,0,0,1,1,1,3,3,4.5,1,1
"1646",55,2,4,1,596,75596,"Röseler, L., Schütz, A., Dolling, I. K., Friedinger, K., Hösch, Y., Hügel, J. C., … Röseler, J. J. (2020, July 24). The Stepwise Anchoring Paradigm: Measuring Reliable Components of Anchoring and Adjustment as the Next Step in Moderator Research. https://doi.org/10.31234/osf.io/hjbwp","Röseler et al., 2020","https://osf.io/uac2t/","Weight of a cat (kg)","weight",1,0,0,1,1,1,3,3,4.25,0,1
"1647",55,2,12,14,596,75596,"Röseler, L., Schütz, A., Dolling, I. K., Friedinger, K., Hösch, Y., Hügel, J. C., … Röseler, J. J. (2020, July 24). The Stepwise Anchoring Paradigm: Measuring Reliable Components of Anchoring and Adjustment as the Next Step in Moderator Research. https://doi.org/10.31234/osf.io/hjbwp","Röseler et al., 2020","https://osf.io/uac2t/","Weight of a fox (kg)","weight",1,0,0,1,1,1,3,3,8,1,1
"1648",55,2,8,2,596,75596,"Röseler, L., Schütz, A., Dolling, I. K., Friedinger, K., Hösch, Y., Hügel, J. C., … Röseler, J. J. (2020, July 24). The Stepwise Anchoring Paradigm: Measuring Reliable Components of Anchoring and Adjustment as the Next Step in Moderator Research. https://doi.org/10.31234/osf.io/hjbwp","Röseler et al., 2020","https://osf.io/uac2t/","Weight of a racoon (kg)","weight",1,0,0,1,1,1,3,3,8,0,1
"1649",55,2,11,26,596,75596,"Röseler, L., Schütz, A., Dolling, I. K., Friedinger, K., Hösch, Y., Hügel, J. C., … Röseler, J. J. (2020, July 24). The Stepwise Anchoring Paradigm: Measuring Reliable Components of Anchoring and Adjustment as the Next Step in Moderator Research. https://doi.org/10.31234/osf.io/hjbwp","Röseler et al., 2020","https://osf.io/uac2t/","Weight of a badger (kg)","weight",1,0,0,1,1,1,3,3,15,1,1
"1650",55,2,11,4,596,75596,"Röseler, L., Schütz, A., Dolling, I. K., Friedinger, K., Hösch, Y., Hügel, J. C., … Röseler, J. J. (2020, July 24). The Stepwise Anchoring Paradigm: Measuring Reliable Components of Anchoring and Adjustment as the Next Step in Moderator Research. https://doi.org/10.31234/osf.io/hjbwp","Röseler et al., 2020","https://osf.io/uac2t/","Weight of a pelican (kg)","weight",1,0,0,1,1,1,3,3,15,0,1
"1651",55,2,25,40,596,75596,"Röseler, L., Schütz, A., Dolling, I. K., Friedinger, K., Hösch, Y., Hügel, J. C., … Röseler, J. J. (2020, July 24). The Stepwise Anchoring Paradigm: Measuring Reliable Components of Anchoring and Adjustment as the Next Step in Moderator Research. https://doi.org/10.31234/osf.io/hjbwp","Röseler et al., 2020","https://osf.io/uac2t/","Weight of a beaver (kg)","weight",1,0,0,1,1,1,3,3,25,1,1
"1652",55,2,27,10,596,75596,"Röseler, L., Schütz, A., Dolling, I. K., Friedinger, K., Hösch, Y., Hügel, J. C., … Röseler, J. J. (2020, July 24). The Stepwise Anchoring Paradigm: Measuring Reliable Components of Anchoring and Adjustment as the Next Step in Moderator Research. https://doi.org/10.31234/osf.io/hjbwp","Röseler et al., 2020","https://osf.io/uac2t/","Weight of a deer (kg)","weight",1,0,0,1,1,1,3,3,25,0,1
"1653",55,2,51,75,596,75596,"Röseler, L., Schütz, A., Dolling, I. K., Friedinger, K., Hösch, Y., Hügel, J. C., … Röseler, J. J. (2020, July 24). The Stepwise Anchoring Paradigm: Measuring Reliable Components of Anchoring and Adjustment as the Next Step in Moderator Research. https://doi.org/10.31234/osf.io/hjbwp","Röseler et al., 2020","https://osf.io/uac2t/","Weight of a wolf (kg)","weight",1,0,0,1,1,1,3,3,50,1,1
"1654",55,2,52,25,596,75596,"Röseler, L., Schütz, A., Dolling, I. K., Friedinger, K., Hösch, Y., Hügel, J. C., … Röseler, J. J. (2020, July 24). The Stepwise Anchoring Paradigm: Measuring Reliable Components of Anchoring and Adjustment as the Next Step in Moderator Research. https://doi.org/10.31234/osf.io/hjbwp","Röseler et al., 2020","https://osf.io/uac2t/","Weight of a goat (kg)","weight",1,0,0,1,1,1,3,3,50,0,1
"1655",55,2,16,84,596,75596,"Röseler, L., Schütz, A., Dolling, I. K., Friedinger, K., Hösch, Y., Hügel, J. C., … Röseler, J. J. (2020, July 24). The Stepwise Anchoring Paradigm: Measuring Reliable Components of Anchoring and Adjustment as the Next Step in Moderator Research. https://doi.org/10.31234/osf.io/hjbwp","Röseler et al., 2020","https://osf.io/uac2t/","Weight of a hyena (kg)","weight",1,0,0,1,1,1,3,3,60,1,1
"1656",55,2,66,36,596,75596,"Röseler, L., Schütz, A., Dolling, I. K., Friedinger, K., Hösch, Y., Hügel, J. C., … Röseler, J. J. (2020, July 24). The Stepwise Anchoring Paradigm: Measuring Reliable Components of Anchoring and Adjustment as the Next Step in Moderator Research. https://doi.org/10.31234/osf.io/hjbwp","Röseler et al., 2020","https://osf.io/uac2t/","Weight of a warthog (kg)","weight",1,0,0,1,1,1,3,3,60,0,1
"1657",20,2,4,1,607,75607,"Röseler, L., Schütz, A., Dolling, I. K., Friedinger, K., Hösch, Y., Hügel, J. C., … Röseler, J. J. (2020, July 24). The Stepwise Anchoring Paradigm: Measuring Reliable Components of Anchoring and Adjustment as the Next Step in Moderator Research. https://doi.org/10.31234/osf.io/hjbwp","Röseler et al., 2020","https://osf.io/uac2t/","Weight of a rabbit (kg)","weight",1,0,0,1,1,1,3,3,4.5,0,1
"1658",20,2,5,8,607,75607,"Röseler, L., Schütz, A., Dolling, I. K., Friedinger, K., Hösch, Y., Hügel, J. C., … Röseler, J. J. (2020, July 24). The Stepwise Anchoring Paradigm: Measuring Reliable Components of Anchoring and Adjustment as the Next Step in Moderator Research. https://doi.org/10.31234/osf.io/hjbwp","Röseler et al., 2020","https://osf.io/uac2t/","Weight of a cat (kg)","weight",1,0,0,1,1,1,3,3,4.25,1,1
"1659",20,2,25,2,607,75607,"Röseler, L., Schütz, A., Dolling, I. K., Friedinger, K., Hösch, Y., Hügel, J. C., … Röseler, J. J. (2020, July 24). The Stepwise Anchoring Paradigm: Measuring Reliable Components of Anchoring and Adjustment as the Next Step in Moderator Research. https://doi.org/10.31234/osf.io/hjbwp","Röseler et al., 2020","https://osf.io/uac2t/","Weight of a fox (kg)","weight",1,0,0,1,1,1,3,3,8,0,1
"1660",20,2,22,14,607,75607,"Röseler, L., Schütz, A., Dolling, I. K., Friedinger, K., Hösch, Y., Hügel, J. C., … Röseler, J. J. (2020, July 24). The Stepwise Anchoring Paradigm: Measuring Reliable Components of Anchoring and Adjustment as the Next Step in Moderator Research. https://doi.org/10.31234/osf.io/hjbwp","Röseler et al., 2020","https://osf.io/uac2t/","Weight of a racoon (kg)","weight",1,0,0,1,1,1,3,3,8,1,1
"1661",20,2,14,4,607,75607,"Röseler, L., Schütz, A., Dolling, I. K., Friedinger, K., Hösch, Y., Hügel, J. C., … Röseler, J. J. (2020, July 24). The Stepwise Anchoring Paradigm: Measuring Reliable Components of Anchoring and Adjustment as the Next Step in Moderator Research. https://doi.org/10.31234/osf.io/hjbwp","Röseler et al., 2020","https://osf.io/uac2t/","Weight of a badger (kg)","weight",1,0,0,1,1,1,3,3,15,0,1
"1662",20,2,18,26,607,75607,"Röseler, L., Schütz, A., Dolling, I. K., Friedinger, K., Hösch, Y., Hügel, J. C., … Röseler, J. J. (2020, July 24). The Stepwise Anchoring Paradigm: Measuring Reliable Components of Anchoring and Adjustment as the Next Step in Moderator Research. https://doi.org/10.31234/osf.io/hjbwp","Röseler et al., 2020","https://osf.io/uac2t/","Weight of a pelican (kg)","weight",1,0,0,1,1,1,3,3,15,1,1
"1663",20,2,13,10,607,75607,"Röseler, L., Schütz, A., Dolling, I. K., Friedinger, K., Hösch, Y., Hügel, J. C., … Röseler, J. J. (2020, July 24). The Stepwise Anchoring Paradigm: Measuring Reliable Components of Anchoring and Adjustment as the Next Step in Moderator Research. https://doi.org/10.31234/osf.io/hjbwp","Röseler et al., 2020","https://osf.io/uac2t/","Weight of a beaver (kg)","weight",1,0,0,1,1,1,3,3,25,0,1
"1664",20,2,37,40,607,75607,"Röseler, L., Schütz, A., Dolling, I. K., Friedinger, K., Hösch, Y., Hügel, J. C., … Röseler, J. J. (2020, July 24). The Stepwise Anchoring Paradigm: Measuring Reliable Components of Anchoring and Adjustment as the Next Step in Moderator Research. https://doi.org/10.31234/osf.io/hjbwp","Röseler et al., 2020","https://osf.io/uac2t/","Weight of a deer (kg)","weight",1,0,0,1,1,1,3,3,25,1,1
"1665",20,2,55,25,607,75607,"Röseler, L., Schütz, A., Dolling, I. K., Friedinger, K., Hösch, Y., Hügel, J. C., … Röseler, J. J. (2020, July 24). The Stepwise Anchoring Paradigm: Measuring Reliable Components of Anchoring and Adjustment as the Next Step in Moderator Research. https://doi.org/10.31234/osf.io/hjbwp","Röseler et al., 2020","https://osf.io/uac2t/","Weight of a wolf (kg)","weight",1,0,0,1,1,1,3,3,50,0,1
"1666",20,2,20,75,607,75607,"Röseler, L., Schütz, A., Dolling, I. K., Friedinger, K., Hösch, Y., Hügel, J. C., … Röseler, J. J. (2020, July 24). The Stepwise Anchoring Paradigm: Measuring Reliable Components of Anchoring and Adjustment as the Next Step in Moderator Research. https://doi.org/10.31234/osf.io/hjbwp","Röseler et al., 2020","https://osf.io/uac2t/","Weight of a goat (kg)","weight",1,0,0,1,1,1,3,3,50,1,1
"1667",20,2,46,36,607,75607,"Röseler, L., Schütz, A., Dolling, I. K., Friedinger, K., Hösch, Y., Hügel, J. C., … Röseler, J. J. (2020, July 24). The Stepwise Anchoring Paradigm: Measuring Reliable Components of Anchoring and Adjustment as the Next Step in Moderator Research. https://doi.org/10.31234/osf.io/hjbwp","Röseler et al., 2020","https://osf.io/uac2t/","Weight of a hyena (kg)","weight",1,0,0,1,1,1,3,3,60,0,1
"1668",20,2,46,84,607,75607,"Röseler, L., Schütz, A., Dolling, I. K., Friedinger, K., Hösch, Y., Hügel, J. C., … Röseler, J. J. (2020, July 24). The Stepwise Anchoring Paradigm: Measuring Reliable Components of Anchoring and Adjustment as the Next Step in Moderator Research. https://doi.org/10.31234/osf.io/hjbwp","Röseler et al., 2020","https://osf.io/uac2t/","Weight of a warthog (kg)","weight",1,0,0,1,1,1,3,3,60,1,1
"1669",19,1,6,8,610,75610,"Röseler, L., Schütz, A., Dolling, I. K., Friedinger, K., Hösch, Y., Hügel, J. C., … Röseler, J. J. (2020, July 24). The Stepwise Anchoring Paradigm: Measuring Reliable Components of Anchoring and Adjustment as the Next Step in Moderator Research. https://doi.org/10.31234/osf.io/hjbwp","Röseler et al., 2020","https://osf.io/uac2t/","Weight of a rabbit (kg)","weight",1,0,0,1,1,1,3,3,4.5,1,1
"1670",19,1,13,1,610,75610,"Röseler, L., Schütz, A., Dolling, I. K., Friedinger, K., Hösch, Y., Hügel, J. C., … Röseler, J. J. (2020, July 24). The Stepwise Anchoring Paradigm: Measuring Reliable Components of Anchoring and Adjustment as the Next Step in Moderator Research. https://doi.org/10.31234/osf.io/hjbwp","Röseler et al., 2020","https://osf.io/uac2t/","Weight of a cat (kg)","weight",1,0,0,1,1,1,3,3,4.25,0,1
"1671",19,1,12,14,610,75610,"Röseler, L., Schütz, A., Dolling, I. K., Friedinger, K., Hösch, Y., Hügel, J. C., … Röseler, J. J. (2020, July 24). The Stepwise Anchoring Paradigm: Measuring Reliable Components of Anchoring and Adjustment as the Next Step in Moderator Research. https://doi.org/10.31234/osf.io/hjbwp","Röseler et al., 2020","https://osf.io/uac2t/","Weight of a fox (kg)","weight",1,0,0,1,1,1,3,3,8,1,1
"1672",19,1,8,2,610,75610,"Röseler, L., Schütz, A., Dolling, I. K., Friedinger, K., Hösch, Y., Hügel, J. C., … Röseler, J. J. (2020, July 24). The Stepwise Anchoring Paradigm: Measuring Reliable Components of Anchoring and Adjustment as the Next Step in Moderator Research. https://doi.org/10.31234/osf.io/hjbwp","Röseler et al., 2020","https://osf.io/uac2t/","Weight of a racoon (kg)","weight",1,0,0,1,1,1,3,3,8,0,1
"1673",19,1,17,26,610,75610,"Röseler, L., Schütz, A., Dolling, I. K., Friedinger, K., Hösch, Y., Hügel, J. C., … Röseler, J. J. (2020, July 24). The Stepwise Anchoring Paradigm: Measuring Reliable Components of Anchoring and Adjustment as the Next Step in Moderator Research. https://doi.org/10.31234/osf.io/hjbwp","Röseler et al., 2020","https://osf.io/uac2t/","Weight of a badger (kg)","weight",1,0,0,1,1,1,3,3,15,1,1
"1674",19,1,20,4,610,75610,"Röseler, L., Schütz, A., Dolling, I. K., Friedinger, K., Hösch, Y., Hügel, J. C., … Röseler, J. J. (2020, July 24). The Stepwise Anchoring Paradigm: Measuring Reliable Components of Anchoring and Adjustment as the Next Step in Moderator Research. https://doi.org/10.31234/osf.io/hjbwp","Röseler et al., 2020","https://osf.io/uac2t/","Weight of a pelican (kg)","weight",1,0,0,1,1,1,3,3,15,0,1
"1675",19,1,20,40,610,75610,"Röseler, L., Schütz, A., Dolling, I. K., Friedinger, K., Hösch, Y., Hügel, J. C., … Röseler, J. J. (2020, July 24). The Stepwise Anchoring Paradigm: Measuring Reliable Components of Anchoring and Adjustment as the Next Step in Moderator Research. https://doi.org/10.31234/osf.io/hjbwp","Röseler et al., 2020","https://osf.io/uac2t/","Weight of a beaver (kg)","weight",1,0,0,1,1,1,3,3,25,1,1
"1676",19,1,29,10,610,75610,"Röseler, L., Schütz, A., Dolling, I. K., Friedinger, K., Hösch, Y., Hügel, J. C., … Röseler, J. J. (2020, July 24). The Stepwise Anchoring Paradigm: Measuring Reliable Components of Anchoring and Adjustment as the Next Step in Moderator Research. https://doi.org/10.31234/osf.io/hjbwp","Röseler et al., 2020","https://osf.io/uac2t/","Weight of a deer (kg)","weight",1,0,0,1,1,1,3,3,25,0,1
"1677",19,1,30,75,610,75610,"Röseler, L., Schütz, A., Dolling, I. K., Friedinger, K., Hösch, Y., Hügel, J. C., … Röseler, J. J. (2020, July 24). The Stepwise Anchoring Paradigm: Measuring Reliable Components of Anchoring and Adjustment as the Next Step in Moderator Research. https://doi.org/10.31234/osf.io/hjbwp","Röseler et al., 2020","https://osf.io/uac2t/","Weight of a wolf (kg)","weight",1,0,0,1,1,1,3,3,50,1,1
"1678",19,1,31,25,610,75610,"Röseler, L., Schütz, A., Dolling, I. K., Friedinger, K., Hösch, Y., Hügel, J. C., … Röseler, J. J. (2020, July 24). The Stepwise Anchoring Paradigm: Measuring Reliable Components of Anchoring and Adjustment as the Next Step in Moderator Research. https://doi.org/10.31234/osf.io/hjbwp","Röseler et al., 2020","https://osf.io/uac2t/","Weight of a goat (kg)","weight",1,0,0,1,1,1,3,3,50,0,1
"1679",19,1,31,84,610,75610,"Röseler, L., Schütz, A., Dolling, I. K., Friedinger, K., Hösch, Y., Hügel, J. C., … Röseler, J. J. (2020, July 24). The Stepwise Anchoring Paradigm: Measuring Reliable Components of Anchoring and Adjustment as the Next Step in Moderator Research. https://doi.org/10.31234/osf.io/hjbwp","Röseler et al., 2020","https://osf.io/uac2t/","Weight of a hyena (kg)","weight",1,0,0,1,1,1,3,3,60,1,1
"1680",19,1,47,36,610,75610,"Röseler, L., Schütz, A., Dolling, I. K., Friedinger, K., Hösch, Y., Hügel, J. C., … Röseler, J. J. (2020, July 24). The Stepwise Anchoring Paradigm: Measuring Reliable Components of Anchoring and Adjustment as the Next Step in Moderator Research. https://doi.org/10.31234/osf.io/hjbwp","Röseler et al., 2020","https://osf.io/uac2t/","Weight of a warthog (kg)","weight",1,0,0,1,1,1,3,3,60,0,1
"1681",27,2,13,8,611,75611,"Röseler, L., Schütz, A., Dolling, I. K., Friedinger, K., Hösch, Y., Hügel, J. C., … Röseler, J. J. (2020, July 24). The Stepwise Anchoring Paradigm: Measuring Reliable Components of Anchoring and Adjustment as the Next Step in Moderator Research. https://doi.org/10.31234/osf.io/hjbwp","Röseler et al., 2020","https://osf.io/uac2t/","Weight of a rabbit (kg)","weight",1,0,0,1,1,1,3,3,4.5,1,1
"1682",27,2,14,1,611,75611,"Röseler, L., Schütz, A., Dolling, I. K., Friedinger, K., Hösch, Y., Hügel, J. C., … Röseler, J. J. (2020, July 24). The Stepwise Anchoring Paradigm: Measuring Reliable Components of Anchoring and Adjustment as the Next Step in Moderator Research. https://doi.org/10.31234/osf.io/hjbwp","Röseler et al., 2020","https://osf.io/uac2t/","Weight of a cat (kg)","weight",1,0,0,1,1,1,3,3,4.25,0,1
"1683",27,2,12,14,611,75611,"Röseler, L., Schütz, A., Dolling, I. K., Friedinger, K., Hösch, Y., Hügel, J. C., … Röseler, J. J. (2020, July 24). The Stepwise Anchoring Paradigm: Measuring Reliable Components of Anchoring and Adjustment as the Next Step in Moderator Research. https://doi.org/10.31234/osf.io/hjbwp","Röseler et al., 2020","https://osf.io/uac2t/","Weight of a fox (kg)","weight",1,0,0,1,1,1,3,3,8,1,1
"1684",27,2,15,2,611,75611,"Röseler, L., Schütz, A., Dolling, I. K., Friedinger, K., Hösch, Y., Hügel, J. C., … Röseler, J. J. (2020, July 24). The Stepwise Anchoring Paradigm: Measuring Reliable Components of Anchoring and Adjustment as the Next Step in Moderator Research. https://doi.org/10.31234/osf.io/hjbwp","Röseler et al., 2020","https://osf.io/uac2t/","Weight of a racoon (kg)","weight",1,0,0,1,1,1,3,3,8,0,1
"1685",27,2,16,26,611,75611,"Röseler, L., Schütz, A., Dolling, I. K., Friedinger, K., Hösch, Y., Hügel, J. C., … Röseler, J. J. (2020, July 24). The Stepwise Anchoring Paradigm: Measuring Reliable Components of Anchoring and Adjustment as the Next Step in Moderator Research. https://doi.org/10.31234/osf.io/hjbwp","Röseler et al., 2020","https://osf.io/uac2t/","Weight of a badger (kg)","weight",1,0,0,1,1,1,3,3,15,1,1
"1686",27,2,12,4,611,75611,"Röseler, L., Schütz, A., Dolling, I. K., Friedinger, K., Hösch, Y., Hügel, J. C., … Röseler, J. J. (2020, July 24). The Stepwise Anchoring Paradigm: Measuring Reliable Components of Anchoring and Adjustment as the Next Step in Moderator Research. https://doi.org/10.31234/osf.io/hjbwp","Röseler et al., 2020","https://osf.io/uac2t/","Weight of a pelican (kg)","weight",1,0,0,1,1,1,3,3,15,0,1
"1687",27,2,22,40,611,75611,"Röseler, L., Schütz, A., Dolling, I. K., Friedinger, K., Hösch, Y., Hügel, J. C., … Röseler, J. J. (2020, July 24). The Stepwise Anchoring Paradigm: Measuring Reliable Components of Anchoring and Adjustment as the Next Step in Moderator Research. https://doi.org/10.31234/osf.io/hjbwp","Röseler et al., 2020","https://osf.io/uac2t/","Weight of a beaver (kg)","weight",1,0,0,1,1,1,3,3,25,1,1
"1688",27,2,57,10,611,75611,"Röseler, L., Schütz, A., Dolling, I. K., Friedinger, K., Hösch, Y., Hügel, J. C., … Röseler, J. J. (2020, July 24). The Stepwise Anchoring Paradigm: Measuring Reliable Components of Anchoring and Adjustment as the Next Step in Moderator Research. https://doi.org/10.31234/osf.io/hjbwp","Röseler et al., 2020","https://osf.io/uac2t/","Weight of a deer (kg)","weight",1,0,0,1,1,1,3,3,25,0,1
"1689",27,2,56,75,611,75611,"Röseler, L., Schütz, A., Dolling, I. K., Friedinger, K., Hösch, Y., Hügel, J. C., … Röseler, J. J. (2020, July 24). The Stepwise Anchoring Paradigm: Measuring Reliable Components of Anchoring and Adjustment as the Next Step in Moderator Research. https://doi.org/10.31234/osf.io/hjbwp","Röseler et al., 2020","https://osf.io/uac2t/","Weight of a wolf (kg)","weight",1,0,0,1,1,1,3,3,50,1,1
"1690",27,2,33,25,611,75611,"Röseler, L., Schütz, A., Dolling, I. K., Friedinger, K., Hösch, Y., Hügel, J. C., … Röseler, J. J. (2020, July 24). The Stepwise Anchoring Paradigm: Measuring Reliable Components of Anchoring and Adjustment as the Next Step in Moderator Research. https://doi.org/10.31234/osf.io/hjbwp","Röseler et al., 2020","https://osf.io/uac2t/","Weight of a goat (kg)","weight",1,0,0,1,1,1,3,3,50,0,1
"1691",27,2,57,84,611,75611,"Röseler, L., Schütz, A., Dolling, I. K., Friedinger, K., Hösch, Y., Hügel, J. C., … Röseler, J. J. (2020, July 24). The Stepwise Anchoring Paradigm: Measuring Reliable Components of Anchoring and Adjustment as the Next Step in Moderator Research. https://doi.org/10.31234/osf.io/hjbwp","Röseler et al., 2020","https://osf.io/uac2t/","Weight of a hyena (kg)","weight",1,0,0,1,1,1,3,3,60,1,1
"1692",27,2,52,36,611,75611,"Röseler, L., Schütz, A., Dolling, I. K., Friedinger, K., Hösch, Y., Hügel, J. C., … Röseler, J. J. (2020, July 24). The Stepwise Anchoring Paradigm: Measuring Reliable Components of Anchoring and Adjustment as the Next Step in Moderator Research. https://doi.org/10.31234/osf.io/hjbwp","Röseler et al., 2020","https://osf.io/uac2t/","Weight of a warthog (kg)","weight",1,0,0,1,1,1,3,3,60,0,1
"1693",20,1,11,8,613,75613,"Röseler, L., Schütz, A., Dolling, I. K., Friedinger, K., Hösch, Y., Hügel, J. C., … Röseler, J. J. (2020, July 24). The Stepwise Anchoring Paradigm: Measuring Reliable Components of Anchoring and Adjustment as the Next Step in Moderator Research. https://doi.org/10.31234/osf.io/hjbwp","Röseler et al., 2020","https://osf.io/uac2t/","Weight of a rabbit (kg)","weight",1,0,0,1,1,1,3,3,4.5,1,1
"1694",20,1,7,1,613,75613,"Röseler, L., Schütz, A., Dolling, I. K., Friedinger, K., Hösch, Y., Hügel, J. C., … Röseler, J. J. (2020, July 24). The Stepwise Anchoring Paradigm: Measuring Reliable Components of Anchoring and Adjustment as the Next Step in Moderator Research. https://doi.org/10.31234/osf.io/hjbwp","Röseler et al., 2020","https://osf.io/uac2t/","Weight of a cat (kg)","weight",1,0,0,1,1,1,3,3,4.25,0,1
"1695",20,1,7,14,613,75613,"Röseler, L., Schütz, A., Dolling, I. K., Friedinger, K., Hösch, Y., Hügel, J. C., … Röseler, J. J. (2020, July 24). The Stepwise Anchoring Paradigm: Measuring Reliable Components of Anchoring and Adjustment as the Next Step in Moderator Research. https://doi.org/10.31234/osf.io/hjbwp","Röseler et al., 2020","https://osf.io/uac2t/","Weight of a fox (kg)","weight",1,0,0,1,1,1,3,3,8,1,1
"1696",20,1,12,2,613,75613,"Röseler, L., Schütz, A., Dolling, I. K., Friedinger, K., Hösch, Y., Hügel, J. C., … Röseler, J. J. (2020, July 24). The Stepwise Anchoring Paradigm: Measuring Reliable Components of Anchoring and Adjustment as the Next Step in Moderator Research. https://doi.org/10.31234/osf.io/hjbwp","Röseler et al., 2020","https://osf.io/uac2t/","Weight of a racoon (kg)","weight",1,0,0,1,1,1,3,3,8,0,1
"1697",20,1,13,26,613,75613,"Röseler, L., Schütz, A., Dolling, I. K., Friedinger, K., Hösch, Y., Hügel, J. C., … Röseler, J. J. (2020, July 24). The Stepwise Anchoring Paradigm: Measuring Reliable Components of Anchoring and Adjustment as the Next Step in Moderator Research. https://doi.org/10.31234/osf.io/hjbwp","Röseler et al., 2020","https://osf.io/uac2t/","Weight of a badger (kg)","weight",1,0,0,1,1,1,3,3,15,1,1
"1698",20,1,15,4,613,75613,"Röseler, L., Schütz, A., Dolling, I. K., Friedinger, K., Hösch, Y., Hügel, J. C., … Röseler, J. J. (2020, July 24). The Stepwise Anchoring Paradigm: Measuring Reliable Components of Anchoring and Adjustment as the Next Step in Moderator Research. https://doi.org/10.31234/osf.io/hjbwp","Röseler et al., 2020","https://osf.io/uac2t/","Weight of a pelican (kg)","weight",1,0,0,1,1,1,3,3,15,0,1
"1699",20,1,19,40,613,75613,"Röseler, L., Schütz, A., Dolling, I. K., Friedinger, K., Hösch, Y., Hügel, J. C., … Röseler, J. J. (2020, July 24). The Stepwise Anchoring Paradigm: Measuring Reliable Components of Anchoring and Adjustment as the Next Step in Moderator Research. https://doi.org/10.31234/osf.io/hjbwp","Röseler et al., 2020","https://osf.io/uac2t/","Weight of a beaver (kg)","weight",1,0,0,1,1,1,3,3,25,1,1
"1700",20,1,76,10,613,75613,"Röseler, L., Schütz, A., Dolling, I. K., Friedinger, K., Hösch, Y., Hügel, J. C., … Röseler, J. J. (2020, July 24). The Stepwise Anchoring Paradigm: Measuring Reliable Components of Anchoring and Adjustment as the Next Step in Moderator Research. https://doi.org/10.31234/osf.io/hjbwp","Röseler et al., 2020","https://osf.io/uac2t/","Weight of a deer (kg)","weight",1,0,0,1,1,1,3,3,25,0,1
"1701",20,1,42,75,613,75613,"Röseler, L., Schütz, A., Dolling, I. K., Friedinger, K., Hösch, Y., Hügel, J. C., … Röseler, J. J. (2020, July 24). The Stepwise Anchoring Paradigm: Measuring Reliable Components of Anchoring and Adjustment as the Next Step in Moderator Research. https://doi.org/10.31234/osf.io/hjbwp","Röseler et al., 2020","https://osf.io/uac2t/","Weight of a wolf (kg)","weight",1,0,0,1,1,1,3,3,50,1,1
"1702",20,1,53,25,613,75613,"Röseler, L., Schütz, A., Dolling, I. K., Friedinger, K., Hösch, Y., Hügel, J. C., … Röseler, J. J. (2020, July 24). The Stepwise Anchoring Paradigm: Measuring Reliable Components of Anchoring and Adjustment as the Next Step in Moderator Research. https://doi.org/10.31234/osf.io/hjbwp","Röseler et al., 2020","https://osf.io/uac2t/","Weight of a goat (kg)","weight",1,0,0,1,1,1,3,3,50,0,1
"1703",20,1,57,84,613,75613,"Röseler, L., Schütz, A., Dolling, I. K., Friedinger, K., Hösch, Y., Hügel, J. C., … Röseler, J. J. (2020, July 24). The Stepwise Anchoring Paradigm: Measuring Reliable Components of Anchoring and Adjustment as the Next Step in Moderator Research. https://doi.org/10.31234/osf.io/hjbwp","Röseler et al., 2020","https://osf.io/uac2t/","Weight of a hyena (kg)","weight",1,0,0,1,1,1,3,3,60,1,1
"1704",20,1,78,36,613,75613,"Röseler, L., Schütz, A., Dolling, I. K., Friedinger, K., Hösch, Y., Hügel, J. C., … Röseler, J. J. (2020, July 24). The Stepwise Anchoring Paradigm: Measuring Reliable Components of Anchoring and Adjustment as the Next Step in Moderator Research. https://doi.org/10.31234/osf.io/hjbwp","Röseler et al., 2020","https://osf.io/uac2t/","Weight of a warthog (kg)","weight",1,0,0,1,1,1,3,3,60,0,1
"1705",19,1,21,1,615,75615,"Röseler, L., Schütz, A., Dolling, I. K., Friedinger, K., Hösch, Y., Hügel, J. C., … Röseler, J. J. (2020, July 24). The Stepwise Anchoring Paradigm: Measuring Reliable Components of Anchoring and Adjustment as the Next Step in Moderator Research. https://doi.org/10.31234/osf.io/hjbwp","Röseler et al., 2020","https://osf.io/uac2t/","Weight of a rabbit (kg)","weight",1,0,0,1,1,1,3,3,4.5,0,1
"1706",19,1,3,8,615,75615,"Röseler, L., Schütz, A., Dolling, I. K., Friedinger, K., Hösch, Y., Hügel, J. C., … Röseler, J. J. (2020, July 24). The Stepwise Anchoring Paradigm: Measuring Reliable Components of Anchoring and Adjustment as the Next Step in Moderator Research. https://doi.org/10.31234/osf.io/hjbwp","Röseler et al., 2020","https://osf.io/uac2t/","Weight of a cat (kg)","weight",1,0,0,1,1,1,3,3,4.25,1,1
"1707",19,1,13,2,615,75615,"Röseler, L., Schütz, A., Dolling, I. K., Friedinger, K., Hösch, Y., Hügel, J. C., … Röseler, J. J. (2020, July 24). The Stepwise Anchoring Paradigm: Measuring Reliable Components of Anchoring and Adjustment as the Next Step in Moderator Research. https://doi.org/10.31234/osf.io/hjbwp","Röseler et al., 2020","https://osf.io/uac2t/","Weight of a fox (kg)","weight",1,0,0,1,1,1,3,3,8,0,1
"1708",19,1,18,14,615,75615,"Röseler, L., Schütz, A., Dolling, I. K., Friedinger, K., Hösch, Y., Hügel, J. C., … Röseler, J. J. (2020, July 24). The Stepwise Anchoring Paradigm: Measuring Reliable Components of Anchoring and Adjustment as the Next Step in Moderator Research. https://doi.org/10.31234/osf.io/hjbwp","Röseler et al., 2020","https://osf.io/uac2t/","Weight of a racoon (kg)","weight",1,0,0,1,1,1,3,3,8,1,1
"1709",19,1,28,4,615,75615,"Röseler, L., Schütz, A., Dolling, I. K., Friedinger, K., Hösch, Y., Hügel, J. C., … Röseler, J. J. (2020, July 24). The Stepwise Anchoring Paradigm: Measuring Reliable Components of Anchoring and Adjustment as the Next Step in Moderator Research. https://doi.org/10.31234/osf.io/hjbwp","Röseler et al., 2020","https://osf.io/uac2t/","Weight of a badger (kg)","weight",1,0,0,1,1,1,3,3,15,0,1
"1710",19,1,14,26,615,75615,"Röseler, L., Schütz, A., Dolling, I. K., Friedinger, K., Hösch, Y., Hügel, J. C., … Röseler, J. J. (2020, July 24). The Stepwise Anchoring Paradigm: Measuring Reliable Components of Anchoring and Adjustment as the Next Step in Moderator Research. https://doi.org/10.31234/osf.io/hjbwp","Röseler et al., 2020","https://osf.io/uac2t/","Weight of a pelican (kg)","weight",1,0,0,1,1,1,3,3,15,1,1
"1711",19,1,37,10,615,75615,"Röseler, L., Schütz, A., Dolling, I. K., Friedinger, K., Hösch, Y., Hügel, J. C., … Röseler, J. J. (2020, July 24). The Stepwise Anchoring Paradigm: Measuring Reliable Components of Anchoring and Adjustment as the Next Step in Moderator Research. https://doi.org/10.31234/osf.io/hjbwp","Röseler et al., 2020","https://osf.io/uac2t/","Weight of a beaver (kg)","weight",1,0,0,1,1,1,3,3,25,0,1
"1712",19,1,16,40,615,75615,"Röseler, L., Schütz, A., Dolling, I. K., Friedinger, K., Hösch, Y., Hügel, J. C., … Röseler, J. J. (2020, July 24). The Stepwise Anchoring Paradigm: Measuring Reliable Components of Anchoring and Adjustment as the Next Step in Moderator Research. https://doi.org/10.31234/osf.io/hjbwp","Röseler et al., 2020","https://osf.io/uac2t/","Weight of a deer (kg)","weight",1,0,0,1,1,1,3,3,25,1,1
"1713",19,1,47,25,615,75615,"Röseler, L., Schütz, A., Dolling, I. K., Friedinger, K., Hösch, Y., Hügel, J. C., … Röseler, J. J. (2020, July 24). The Stepwise Anchoring Paradigm: Measuring Reliable Components of Anchoring and Adjustment as the Next Step in Moderator Research. https://doi.org/10.31234/osf.io/hjbwp","Röseler et al., 2020","https://osf.io/uac2t/","Weight of a wolf (kg)","weight",1,0,0,1,1,1,3,3,50,0,1
"1714",19,1,33,75,615,75615,"Röseler, L., Schütz, A., Dolling, I. K., Friedinger, K., Hösch, Y., Hügel, J. C., … Röseler, J. J. (2020, July 24). The Stepwise Anchoring Paradigm: Measuring Reliable Components of Anchoring and Adjustment as the Next Step in Moderator Research. https://doi.org/10.31234/osf.io/hjbwp","Röseler et al., 2020","https://osf.io/uac2t/","Weight of a goat (kg)","weight",1,0,0,1,1,1,3,3,50,1,1
"1715",19,1,60,36,615,75615,"Röseler, L., Schütz, A., Dolling, I. K., Friedinger, K., Hösch, Y., Hügel, J. C., … Röseler, J. J. (2020, July 24). The Stepwise Anchoring Paradigm: Measuring Reliable Components of Anchoring and Adjustment as the Next Step in Moderator Research. https://doi.org/10.31234/osf.io/hjbwp","Röseler et al., 2020","https://osf.io/uac2t/","Weight of a hyena (kg)","weight",1,0,0,1,1,1,3,3,60,0,1
"1716",19,1,58,84,615,75615,"Röseler, L., Schütz, A., Dolling, I. K., Friedinger, K., Hösch, Y., Hügel, J. C., … Röseler, J. J. (2020, July 24). The Stepwise Anchoring Paradigm: Measuring Reliable Components of Anchoring and Adjustment as the Next Step in Moderator Research. https://doi.org/10.31234/osf.io/hjbwp","Röseler et al., 2020","https://osf.io/uac2t/","Weight of a warthog (kg)","weight",1,0,0,1,1,1,3,3,60,1,1
"1717",23,2,6,8,616,75616,"Röseler, L., Schütz, A., Dolling, I. K., Friedinger, K., Hösch, Y., Hügel, J. C., … Röseler, J. J. (2020, July 24). The Stepwise Anchoring Paradigm: Measuring Reliable Components of Anchoring and Adjustment as the Next Step in Moderator Research. https://doi.org/10.31234/osf.io/hjbwp","Röseler et al., 2020","https://osf.io/uac2t/","Weight of a rabbit (kg)","weight",1,0,0,1,1,1,3,3,4.5,1,1
"1718",23,2,6,1,616,75616,"Röseler, L., Schütz, A., Dolling, I. K., Friedinger, K., Hösch, Y., Hügel, J. C., … Röseler, J. J. (2020, July 24). The Stepwise Anchoring Paradigm: Measuring Reliable Components of Anchoring and Adjustment as the Next Step in Moderator Research. https://doi.org/10.31234/osf.io/hjbwp","Röseler et al., 2020","https://osf.io/uac2t/","Weight of a cat (kg)","weight",1,0,0,1,1,1,3,3,4.25,0,1
"1719",23,2,12,14,616,75616,"Röseler, L., Schütz, A., Dolling, I. K., Friedinger, K., Hösch, Y., Hügel, J. C., … Röseler, J. J. (2020, July 24). The Stepwise Anchoring Paradigm: Measuring Reliable Components of Anchoring and Adjustment as the Next Step in Moderator Research. https://doi.org/10.31234/osf.io/hjbwp","Röseler et al., 2020","https://osf.io/uac2t/","Weight of a fox (kg)","weight",1,0,0,1,1,1,3,3,8,1,1
"1720",23,2,15,2,616,75616,"Röseler, L., Schütz, A., Dolling, I. K., Friedinger, K., Hösch, Y., Hügel, J. C., … Röseler, J. J. (2020, July 24). The Stepwise Anchoring Paradigm: Measuring Reliable Components of Anchoring and Adjustment as the Next Step in Moderator Research. https://doi.org/10.31234/osf.io/hjbwp","Röseler et al., 2020","https://osf.io/uac2t/","Weight of a racoon (kg)","weight",1,0,0,1,1,1,3,3,8,0,1
"1721",23,2,20,26,616,75616,"Röseler, L., Schütz, A., Dolling, I. K., Friedinger, K., Hösch, Y., Hügel, J. C., … Röseler, J. J. (2020, July 24). The Stepwise Anchoring Paradigm: Measuring Reliable Components of Anchoring and Adjustment as the Next Step in Moderator Research. https://doi.org/10.31234/osf.io/hjbwp","Röseler et al., 2020","https://osf.io/uac2t/","Weight of a badger (kg)","weight",1,0,0,1,1,1,3,3,15,1,1
"1722",23,2,10,4,616,75616,"Röseler, L., Schütz, A., Dolling, I. K., Friedinger, K., Hösch, Y., Hügel, J. C., … Röseler, J. J. (2020, July 24). The Stepwise Anchoring Paradigm: Measuring Reliable Components of Anchoring and Adjustment as the Next Step in Moderator Research. https://doi.org/10.31234/osf.io/hjbwp","Röseler et al., 2020","https://osf.io/uac2t/","Weight of a pelican (kg)","weight",1,0,0,1,1,1,3,3,15,0,1
"1723",23,2,20,40,616,75616,"Röseler, L., Schütz, A., Dolling, I. K., Friedinger, K., Hösch, Y., Hügel, J. C., … Röseler, J. J. (2020, July 24). The Stepwise Anchoring Paradigm: Measuring Reliable Components of Anchoring and Adjustment as the Next Step in Moderator Research. https://doi.org/10.31234/osf.io/hjbwp","Röseler et al., 2020","https://osf.io/uac2t/","Weight of a beaver (kg)","weight",1,0,0,1,1,1,3,3,25,1,1
"1724",23,2,20,10,616,75616,"Röseler, L., Schütz, A., Dolling, I. K., Friedinger, K., Hösch, Y., Hügel, J. C., … Röseler, J. J. (2020, July 24). The Stepwise Anchoring Paradigm: Measuring Reliable Components of Anchoring and Adjustment as the Next Step in Moderator Research. https://doi.org/10.31234/osf.io/hjbwp","Röseler et al., 2020","https://osf.io/uac2t/","Weight of a deer (kg)","weight",1,0,0,1,1,1,3,3,25,0,1
"1725",23,2,60,75,616,75616,"Röseler, L., Schütz, A., Dolling, I. K., Friedinger, K., Hösch, Y., Hügel, J. C., … Röseler, J. J. (2020, July 24). The Stepwise Anchoring Paradigm: Measuring Reliable Components of Anchoring and Adjustment as the Next Step in Moderator Research. https://doi.org/10.31234/osf.io/hjbwp","Röseler et al., 2020","https://osf.io/uac2t/","Weight of a wolf (kg)","weight",1,0,0,1,1,1,3,3,50,1,1
"1726",23,2,27,25,616,75616,"Röseler, L., Schütz, A., Dolling, I. K., Friedinger, K., Hösch, Y., Hügel, J. C., … Röseler, J. J. (2020, July 24). The Stepwise Anchoring Paradigm: Measuring Reliable Components of Anchoring and Adjustment as the Next Step in Moderator Research. https://doi.org/10.31234/osf.io/hjbwp","Röseler et al., 2020","https://osf.io/uac2t/","Weight of a goat (kg)","weight",1,0,0,1,1,1,3,3,50,0,1
"1727",23,2,50,84,616,75616,"Röseler, L., Schütz, A., Dolling, I. K., Friedinger, K., Hösch, Y., Hügel, J. C., … Röseler, J. J. (2020, July 24). The Stepwise Anchoring Paradigm: Measuring Reliable Components of Anchoring and Adjustment as the Next Step in Moderator Research. https://doi.org/10.31234/osf.io/hjbwp","Röseler et al., 2020","https://osf.io/uac2t/","Weight of a hyena (kg)","weight",1,0,0,1,1,1,3,3,60,1,1
"1728",23,2,60,36,616,75616,"Röseler, L., Schütz, A., Dolling, I. K., Friedinger, K., Hösch, Y., Hügel, J. C., … Röseler, J. J. (2020, July 24). The Stepwise Anchoring Paradigm: Measuring Reliable Components of Anchoring and Adjustment as the Next Step in Moderator Research. https://doi.org/10.31234/osf.io/hjbwp","Röseler et al., 2020","https://osf.io/uac2t/","Weight of a warthog (kg)","weight",1,0,0,1,1,1,3,3,60,0,1
"1729",19,2,NA,84,618,75618,"Röseler, L., Schütz, A., Dolling, I. K., Friedinger, K., Hösch, Y., Hügel, J. C., … Röseler, J. J. (2020, July 24). The Stepwise Anchoring Paradigm: Measuring Reliable Components of Anchoring and Adjustment as the Next Step in Moderator Research. https://doi.org/10.31234/osf.io/hjbwp","Röseler et al., 2020","https://osf.io/uac2t/","Weight of a warthog (kg)","weight",1,0,0,1,1,1,3,3,60,1,1
"1730",NA,1,10,8,623,75623,"Röseler, L., Schütz, A., Dolling, I. K., Friedinger, K., Hösch, Y., Hügel, J. C., … Röseler, J. J. (2020, July 24). The Stepwise Anchoring Paradigm: Measuring Reliable Components of Anchoring and Adjustment as the Next Step in Moderator Research. https://doi.org/10.31234/osf.io/hjbwp","Röseler et al., 2020","https://osf.io/uac2t/","Weight of a rabbit (kg)","weight",1,0,0,1,1,1,3,3,4.5,1,1
"1731",NA,1,10,1,623,75623,"Röseler, L., Schütz, A., Dolling, I. K., Friedinger, K., Hösch, Y., Hügel, J. C., … Röseler, J. J. (2020, July 24). The Stepwise Anchoring Paradigm: Measuring Reliable Components of Anchoring and Adjustment as the Next Step in Moderator Research. https://doi.org/10.31234/osf.io/hjbwp","Röseler et al., 2020","https://osf.io/uac2t/","Weight of a cat (kg)","weight",1,0,0,1,1,1,3,3,4.25,0,1
"1732",NA,1,16,14,623,75623,"Röseler, L., Schütz, A., Dolling, I. K., Friedinger, K., Hösch, Y., Hügel, J. C., … Röseler, J. J. (2020, July 24). The Stepwise Anchoring Paradigm: Measuring Reliable Components of Anchoring and Adjustment as the Next Step in Moderator Research. https://doi.org/10.31234/osf.io/hjbwp","Röseler et al., 2020","https://osf.io/uac2t/","Weight of a fox (kg)","weight",1,0,0,1,1,1,3,3,8,1,1
"1733",NA,1,14,2,623,75623,"Röseler, L., Schütz, A., Dolling, I. K., Friedinger, K., Hösch, Y., Hügel, J. C., … Röseler, J. J. (2020, July 24). The Stepwise Anchoring Paradigm: Measuring Reliable Components of Anchoring and Adjustment as the Next Step in Moderator Research. https://doi.org/10.31234/osf.io/hjbwp","Röseler et al., 2020","https://osf.io/uac2t/","Weight of a racoon (kg)","weight",1,0,0,1,1,1,3,3,8,0,1
"1734",NA,1,17,26,623,75623,"Röseler, L., Schütz, A., Dolling, I. K., Friedinger, K., Hösch, Y., Hügel, J. C., … Röseler, J. J. (2020, July 24). The Stepwise Anchoring Paradigm: Measuring Reliable Components of Anchoring and Adjustment as the Next Step in Moderator Research. https://doi.org/10.31234/osf.io/hjbwp","Röseler et al., 2020","https://osf.io/uac2t/","Weight of a badger (kg)","weight",1,0,0,1,1,1,3,3,15,1,1
"1735",NA,1,17,4,623,75623,"Röseler, L., Schütz, A., Dolling, I. K., Friedinger, K., Hösch, Y., Hügel, J. C., … Röseler, J. J. (2020, July 24). The Stepwise Anchoring Paradigm: Measuring Reliable Components of Anchoring and Adjustment as the Next Step in Moderator Research. https://doi.org/10.31234/osf.io/hjbwp","Röseler et al., 2020","https://osf.io/uac2t/","Weight of a pelican (kg)","weight",1,0,0,1,1,1,3,3,15,0,1
"1736",NA,1,14,40,623,75623,"Röseler, L., Schütz, A., Dolling, I. K., Friedinger, K., Hösch, Y., Hügel, J. C., … Röseler, J. J. (2020, July 24). The Stepwise Anchoring Paradigm: Measuring Reliable Components of Anchoring and Adjustment as the Next Step in Moderator Research. https://doi.org/10.31234/osf.io/hjbwp","Röseler et al., 2020","https://osf.io/uac2t/","Weight of a beaver (kg)","weight",1,0,0,1,1,1,3,3,25,1,1
"1737",NA,1,16,10,623,75623,"Röseler, L., Schütz, A., Dolling, I. K., Friedinger, K., Hösch, Y., Hügel, J. C., … Röseler, J. J. (2020, July 24). The Stepwise Anchoring Paradigm: Measuring Reliable Components of Anchoring and Adjustment as the Next Step in Moderator Research. https://doi.org/10.31234/osf.io/hjbwp","Röseler et al., 2020","https://osf.io/uac2t/","Weight of a deer (kg)","weight",1,0,0,1,1,1,3,3,25,0,1
"1738",NA,1,44,75,623,75623,"Röseler, L., Schütz, A., Dolling, I. K., Friedinger, K., Hösch, Y., Hügel, J. C., … Röseler, J. J. (2020, July 24). The Stepwise Anchoring Paradigm: Measuring Reliable Components of Anchoring and Adjustment as the Next Step in Moderator Research. https://doi.org/10.31234/osf.io/hjbwp","Röseler et al., 2020","https://osf.io/uac2t/","Weight of a wolf (kg)","weight",1,0,0,1,1,1,3,3,50,1,1
"1739",NA,1,37,25,623,75623,"Röseler, L., Schütz, A., Dolling, I. K., Friedinger, K., Hösch, Y., Hügel, J. C., … Röseler, J. J. (2020, July 24). The Stepwise Anchoring Paradigm: Measuring Reliable Components of Anchoring and Adjustment as the Next Step in Moderator Research. https://doi.org/10.31234/osf.io/hjbwp","Röseler et al., 2020","https://osf.io/uac2t/","Weight of a goat (kg)","weight",1,0,0,1,1,1,3,3,50,0,1
"1740",NA,1,31,84,623,75623,"Röseler, L., Schütz, A., Dolling, I. K., Friedinger, K., Hösch, Y., Hügel, J. C., … Röseler, J. J. (2020, July 24). The Stepwise Anchoring Paradigm: Measuring Reliable Components of Anchoring and Adjustment as the Next Step in Moderator Research. https://doi.org/10.31234/osf.io/hjbwp","Röseler et al., 2020","https://osf.io/uac2t/","Weight of a hyena (kg)","weight",1,0,0,1,1,1,3,3,60,1,1
"1741",NA,1,63,36,623,75623,"Röseler, L., Schütz, A., Dolling, I. K., Friedinger, K., Hösch, Y., Hügel, J. C., … Röseler, J. J. (2020, July 24). The Stepwise Anchoring Paradigm: Measuring Reliable Components of Anchoring and Adjustment as the Next Step in Moderator Research. https://doi.org/10.31234/osf.io/hjbwp","Röseler et al., 2020","https://osf.io/uac2t/","Weight of a warthog (kg)","weight",1,0,0,1,1,1,3,3,60,0,1
"1742",21,2,8,1,624,75624,"Röseler, L., Schütz, A., Dolling, I. K., Friedinger, K., Hösch, Y., Hügel, J. C., … Röseler, J. J. (2020, July 24). The Stepwise Anchoring Paradigm: Measuring Reliable Components of Anchoring and Adjustment as the Next Step in Moderator Research. https://doi.org/10.31234/osf.io/hjbwp","Röseler et al., 2020","https://osf.io/uac2t/","Weight of a rabbit (kg)","weight",1,0,0,1,1,1,3,3,4.5,0,1
"1743",21,2,5,8,624,75624,"Röseler, L., Schütz, A., Dolling, I. K., Friedinger, K., Hösch, Y., Hügel, J. C., … Röseler, J. J. (2020, July 24). The Stepwise Anchoring Paradigm: Measuring Reliable Components of Anchoring and Adjustment as the Next Step in Moderator Research. https://doi.org/10.31234/osf.io/hjbwp","Röseler et al., 2020","https://osf.io/uac2t/","Weight of a cat (kg)","weight",1,0,0,1,1,1,3,3,4.25,1,1
"1744",21,2,13,2,624,75624,"Röseler, L., Schütz, A., Dolling, I. K., Friedinger, K., Hösch, Y., Hügel, J. C., … Röseler, J. J. (2020, July 24). The Stepwise Anchoring Paradigm: Measuring Reliable Components of Anchoring and Adjustment as the Next Step in Moderator Research. https://doi.org/10.31234/osf.io/hjbwp","Röseler et al., 2020","https://osf.io/uac2t/","Weight of a fox (kg)","weight",1,0,0,1,1,1,3,3,8,0,1
"1745",21,2,17,14,624,75624,"Röseler, L., Schütz, A., Dolling, I. K., Friedinger, K., Hösch, Y., Hügel, J. C., … Röseler, J. J. (2020, July 24). The Stepwise Anchoring Paradigm: Measuring Reliable Components of Anchoring and Adjustment as the Next Step in Moderator Research. https://doi.org/10.31234/osf.io/hjbwp","Röseler et al., 2020","https://osf.io/uac2t/","Weight of a racoon (kg)","weight",1,0,0,1,1,1,3,3,8,1,1
"1746",21,2,11,4,624,75624,"Röseler, L., Schütz, A., Dolling, I. K., Friedinger, K., Hösch, Y., Hügel, J. C., … Röseler, J. J. (2020, July 24). The Stepwise Anchoring Paradigm: Measuring Reliable Components of Anchoring and Adjustment as the Next Step in Moderator Research. https://doi.org/10.31234/osf.io/hjbwp","Röseler et al., 2020","https://osf.io/uac2t/","Weight of a badger (kg)","weight",1,0,0,1,1,1,3,3,15,0,1
"1747",21,2,17,26,624,75624,"Röseler, L., Schütz, A., Dolling, I. K., Friedinger, K., Hösch, Y., Hügel, J. C., … Röseler, J. J. (2020, July 24). The Stepwise Anchoring Paradigm: Measuring Reliable Components of Anchoring and Adjustment as the Next Step in Moderator Research. https://doi.org/10.31234/osf.io/hjbwp","Röseler et al., 2020","https://osf.io/uac2t/","Weight of a pelican (kg)","weight",1,0,0,1,1,1,3,3,15,1,1
"1748",21,2,20,10,624,75624,"Röseler, L., Schütz, A., Dolling, I. K., Friedinger, K., Hösch, Y., Hügel, J. C., … Röseler, J. J. (2020, July 24). The Stepwise Anchoring Paradigm: Measuring Reliable Components of Anchoring and Adjustment as the Next Step in Moderator Research. https://doi.org/10.31234/osf.io/hjbwp","Röseler et al., 2020","https://osf.io/uac2t/","Weight of a beaver (kg)","weight",1,0,0,1,1,1,3,3,25,0,1
"1749",21,2,32,40,624,75624,"Röseler, L., Schütz, A., Dolling, I. K., Friedinger, K., Hösch, Y., Hügel, J. C., … Röseler, J. J. (2020, July 24). The Stepwise Anchoring Paradigm: Measuring Reliable Components of Anchoring and Adjustment as the Next Step in Moderator Research. https://doi.org/10.31234/osf.io/hjbwp","Röseler et al., 2020","https://osf.io/uac2t/","Weight of a deer (kg)","weight",1,0,0,1,1,1,3,3,25,1,1
"1750",21,2,50,25,624,75624,"Röseler, L., Schütz, A., Dolling, I. K., Friedinger, K., Hösch, Y., Hügel, J. C., … Röseler, J. J. (2020, July 24). The Stepwise Anchoring Paradigm: Measuring Reliable Components of Anchoring and Adjustment as the Next Step in Moderator Research. https://doi.org/10.31234/osf.io/hjbwp","Röseler et al., 2020","https://osf.io/uac2t/","Weight of a wolf (kg)","weight",1,0,0,1,1,1,3,3,50,0,1
"1751",21,2,41,75,624,75624,"Röseler, L., Schütz, A., Dolling, I. K., Friedinger, K., Hösch, Y., Hügel, J. C., … Röseler, J. J. (2020, July 24). The Stepwise Anchoring Paradigm: Measuring Reliable Components of Anchoring and Adjustment as the Next Step in Moderator Research. https://doi.org/10.31234/osf.io/hjbwp","Röseler et al., 2020","https://osf.io/uac2t/","Weight of a goat (kg)","weight",1,0,0,1,1,1,3,3,50,1,1
"1752",21,2,40,36,624,75624,"Röseler, L., Schütz, A., Dolling, I. K., Friedinger, K., Hösch, Y., Hügel, J. C., … Röseler, J. J. (2020, July 24). The Stepwise Anchoring Paradigm: Measuring Reliable Components of Anchoring and Adjustment as the Next Step in Moderator Research. https://doi.org/10.31234/osf.io/hjbwp","Röseler et al., 2020","https://osf.io/uac2t/","Weight of a hyena (kg)","weight",1,0,0,1,1,1,3,3,60,0,1
"1753",21,2,64,84,624,75624,"Röseler, L., Schütz, A., Dolling, I. K., Friedinger, K., Hösch, Y., Hügel, J. C., … Röseler, J. J. (2020, July 24). The Stepwise Anchoring Paradigm: Measuring Reliable Components of Anchoring and Adjustment as the Next Step in Moderator Research. https://doi.org/10.31234/osf.io/hjbwp","Röseler et al., 2020","https://osf.io/uac2t/","Weight of a warthog (kg)","weight",1,0,0,1,1,1,3,3,60,1,1
"1754",46,2,2,8,630,75630,"Röseler, L., Schütz, A., Dolling, I. K., Friedinger, K., Hösch, Y., Hügel, J. C., … Röseler, J. J. (2020, July 24). The Stepwise Anchoring Paradigm: Measuring Reliable Components of Anchoring and Adjustment as the Next Step in Moderator Research. https://doi.org/10.31234/osf.io/hjbwp","Röseler et al., 2020","https://osf.io/uac2t/","Weight of a rabbit (kg)","weight",1,0,0,1,1,1,3,3,4.5,1,1
"1755",46,2,3,1,630,75630,"Röseler, L., Schütz, A., Dolling, I. K., Friedinger, K., Hösch, Y., Hügel, J. C., … Röseler, J. J. (2020, July 24). The Stepwise Anchoring Paradigm: Measuring Reliable Components of Anchoring and Adjustment as the Next Step in Moderator Research. https://doi.org/10.31234/osf.io/hjbwp","Röseler et al., 2020","https://osf.io/uac2t/","Weight of a cat (kg)","weight",1,0,0,1,1,1,3,3,4.25,0,1
"1756",46,2,6,14,630,75630,"Röseler, L., Schütz, A., Dolling, I. K., Friedinger, K., Hösch, Y., Hügel, J. C., … Röseler, J. J. (2020, July 24). The Stepwise Anchoring Paradigm: Measuring Reliable Components of Anchoring and Adjustment as the Next Step in Moderator Research. https://doi.org/10.31234/osf.io/hjbwp","Röseler et al., 2020","https://osf.io/uac2t/","Weight of a fox (kg)","weight",1,0,0,1,1,1,3,3,8,1,1
"1757",46,2,19,2,630,75630,"Röseler, L., Schütz, A., Dolling, I. K., Friedinger, K., Hösch, Y., Hügel, J. C., … Röseler, J. J. (2020, July 24). The Stepwise Anchoring Paradigm: Measuring Reliable Components of Anchoring and Adjustment as the Next Step in Moderator Research. https://doi.org/10.31234/osf.io/hjbwp","Röseler et al., 2020","https://osf.io/uac2t/","Weight of a racoon (kg)","weight",1,0,0,1,1,1,3,3,8,0,1
"1758",46,2,20,26,630,75630,"Röseler, L., Schütz, A., Dolling, I. K., Friedinger, K., Hösch, Y., Hügel, J. C., … Röseler, J. J. (2020, July 24). The Stepwise Anchoring Paradigm: Measuring Reliable Components of Anchoring and Adjustment as the Next Step in Moderator Research. https://doi.org/10.31234/osf.io/hjbwp","Röseler et al., 2020","https://osf.io/uac2t/","Weight of a badger (kg)","weight",1,0,0,1,1,1,3,3,15,1,1
"1759",46,2,10,4,630,75630,"Röseler, L., Schütz, A., Dolling, I. K., Friedinger, K., Hösch, Y., Hügel, J. C., … Röseler, J. J. (2020, July 24). The Stepwise Anchoring Paradigm: Measuring Reliable Components of Anchoring and Adjustment as the Next Step in Moderator Research. https://doi.org/10.31234/osf.io/hjbwp","Röseler et al., 2020","https://osf.io/uac2t/","Weight of a pelican (kg)","weight",1,0,0,1,1,1,3,3,15,0,1
"1760",46,2,16,40,630,75630,"Röseler, L., Schütz, A., Dolling, I. K., Friedinger, K., Hösch, Y., Hügel, J. C., … Röseler, J. J. (2020, July 24). The Stepwise Anchoring Paradigm: Measuring Reliable Components of Anchoring and Adjustment as the Next Step in Moderator Research. https://doi.org/10.31234/osf.io/hjbwp","Röseler et al., 2020","https://osf.io/uac2t/","Weight of a beaver (kg)","weight",1,0,0,1,1,1,3,3,25,1,1
"1761",46,2,13,10,630,75630,"Röseler, L., Schütz, A., Dolling, I. K., Friedinger, K., Hösch, Y., Hügel, J. C., … Röseler, J. J. (2020, July 24). The Stepwise Anchoring Paradigm: Measuring Reliable Components of Anchoring and Adjustment as the Next Step in Moderator Research. https://doi.org/10.31234/osf.io/hjbwp","Röseler et al., 2020","https://osf.io/uac2t/","Weight of a deer (kg)","weight",1,0,0,1,1,1,3,3,25,0,1
"1762",46,2,55,75,630,75630,"Röseler, L., Schütz, A., Dolling, I. K., Friedinger, K., Hösch, Y., Hügel, J. C., … Röseler, J. J. (2020, July 24). The Stepwise Anchoring Paradigm: Measuring Reliable Components of Anchoring and Adjustment as the Next Step in Moderator Research. https://doi.org/10.31234/osf.io/hjbwp","Röseler et al., 2020","https://osf.io/uac2t/","Weight of a wolf (kg)","weight",1,0,0,1,1,1,3,3,50,1,1
"1763",46,2,27,25,630,75630,"Röseler, L., Schütz, A., Dolling, I. K., Friedinger, K., Hösch, Y., Hügel, J. C., … Röseler, J. J. (2020, July 24). The Stepwise Anchoring Paradigm: Measuring Reliable Components of Anchoring and Adjustment as the Next Step in Moderator Research. https://doi.org/10.31234/osf.io/hjbwp","Röseler et al., 2020","https://osf.io/uac2t/","Weight of a goat (kg)","weight",1,0,0,1,1,1,3,3,50,0,1
"1764",46,2,55,84,630,75630,"Röseler, L., Schütz, A., Dolling, I. K., Friedinger, K., Hösch, Y., Hügel, J. C., … Röseler, J. J. (2020, July 24). The Stepwise Anchoring Paradigm: Measuring Reliable Components of Anchoring and Adjustment as the Next Step in Moderator Research. https://doi.org/10.31234/osf.io/hjbwp","Röseler et al., 2020","https://osf.io/uac2t/","Weight of a hyena (kg)","weight",1,0,0,1,1,1,3,3,60,1,1
"1765",46,2,61,36,630,75630,"Röseler, L., Schütz, A., Dolling, I. K., Friedinger, K., Hösch, Y., Hügel, J. C., … Röseler, J. J. (2020, July 24). The Stepwise Anchoring Paradigm: Measuring Reliable Components of Anchoring and Adjustment as the Next Step in Moderator Research. https://doi.org/10.31234/osf.io/hjbwp","Röseler et al., 2020","https://osf.io/uac2t/","Weight of a warthog (kg)","weight",1,0,0,1,1,1,3,3,60,0,1
"1766",18,2,14,1,633,75633,"Röseler, L., Schütz, A., Dolling, I. K., Friedinger, K., Hösch, Y., Hügel, J. C., … Röseler, J. J. (2020, July 24). The Stepwise Anchoring Paradigm: Measuring Reliable Components of Anchoring and Adjustment as the Next Step in Moderator Research. https://doi.org/10.31234/osf.io/hjbwp","Röseler et al., 2020","https://osf.io/uac2t/","Weight of a rabbit (kg)","weight",1,0,0,1,1,1,3,3,4.5,0,1
"1767",18,2,4,8,633,75633,"Röseler, L., Schütz, A., Dolling, I. K., Friedinger, K., Hösch, Y., Hügel, J. C., … Röseler, J. J. (2020, July 24). The Stepwise Anchoring Paradigm: Measuring Reliable Components of Anchoring and Adjustment as the Next Step in Moderator Research. https://doi.org/10.31234/osf.io/hjbwp","Röseler et al., 2020","https://osf.io/uac2t/","Weight of a cat (kg)","weight",1,0,0,1,1,1,3,3,4.25,1,1
"1768",18,2,42,2,633,75633,"Röseler, L., Schütz, A., Dolling, I. K., Friedinger, K., Hösch, Y., Hügel, J. C., … Röseler, J. J. (2020, July 24). The Stepwise Anchoring Paradigm: Measuring Reliable Components of Anchoring and Adjustment as the Next Step in Moderator Research. https://doi.org/10.31234/osf.io/hjbwp","Röseler et al., 2020","https://osf.io/uac2t/","Weight of a fox (kg)","weight",1,0,0,1,1,1,3,3,8,0,1
"1769",18,2,27,14,633,75633,"Röseler, L., Schütz, A., Dolling, I. K., Friedinger, K., Hösch, Y., Hügel, J. C., … Röseler, J. J. (2020, July 24). The Stepwise Anchoring Paradigm: Measuring Reliable Components of Anchoring and Adjustment as the Next Step in Moderator Research. https://doi.org/10.31234/osf.io/hjbwp","Röseler et al., 2020","https://osf.io/uac2t/","Weight of a racoon (kg)","weight",1,0,0,1,1,1,3,3,8,1,1
"1770",18,2,27,4,633,75633,"Röseler, L., Schütz, A., Dolling, I. K., Friedinger, K., Hösch, Y., Hügel, J. C., … Röseler, J. J. (2020, July 24). The Stepwise Anchoring Paradigm: Measuring Reliable Components of Anchoring and Adjustment as the Next Step in Moderator Research. https://doi.org/10.31234/osf.io/hjbwp","Röseler et al., 2020","https://osf.io/uac2t/","Weight of a badger (kg)","weight",1,0,0,1,1,1,3,3,15,0,1
"1771",18,2,18,26,633,75633,"Röseler, L., Schütz, A., Dolling, I. K., Friedinger, K., Hösch, Y., Hügel, J. C., … Röseler, J. J. (2020, July 24). The Stepwise Anchoring Paradigm: Measuring Reliable Components of Anchoring and Adjustment as the Next Step in Moderator Research. https://doi.org/10.31234/osf.io/hjbwp","Röseler et al., 2020","https://osf.io/uac2t/","Weight of a pelican (kg)","weight",1,0,0,1,1,1,3,3,15,1,1
"1772",18,2,64,10,633,75633,"Röseler, L., Schütz, A., Dolling, I. K., Friedinger, K., Hösch, Y., Hügel, J. C., … Röseler, J. J. (2020, July 24). The Stepwise Anchoring Paradigm: Measuring Reliable Components of Anchoring and Adjustment as the Next Step in Moderator Research. https://doi.org/10.31234/osf.io/hjbwp","Röseler et al., 2020","https://osf.io/uac2t/","Weight of a beaver (kg)","weight",1,0,0,1,1,1,3,3,25,0,1
"1773",18,2,32,40,633,75633,"Röseler, L., Schütz, A., Dolling, I. K., Friedinger, K., Hösch, Y., Hügel, J. C., … Röseler, J. J. (2020, July 24). The Stepwise Anchoring Paradigm: Measuring Reliable Components of Anchoring and Adjustment as the Next Step in Moderator Research. https://doi.org/10.31234/osf.io/hjbwp","Röseler et al., 2020","https://osf.io/uac2t/","Weight of a deer (kg)","weight",1,0,0,1,1,1,3,3,25,1,1
"1774",18,2,51,25,633,75633,"Röseler, L., Schütz, A., Dolling, I. K., Friedinger, K., Hösch, Y., Hügel, J. C., … Röseler, J. J. (2020, July 24). The Stepwise Anchoring Paradigm: Measuring Reliable Components of Anchoring and Adjustment as the Next Step in Moderator Research. https://doi.org/10.31234/osf.io/hjbwp","Röseler et al., 2020","https://osf.io/uac2t/","Weight of a wolf (kg)","weight",1,0,0,1,1,1,3,3,50,0,1
"1775",18,2,52,75,633,75633,"Röseler, L., Schütz, A., Dolling, I. K., Friedinger, K., Hösch, Y., Hügel, J. C., … Röseler, J. J. (2020, July 24). The Stepwise Anchoring Paradigm: Measuring Reliable Components of Anchoring and Adjustment as the Next Step in Moderator Research. https://doi.org/10.31234/osf.io/hjbwp","Röseler et al., 2020","https://osf.io/uac2t/","Weight of a goat (kg)","weight",1,0,0,1,1,1,3,3,50,1,1
"1776",18,2,57,36,633,75633,"Röseler, L., Schütz, A., Dolling, I. K., Friedinger, K., Hösch, Y., Hügel, J. C., … Röseler, J. J. (2020, July 24). The Stepwise Anchoring Paradigm: Measuring Reliable Components of Anchoring and Adjustment as the Next Step in Moderator Research. https://doi.org/10.31234/osf.io/hjbwp","Röseler et al., 2020","https://osf.io/uac2t/","Weight of a hyena (kg)","weight",1,0,0,1,1,1,3,3,60,0,1
"1777",18,2,72,84,633,75633,"Röseler, L., Schütz, A., Dolling, I. K., Friedinger, K., Hösch, Y., Hügel, J. C., … Röseler, J. J. (2020, July 24). The Stepwise Anchoring Paradigm: Measuring Reliable Components of Anchoring and Adjustment as the Next Step in Moderator Research. https://doi.org/10.31234/osf.io/hjbwp","Röseler et al., 2020","https://osf.io/uac2t/","Weight of a warthog (kg)","weight",1,0,0,1,1,1,3,3,60,1,1
"1778",18,2,5,1,637,75637,"Röseler, L., Schütz, A., Dolling, I. K., Friedinger, K., Hösch, Y., Hügel, J. C., … Röseler, J. J. (2020, July 24). The Stepwise Anchoring Paradigm: Measuring Reliable Components of Anchoring and Adjustment as the Next Step in Moderator Research. https://doi.org/10.31234/osf.io/hjbwp","Röseler et al., 2020","https://osf.io/uac2t/","Weight of a rabbit (kg)","weight",1,0,0,1,1,1,3,3,4.5,0,1
"1779",18,2,6,8,637,75637,"Röseler, L., Schütz, A., Dolling, I. K., Friedinger, K., Hösch, Y., Hügel, J. C., … Röseler, J. J. (2020, July 24). The Stepwise Anchoring Paradigm: Measuring Reliable Components of Anchoring and Adjustment as the Next Step in Moderator Research. https://doi.org/10.31234/osf.io/hjbwp","Röseler et al., 2020","https://osf.io/uac2t/","Weight of a cat (kg)","weight",1,0,0,1,1,1,3,3,4.25,1,1
"1780",18,2,43,2,637,75637,"Röseler, L., Schütz, A., Dolling, I. K., Friedinger, K., Hösch, Y., Hügel, J. C., … Röseler, J. J. (2020, July 24). The Stepwise Anchoring Paradigm: Measuring Reliable Components of Anchoring and Adjustment as the Next Step in Moderator Research. https://doi.org/10.31234/osf.io/hjbwp","Röseler et al., 2020","https://osf.io/uac2t/","Weight of a fox (kg)","weight",1,0,0,1,1,1,3,3,8,0,1
"1781",18,2,14,14,637,75637,"Röseler, L., Schütz, A., Dolling, I. K., Friedinger, K., Hösch, Y., Hügel, J. C., … Röseler, J. J. (2020, July 24). The Stepwise Anchoring Paradigm: Measuring Reliable Components of Anchoring and Adjustment as the Next Step in Moderator Research. https://doi.org/10.31234/osf.io/hjbwp","Röseler et al., 2020","https://osf.io/uac2t/","Weight of a racoon (kg)","weight",1,0,0,1,1,1,3,3,8,1,1
"1782",18,2,6,4,637,75637,"Röseler, L., Schütz, A., Dolling, I. K., Friedinger, K., Hösch, Y., Hügel, J. C., … Röseler, J. J. (2020, July 24). The Stepwise Anchoring Paradigm: Measuring Reliable Components of Anchoring and Adjustment as the Next Step in Moderator Research. https://doi.org/10.31234/osf.io/hjbwp","Röseler et al., 2020","https://osf.io/uac2t/","Weight of a badger (kg)","weight",1,0,0,1,1,1,3,3,15,0,1
"1783",18,2,18,26,637,75637,"Röseler, L., Schütz, A., Dolling, I. K., Friedinger, K., Hösch, Y., Hügel, J. C., … Röseler, J. J. (2020, July 24). The Stepwise Anchoring Paradigm: Measuring Reliable Components of Anchoring and Adjustment as the Next Step in Moderator Research. https://doi.org/10.31234/osf.io/hjbwp","Röseler et al., 2020","https://osf.io/uac2t/","Weight of a pelican (kg)","weight",1,0,0,1,1,1,3,3,15,1,1
"1784",18,2,21,10,637,75637,"Röseler, L., Schütz, A., Dolling, I. K., Friedinger, K., Hösch, Y., Hügel, J. C., … Röseler, J. J. (2020, July 24). The Stepwise Anchoring Paradigm: Measuring Reliable Components of Anchoring and Adjustment as the Next Step in Moderator Research. https://doi.org/10.31234/osf.io/hjbwp","Röseler et al., 2020","https://osf.io/uac2t/","Weight of a beaver (kg)","weight",1,0,0,1,1,1,3,3,25,0,1
"1785",18,2,26,40,637,75637,"Röseler, L., Schütz, A., Dolling, I. K., Friedinger, K., Hösch, Y., Hügel, J. C., … Röseler, J. J. (2020, July 24). The Stepwise Anchoring Paradigm: Measuring Reliable Components of Anchoring and Adjustment as the Next Step in Moderator Research. https://doi.org/10.31234/osf.io/hjbwp","Röseler et al., 2020","https://osf.io/uac2t/","Weight of a deer (kg)","weight",1,0,0,1,1,1,3,3,25,1,1
"1786",18,2,45,25,637,75637,"Röseler, L., Schütz, A., Dolling, I. K., Friedinger, K., Hösch, Y., Hügel, J. C., … Röseler, J. J. (2020, July 24). The Stepwise Anchoring Paradigm: Measuring Reliable Components of Anchoring and Adjustment as the Next Step in Moderator Research. https://doi.org/10.31234/osf.io/hjbwp","Röseler et al., 2020","https://osf.io/uac2t/","Weight of a wolf (kg)","weight",1,0,0,1,1,1,3,3,50,0,1
"1787",18,2,46,75,637,75637,"Röseler, L., Schütz, A., Dolling, I. K., Friedinger, K., Hösch, Y., Hügel, J. C., … Röseler, J. J. (2020, July 24). The Stepwise Anchoring Paradigm: Measuring Reliable Components of Anchoring and Adjustment as the Next Step in Moderator Research. https://doi.org/10.31234/osf.io/hjbwp","Röseler et al., 2020","https://osf.io/uac2t/","Weight of a goat (kg)","weight",1,0,0,1,1,1,3,3,50,1,1
"1788",18,2,43,36,637,75637,"Röseler, L., Schütz, A., Dolling, I. K., Friedinger, K., Hösch, Y., Hügel, J. C., … Röseler, J. J. (2020, July 24). The Stepwise Anchoring Paradigm: Measuring Reliable Components of Anchoring and Adjustment as the Next Step in Moderator Research. https://doi.org/10.31234/osf.io/hjbwp","Röseler et al., 2020","https://osf.io/uac2t/","Weight of a hyena (kg)","weight",1,0,0,1,1,1,3,3,60,0,1
"1789",18,2,64,84,637,75637,"Röseler, L., Schütz, A., Dolling, I. K., Friedinger, K., Hösch, Y., Hügel, J. C., … Röseler, J. J. (2020, July 24). The Stepwise Anchoring Paradigm: Measuring Reliable Components of Anchoring and Adjustment as the Next Step in Moderator Research. https://doi.org/10.31234/osf.io/hjbwp","Röseler et al., 2020","https://osf.io/uac2t/","Weight of a warthog (kg)","weight",1,0,0,1,1,1,3,3,60,1,1
"1790",21,2,6,8,639,75639,"Röseler, L., Schütz, A., Dolling, I. K., Friedinger, K., Hösch, Y., Hügel, J. C., … Röseler, J. J. (2020, July 24). The Stepwise Anchoring Paradigm: Measuring Reliable Components of Anchoring and Adjustment as the Next Step in Moderator Research. https://doi.org/10.31234/osf.io/hjbwp","Röseler et al., 2020","https://osf.io/uac2t/","Weight of a rabbit (kg)","weight",1,0,0,1,1,1,3,3,4.5,1,1
"1791",21,2,6,1,639,75639,"Röseler, L., Schütz, A., Dolling, I. K., Friedinger, K., Hösch, Y., Hügel, J. C., … Röseler, J. J. (2020, July 24). The Stepwise Anchoring Paradigm: Measuring Reliable Components of Anchoring and Adjustment as the Next Step in Moderator Research. https://doi.org/10.31234/osf.io/hjbwp","Röseler et al., 2020","https://osf.io/uac2t/","Weight of a cat (kg)","weight",1,0,0,1,1,1,3,3,4.25,0,1
"1792",21,2,9,14,639,75639,"Röseler, L., Schütz, A., Dolling, I. K., Friedinger, K., Hösch, Y., Hügel, J. C., … Röseler, J. J. (2020, July 24). The Stepwise Anchoring Paradigm: Measuring Reliable Components of Anchoring and Adjustment as the Next Step in Moderator Research. https://doi.org/10.31234/osf.io/hjbwp","Röseler et al., 2020","https://osf.io/uac2t/","Weight of a fox (kg)","weight",1,0,0,1,1,1,3,3,8,1,1
"1793",21,2,7,2,639,75639,"Röseler, L., Schütz, A., Dolling, I. K., Friedinger, K., Hösch, Y., Hügel, J. C., … Röseler, J. J. (2020, July 24). The Stepwise Anchoring Paradigm: Measuring Reliable Components of Anchoring and Adjustment as the Next Step in Moderator Research. https://doi.org/10.31234/osf.io/hjbwp","Röseler et al., 2020","https://osf.io/uac2t/","Weight of a racoon (kg)","weight",1,0,0,1,1,1,3,3,8,0,1
"1794",21,2,19,26,639,75639,"Röseler, L., Schütz, A., Dolling, I. K., Friedinger, K., Hösch, Y., Hügel, J. C., … Röseler, J. J. (2020, July 24). The Stepwise Anchoring Paradigm: Measuring Reliable Components of Anchoring and Adjustment as the Next Step in Moderator Research. https://doi.org/10.31234/osf.io/hjbwp","Röseler et al., 2020","https://osf.io/uac2t/","Weight of a badger (kg)","weight",1,0,0,1,1,1,3,3,15,1,1
"1795",21,2,24,4,639,75639,"Röseler, L., Schütz, A., Dolling, I. K., Friedinger, K., Hösch, Y., Hügel, J. C., … Röseler, J. J. (2020, July 24). The Stepwise Anchoring Paradigm: Measuring Reliable Components of Anchoring and Adjustment as the Next Step in Moderator Research. https://doi.org/10.31234/osf.io/hjbwp","Röseler et al., 2020","https://osf.io/uac2t/","Weight of a pelican (kg)","weight",1,0,0,1,1,1,3,3,15,0,1
"1796",21,2,19,40,639,75639,"Röseler, L., Schütz, A., Dolling, I. K., Friedinger, K., Hösch, Y., Hügel, J. C., … Röseler, J. J. (2020, July 24). The Stepwise Anchoring Paradigm: Measuring Reliable Components of Anchoring and Adjustment as the Next Step in Moderator Research. https://doi.org/10.31234/osf.io/hjbwp","Röseler et al., 2020","https://osf.io/uac2t/","Weight of a beaver (kg)","weight",1,0,0,1,1,1,3,3,25,1,1
"1797",21,2,26,10,639,75639,"Röseler, L., Schütz, A., Dolling, I. K., Friedinger, K., Hösch, Y., Hügel, J. C., … Röseler, J. J. (2020, July 24). The Stepwise Anchoring Paradigm: Measuring Reliable Components of Anchoring and Adjustment as the Next Step in Moderator Research. https://doi.org/10.31234/osf.io/hjbwp","Röseler et al., 2020","https://osf.io/uac2t/","Weight of a deer (kg)","weight",1,0,0,1,1,1,3,3,25,0,1
"1798",21,2,57,75,639,75639,"Röseler, L., Schütz, A., Dolling, I. K., Friedinger, K., Hösch, Y., Hügel, J. C., … Röseler, J. J. (2020, July 24). The Stepwise Anchoring Paradigm: Measuring Reliable Components of Anchoring and Adjustment as the Next Step in Moderator Research. https://doi.org/10.31234/osf.io/hjbwp","Röseler et al., 2020","https://osf.io/uac2t/","Weight of a wolf (kg)","weight",1,0,0,1,1,1,3,3,50,1,1
"1799",21,2,32,25,639,75639,"Röseler, L., Schütz, A., Dolling, I. K., Friedinger, K., Hösch, Y., Hügel, J. C., … Röseler, J. J. (2020, July 24). The Stepwise Anchoring Paradigm: Measuring Reliable Components of Anchoring and Adjustment as the Next Step in Moderator Research. https://doi.org/10.31234/osf.io/hjbwp","Röseler et al., 2020","https://osf.io/uac2t/","Weight of a goat (kg)","weight",1,0,0,1,1,1,3,3,50,0,1
"1800",21,2,65,84,639,75639,"Röseler, L., Schütz, A., Dolling, I. K., Friedinger, K., Hösch, Y., Hügel, J. C., … Röseler, J. J. (2020, July 24). The Stepwise Anchoring Paradigm: Measuring Reliable Components of Anchoring and Adjustment as the Next Step in Moderator Research. https://doi.org/10.31234/osf.io/hjbwp","Röseler et al., 2020","https://osf.io/uac2t/","Weight of a hyena (kg)","weight",1,0,0,1,1,1,3,3,60,1,1
"1801",21,2,43,36,639,75639,"Röseler, L., Schütz, A., Dolling, I. K., Friedinger, K., Hösch, Y., Hügel, J. C., … Röseler, J. J. (2020, July 24). The Stepwise Anchoring Paradigm: Measuring Reliable Components of Anchoring and Adjustment as the Next Step in Moderator Research. https://doi.org/10.31234/osf.io/hjbwp","Röseler et al., 2020","https://osf.io/uac2t/","Weight of a warthog (kg)","weight",1,0,0,1,1,1,3,3,60,0,1
"1802",21,2,6,8,642,75642,"Röseler, L., Schütz, A., Dolling, I. K., Friedinger, K., Hösch, Y., Hügel, J. C., … Röseler, J. J. (2020, July 24). The Stepwise Anchoring Paradigm: Measuring Reliable Components of Anchoring and Adjustment as the Next Step in Moderator Research. https://doi.org/10.31234/osf.io/hjbwp","Röseler et al., 2020","https://osf.io/uac2t/","Weight of a rabbit (kg)","weight",1,0,0,1,1,1,3,3,4.5,1,1
"1803",21,2,5,1,642,75642,"Röseler, L., Schütz, A., Dolling, I. K., Friedinger, K., Hösch, Y., Hügel, J. C., … Röseler, J. J. (2020, July 24). The Stepwise Anchoring Paradigm: Measuring Reliable Components of Anchoring and Adjustment as the Next Step in Moderator Research. https://doi.org/10.31234/osf.io/hjbwp","Röseler et al., 2020","https://osf.io/uac2t/","Weight of a cat (kg)","weight",1,0,0,1,1,1,3,3,4.25,0,1
"1804",21,2,10,14,642,75642,"Röseler, L., Schütz, A., Dolling, I. K., Friedinger, K., Hösch, Y., Hügel, J. C., … Röseler, J. J. (2020, July 24). The Stepwise Anchoring Paradigm: Measuring Reliable Components of Anchoring and Adjustment as the Next Step in Moderator Research. https://doi.org/10.31234/osf.io/hjbwp","Röseler et al., 2020","https://osf.io/uac2t/","Weight of a fox (kg)","weight",1,0,0,1,1,1,3,3,8,1,1
"1805",21,2,10,2,642,75642,"Röseler, L., Schütz, A., Dolling, I. K., Friedinger, K., Hösch, Y., Hügel, J. C., … Röseler, J. J. (2020, July 24). The Stepwise Anchoring Paradigm: Measuring Reliable Components of Anchoring and Adjustment as the Next Step in Moderator Research. https://doi.org/10.31234/osf.io/hjbwp","Röseler et al., 2020","https://osf.io/uac2t/","Weight of a racoon (kg)","weight",1,0,0,1,1,1,3,3,8,0,1
"1806",21,2,13,26,642,75642,"Röseler, L., Schütz, A., Dolling, I. K., Friedinger, K., Hösch, Y., Hügel, J. C., … Röseler, J. J. (2020, July 24). The Stepwise Anchoring Paradigm: Measuring Reliable Components of Anchoring and Adjustment as the Next Step in Moderator Research. https://doi.org/10.31234/osf.io/hjbwp","Röseler et al., 2020","https://osf.io/uac2t/","Weight of a badger (kg)","weight",1,0,0,1,1,1,3,3,15,1,1
"1807",21,2,12,4,642,75642,"Röseler, L., Schütz, A., Dolling, I. K., Friedinger, K., Hösch, Y., Hügel, J. C., … Röseler, J. J. (2020, July 24). The Stepwise Anchoring Paradigm: Measuring Reliable Components of Anchoring and Adjustment as the Next Step in Moderator Research. https://doi.org/10.31234/osf.io/hjbwp","Röseler et al., 2020","https://osf.io/uac2t/","Weight of a pelican (kg)","weight",1,0,0,1,1,1,3,3,15,0,1
"1808",21,2,15,40,642,75642,"Röseler, L., Schütz, A., Dolling, I. K., Friedinger, K., Hösch, Y., Hügel, J. C., … Röseler, J. J. (2020, July 24). The Stepwise Anchoring Paradigm: Measuring Reliable Components of Anchoring and Adjustment as the Next Step in Moderator Research. https://doi.org/10.31234/osf.io/hjbwp","Röseler et al., 2020","https://osf.io/uac2t/","Weight of a beaver (kg)","weight",1,0,0,1,1,1,3,3,25,1,1
"1809",21,2,27,10,642,75642,"Röseler, L., Schütz, A., Dolling, I. K., Friedinger, K., Hösch, Y., Hügel, J. C., … Röseler, J. J. (2020, July 24). The Stepwise Anchoring Paradigm: Measuring Reliable Components of Anchoring and Adjustment as the Next Step in Moderator Research. https://doi.org/10.31234/osf.io/hjbwp","Röseler et al., 2020","https://osf.io/uac2t/","Weight of a deer (kg)","weight",1,0,0,1,1,1,3,3,25,0,1
"1810",21,2,45,75,642,75642,"Röseler, L., Schütz, A., Dolling, I. K., Friedinger, K., Hösch, Y., Hügel, J. C., … Röseler, J. J. (2020, July 24). The Stepwise Anchoring Paradigm: Measuring Reliable Components of Anchoring and Adjustment as the Next Step in Moderator Research. https://doi.org/10.31234/osf.io/hjbwp","Röseler et al., 2020","https://osf.io/uac2t/","Weight of a wolf (kg)","weight",1,0,0,1,1,1,3,3,50,1,1
"1811",21,2,30,25,642,75642,"Röseler, L., Schütz, A., Dolling, I. K., Friedinger, K., Hösch, Y., Hügel, J. C., … Röseler, J. J. (2020, July 24). The Stepwise Anchoring Paradigm: Measuring Reliable Components of Anchoring and Adjustment as the Next Step in Moderator Research. https://doi.org/10.31234/osf.io/hjbwp","Röseler et al., 2020","https://osf.io/uac2t/","Weight of a goat (kg)","weight",1,0,0,1,1,1,3,3,50,0,1
"1812",21,2,40,84,642,75642,"Röseler, L., Schütz, A., Dolling, I. K., Friedinger, K., Hösch, Y., Hügel, J. C., … Röseler, J. J. (2020, July 24). The Stepwise Anchoring Paradigm: Measuring Reliable Components of Anchoring and Adjustment as the Next Step in Moderator Research. https://doi.org/10.31234/osf.io/hjbwp","Röseler et al., 2020","https://osf.io/uac2t/","Weight of a hyena (kg)","weight",1,0,0,1,1,1,3,3,60,1,1
"1813",21,2,54,36,642,75642,"Röseler, L., Schütz, A., Dolling, I. K., Friedinger, K., Hösch, Y., Hügel, J. C., … Röseler, J. J. (2020, July 24). The Stepwise Anchoring Paradigm: Measuring Reliable Components of Anchoring and Adjustment as the Next Step in Moderator Research. https://doi.org/10.31234/osf.io/hjbwp","Röseler et al., 2020","https://osf.io/uac2t/","Weight of a warthog (kg)","weight",1,0,0,1,1,1,3,3,60,0,1
"1814",21,2,8,1,651,75651,"Röseler, L., Schütz, A., Dolling, I. K., Friedinger, K., Hösch, Y., Hügel, J. C., … Röseler, J. J. (2020, July 24). The Stepwise Anchoring Paradigm: Measuring Reliable Components of Anchoring and Adjustment as the Next Step in Moderator Research. https://doi.org/10.31234/osf.io/hjbwp","Röseler et al., 2020","https://osf.io/uac2t/","Weight of a rabbit (kg)","weight",1,0,0,1,1,1,3,3,4.5,0,1
"1815",21,2,4,8,651,75651,"Röseler, L., Schütz, A., Dolling, I. K., Friedinger, K., Hösch, Y., Hügel, J. C., … Röseler, J. J. (2020, July 24). The Stepwise Anchoring Paradigm: Measuring Reliable Components of Anchoring and Adjustment as the Next Step in Moderator Research. https://doi.org/10.31234/osf.io/hjbwp","Röseler et al., 2020","https://osf.io/uac2t/","Weight of a cat (kg)","weight",1,0,0,1,1,1,3,3,4.25,1,1
"1816",21,2,12,2,651,75651,"Röseler, L., Schütz, A., Dolling, I. K., Friedinger, K., Hösch, Y., Hügel, J. C., … Röseler, J. J. (2020, July 24). The Stepwise Anchoring Paradigm: Measuring Reliable Components of Anchoring and Adjustment as the Next Step in Moderator Research. https://doi.org/10.31234/osf.io/hjbwp","Röseler et al., 2020","https://osf.io/uac2t/","Weight of a fox (kg)","weight",1,0,0,1,1,1,3,3,8,0,1
"1817",21,2,15,14,651,75651,"Röseler, L., Schütz, A., Dolling, I. K., Friedinger, K., Hösch, Y., Hügel, J. C., … Röseler, J. J. (2020, July 24). The Stepwise Anchoring Paradigm: Measuring Reliable Components of Anchoring and Adjustment as the Next Step in Moderator Research. https://doi.org/10.31234/osf.io/hjbwp","Röseler et al., 2020","https://osf.io/uac2t/","Weight of a racoon (kg)","weight",1,0,0,1,1,1,3,3,8,1,1
"1818",21,2,6,4,651,75651,"Röseler, L., Schütz, A., Dolling, I. K., Friedinger, K., Hösch, Y., Hügel, J. C., … Röseler, J. J. (2020, July 24). The Stepwise Anchoring Paradigm: Measuring Reliable Components of Anchoring and Adjustment as the Next Step in Moderator Research. https://doi.org/10.31234/osf.io/hjbwp","Röseler et al., 2020","https://osf.io/uac2t/","Weight of a badger (kg)","weight",1,0,0,1,1,1,3,3,15,0,1
"1819",21,2,12,26,651,75651,"Röseler, L., Schütz, A., Dolling, I. K., Friedinger, K., Hösch, Y., Hügel, J. C., … Röseler, J. J. (2020, July 24). The Stepwise Anchoring Paradigm: Measuring Reliable Components of Anchoring and Adjustment as the Next Step in Moderator Research. https://doi.org/10.31234/osf.io/hjbwp","Röseler et al., 2020","https://osf.io/uac2t/","Weight of a pelican (kg)","weight",1,0,0,1,1,1,3,3,15,1,1
"1820",21,2,7,10,651,75651,"Röseler, L., Schütz, A., Dolling, I. K., Friedinger, K., Hösch, Y., Hügel, J. C., … Röseler, J. J. (2020, July 24). The Stepwise Anchoring Paradigm: Measuring Reliable Components of Anchoring and Adjustment as the Next Step in Moderator Research. https://doi.org/10.31234/osf.io/hjbwp","Röseler et al., 2020","https://osf.io/uac2t/","Weight of a beaver (kg)","weight",1,0,0,1,1,1,3,3,25,0,1
"1821",21,2,24,40,651,75651,"Röseler, L., Schütz, A., Dolling, I. K., Friedinger, K., Hösch, Y., Hügel, J. C., … Röseler, J. J. (2020, July 24). The Stepwise Anchoring Paradigm: Measuring Reliable Components of Anchoring and Adjustment as the Next Step in Moderator Research. https://doi.org/10.31234/osf.io/hjbwp","Röseler et al., 2020","https://osf.io/uac2t/","Weight of a deer (kg)","weight",1,0,0,1,1,1,3,3,25,1,1
"1822",21,2,66,25,651,75651,"Röseler, L., Schütz, A., Dolling, I. K., Friedinger, K., Hösch, Y., Hügel, J. C., … Röseler, J. J. (2020, July 24). The Stepwise Anchoring Paradigm: Measuring Reliable Components of Anchoring and Adjustment as the Next Step in Moderator Research. https://doi.org/10.31234/osf.io/hjbwp","Röseler et al., 2020","https://osf.io/uac2t/","Weight of a wolf (kg)","weight",1,0,0,1,1,1,3,3,50,0,1
"1823",21,2,48,75,651,75651,"Röseler, L., Schütz, A., Dolling, I. K., Friedinger, K., Hösch, Y., Hügel, J. C., … Röseler, J. J. (2020, July 24). The Stepwise Anchoring Paradigm: Measuring Reliable Components of Anchoring and Adjustment as the Next Step in Moderator Research. https://doi.org/10.31234/osf.io/hjbwp","Röseler et al., 2020","https://osf.io/uac2t/","Weight of a goat (kg)","weight",1,0,0,1,1,1,3,3,50,1,1
"1824",21,2,27,36,651,75651,"Röseler, L., Schütz, A., Dolling, I. K., Friedinger, K., Hösch, Y., Hügel, J. C., … Röseler, J. J. (2020, July 24). The Stepwise Anchoring Paradigm: Measuring Reliable Components of Anchoring and Adjustment as the Next Step in Moderator Research. https://doi.org/10.31234/osf.io/hjbwp","Röseler et al., 2020","https://osf.io/uac2t/","Weight of a hyena (kg)","weight",1,0,0,1,1,1,3,3,60,0,1
"1825",21,2,59,84,651,75651,"Röseler, L., Schütz, A., Dolling, I. K., Friedinger, K., Hösch, Y., Hügel, J. C., … Röseler, J. J. (2020, July 24). The Stepwise Anchoring Paradigm: Measuring Reliable Components of Anchoring and Adjustment as the Next Step in Moderator Research. https://doi.org/10.31234/osf.io/hjbwp","Röseler et al., 2020","https://osf.io/uac2t/","Weight of a warthog (kg)","weight",1,0,0,1,1,1,3,3,60,1,1
"1826",30,1,5,8,653,75653,"Röseler, L., Schütz, A., Dolling, I. K., Friedinger, K., Hösch, Y., Hügel, J. C., … Röseler, J. J. (2020, July 24). The Stepwise Anchoring Paradigm: Measuring Reliable Components of Anchoring and Adjustment as the Next Step in Moderator Research. https://doi.org/10.31234/osf.io/hjbwp","Röseler et al., 2020","https://osf.io/uac2t/","Weight of a rabbit (kg)","weight",1,0,0,1,1,1,3,3,4.5,1,1
"1827",30,1,4,1,653,75653,"Röseler, L., Schütz, A., Dolling, I. K., Friedinger, K., Hösch, Y., Hügel, J. C., … Röseler, J. J. (2020, July 24). The Stepwise Anchoring Paradigm: Measuring Reliable Components of Anchoring and Adjustment as the Next Step in Moderator Research. https://doi.org/10.31234/osf.io/hjbwp","Röseler et al., 2020","https://osf.io/uac2t/","Weight of a cat (kg)","weight",1,0,0,1,1,1,3,3,4.25,0,1
"1828",30,1,10,14,653,75653,"Röseler, L., Schütz, A., Dolling, I. K., Friedinger, K., Hösch, Y., Hügel, J. C., … Röseler, J. J. (2020, July 24). The Stepwise Anchoring Paradigm: Measuring Reliable Components of Anchoring and Adjustment as the Next Step in Moderator Research. https://doi.org/10.31234/osf.io/hjbwp","Röseler et al., 2020","https://osf.io/uac2t/","Weight of a fox (kg)","weight",1,0,0,1,1,1,3,3,8,1,1
"1829",30,1,9,2,653,75653,"Röseler, L., Schütz, A., Dolling, I. K., Friedinger, K., Hösch, Y., Hügel, J. C., … Röseler, J. J. (2020, July 24). The Stepwise Anchoring Paradigm: Measuring Reliable Components of Anchoring and Adjustment as the Next Step in Moderator Research. https://doi.org/10.31234/osf.io/hjbwp","Röseler et al., 2020","https://osf.io/uac2t/","Weight of a racoon (kg)","weight",1,0,0,1,1,1,3,3,8,0,1
"1830",30,1,20,26,653,75653,"Röseler, L., Schütz, A., Dolling, I. K., Friedinger, K., Hösch, Y., Hügel, J. C., … Röseler, J. J. (2020, July 24). The Stepwise Anchoring Paradigm: Measuring Reliable Components of Anchoring and Adjustment as the Next Step in Moderator Research. https://doi.org/10.31234/osf.io/hjbwp","Röseler et al., 2020","https://osf.io/uac2t/","Weight of a badger (kg)","weight",1,0,0,1,1,1,3,3,15,1,1
"1831",30,1,8,4,653,75653,"Röseler, L., Schütz, A., Dolling, I. K., Friedinger, K., Hösch, Y., Hügel, J. C., … Röseler, J. J. (2020, July 24). The Stepwise Anchoring Paradigm: Measuring Reliable Components of Anchoring and Adjustment as the Next Step in Moderator Research. https://doi.org/10.31234/osf.io/hjbwp","Röseler et al., 2020","https://osf.io/uac2t/","Weight of a pelican (kg)","weight",1,0,0,1,1,1,3,3,15,0,1
"1832",30,1,20,40,653,75653,"Röseler, L., Schütz, A., Dolling, I. K., Friedinger, K., Hösch, Y., Hügel, J. C., … Röseler, J. J. (2020, July 24). The Stepwise Anchoring Paradigm: Measuring Reliable Components of Anchoring and Adjustment as the Next Step in Moderator Research. https://doi.org/10.31234/osf.io/hjbwp","Röseler et al., 2020","https://osf.io/uac2t/","Weight of a beaver (kg)","weight",1,0,0,1,1,1,3,3,25,1,1
"1833",30,1,20,10,653,75653,"Röseler, L., Schütz, A., Dolling, I. K., Friedinger, K., Hösch, Y., Hügel, J. C., … Röseler, J. J. (2020, July 24). The Stepwise Anchoring Paradigm: Measuring Reliable Components of Anchoring and Adjustment as the Next Step in Moderator Research. https://doi.org/10.31234/osf.io/hjbwp","Röseler et al., 2020","https://osf.io/uac2t/","Weight of a deer (kg)","weight",1,0,0,1,1,1,3,3,25,0,1
"1834",30,1,20,75,653,75653,"Röseler, L., Schütz, A., Dolling, I. K., Friedinger, K., Hösch, Y., Hügel, J. C., … Röseler, J. J. (2020, July 24). The Stepwise Anchoring Paradigm: Measuring Reliable Components of Anchoring and Adjustment as the Next Step in Moderator Research. https://doi.org/10.31234/osf.io/hjbwp","Röseler et al., 2020","https://osf.io/uac2t/","Weight of a wolf (kg)","weight",1,0,0,1,1,1,3,3,50,1,1
"1835",30,1,30,25,653,75653,"Röseler, L., Schütz, A., Dolling, I. K., Friedinger, K., Hösch, Y., Hügel, J. C., … Röseler, J. J. (2020, July 24). The Stepwise Anchoring Paradigm: Measuring Reliable Components of Anchoring and Adjustment as the Next Step in Moderator Research. https://doi.org/10.31234/osf.io/hjbwp","Röseler et al., 2020","https://osf.io/uac2t/","Weight of a goat (kg)","weight",1,0,0,1,1,1,3,3,50,0,1
"1836",30,1,60,84,653,75653,"Röseler, L., Schütz, A., Dolling, I. K., Friedinger, K., Hösch, Y., Hügel, J. C., … Röseler, J. J. (2020, July 24). The Stepwise Anchoring Paradigm: Measuring Reliable Components of Anchoring and Adjustment as the Next Step in Moderator Research. https://doi.org/10.31234/osf.io/hjbwp","Röseler et al., 2020","https://osf.io/uac2t/","Weight of a hyena (kg)","weight",1,0,0,1,1,1,3,3,60,1,1
"1837",30,1,74,36,653,75653,"Röseler, L., Schütz, A., Dolling, I. K., Friedinger, K., Hösch, Y., Hügel, J. C., … Röseler, J. J. (2020, July 24). The Stepwise Anchoring Paradigm: Measuring Reliable Components of Anchoring and Adjustment as the Next Step in Moderator Research. https://doi.org/10.31234/osf.io/hjbwp","Röseler et al., 2020","https://osf.io/uac2t/","Weight of a warthog (kg)","weight",1,0,0,1,1,1,3,3,60,0,1
"1838",30,1,33,8,654,75654,"Röseler, L., Schütz, A., Dolling, I. K., Friedinger, K., Hösch, Y., Hügel, J. C., … Röseler, J. J. (2020, July 24). The Stepwise Anchoring Paradigm: Measuring Reliable Components of Anchoring and Adjustment as the Next Step in Moderator Research. https://doi.org/10.31234/osf.io/hjbwp","Röseler et al., 2020","https://osf.io/uac2t/","Weight of a cat (kg)","weight",1,0,0,1,1,1,3,3,4.25,1,1
"1839",22,2,7,1,666,75666,"Röseler, L., Schütz, A., Dolling, I. K., Friedinger, K., Hösch, Y., Hügel, J. C., … Röseler, J. J. (2020, July 24). The Stepwise Anchoring Paradigm: Measuring Reliable Components of Anchoring and Adjustment as the Next Step in Moderator Research. https://doi.org/10.31234/osf.io/hjbwp","Röseler et al., 2020","https://osf.io/uac2t/","Weight of a rabbit (kg)","weight",1,0,0,1,1,1,3,3,4.5,0,1
"1840",22,2,4,8,666,75666,"Röseler, L., Schütz, A., Dolling, I. K., Friedinger, K., Hösch, Y., Hügel, J. C., … Röseler, J. J. (2020, July 24). The Stepwise Anchoring Paradigm: Measuring Reliable Components of Anchoring and Adjustment as the Next Step in Moderator Research. https://doi.org/10.31234/osf.io/hjbwp","Röseler et al., 2020","https://osf.io/uac2t/","Weight of a cat (kg)","weight",1,0,0,1,1,1,3,3,4.25,1,1
"1841",22,2,8,2,666,75666,"Röseler, L., Schütz, A., Dolling, I. K., Friedinger, K., Hösch, Y., Hügel, J. C., … Röseler, J. J. (2020, July 24). The Stepwise Anchoring Paradigm: Measuring Reliable Components of Anchoring and Adjustment as the Next Step in Moderator Research. https://doi.org/10.31234/osf.io/hjbwp","Röseler et al., 2020","https://osf.io/uac2t/","Weight of a fox (kg)","weight",1,0,0,1,1,1,3,3,8,0,1
"1842",22,2,16,14,666,75666,"Röseler, L., Schütz, A., Dolling, I. K., Friedinger, K., Hösch, Y., Hügel, J. C., … Röseler, J. J. (2020, July 24). The Stepwise Anchoring Paradigm: Measuring Reliable Components of Anchoring and Adjustment as the Next Step in Moderator Research. https://doi.org/10.31234/osf.io/hjbwp","Röseler et al., 2020","https://osf.io/uac2t/","Weight of a racoon (kg)","weight",1,0,0,1,1,1,3,3,8,1,1
"1843",22,2,20,4,666,75666,"Röseler, L., Schütz, A., Dolling, I. K., Friedinger, K., Hösch, Y., Hügel, J. C., … Röseler, J. J. (2020, July 24). The Stepwise Anchoring Paradigm: Measuring Reliable Components of Anchoring and Adjustment as the Next Step in Moderator Research. https://doi.org/10.31234/osf.io/hjbwp","Röseler et al., 2020","https://osf.io/uac2t/","Weight of a badger (kg)","weight",1,0,0,1,1,1,3,3,15,0,1
"1844",22,2,28,26,666,75666,"Röseler, L., Schütz, A., Dolling, I. K., Friedinger, K., Hösch, Y., Hügel, J. C., … Röseler, J. J. (2020, July 24). The Stepwise Anchoring Paradigm: Measuring Reliable Components of Anchoring and Adjustment as the Next Step in Moderator Research. https://doi.org/10.31234/osf.io/hjbwp","Röseler et al., 2020","https://osf.io/uac2t/","Weight of a pelican (kg)","weight",1,0,0,1,1,1,3,3,15,1,1
"1845",22,2,23,10,666,75666,"Röseler, L., Schütz, A., Dolling, I. K., Friedinger, K., Hösch, Y., Hügel, J. C., … Röseler, J. J. (2020, July 24). The Stepwise Anchoring Paradigm: Measuring Reliable Components of Anchoring and Adjustment as the Next Step in Moderator Research. https://doi.org/10.31234/osf.io/hjbwp","Röseler et al., 2020","https://osf.io/uac2t/","Weight of a beaver (kg)","weight",1,0,0,1,1,1,3,3,25,0,1
"1846",22,2,36,40,666,75666,"Röseler, L., Schütz, A., Dolling, I. K., Friedinger, K., Hösch, Y., Hügel, J. C., … Röseler, J. J. (2020, July 24). The Stepwise Anchoring Paradigm: Measuring Reliable Components of Anchoring and Adjustment as the Next Step in Moderator Research. https://doi.org/10.31234/osf.io/hjbwp","Röseler et al., 2020","https://osf.io/uac2t/","Weight of a deer (kg)","weight",1,0,0,1,1,1,3,3,25,1,1
"1847",22,2,NA,25,666,75666,"Röseler, L., Schütz, A., Dolling, I. K., Friedinger, K., Hösch, Y., Hügel, J. C., … Röseler, J. J. (2020, July 24). The Stepwise Anchoring Paradigm: Measuring Reliable Components of Anchoring and Adjustment as the Next Step in Moderator Research. https://doi.org/10.31234/osf.io/hjbwp","Röseler et al., 2020","https://osf.io/uac2t/","Weight of a wolf (kg)","weight",1,0,0,1,1,1,3,3,50,0,1
"1848",22,2,62,75,666,75666,"Röseler, L., Schütz, A., Dolling, I. K., Friedinger, K., Hösch, Y., Hügel, J. C., … Röseler, J. J. (2020, July 24). The Stepwise Anchoring Paradigm: Measuring Reliable Components of Anchoring and Adjustment as the Next Step in Moderator Research. https://doi.org/10.31234/osf.io/hjbwp","Röseler et al., 2020","https://osf.io/uac2t/","Weight of a goat (kg)","weight",1,0,0,1,1,1,3,3,50,1,1
"1849",22,2,47,36,666,75666,"Röseler, L., Schütz, A., Dolling, I. K., Friedinger, K., Hösch, Y., Hügel, J. C., … Röseler, J. J. (2020, July 24). The Stepwise Anchoring Paradigm: Measuring Reliable Components of Anchoring and Adjustment as the Next Step in Moderator Research. https://doi.org/10.31234/osf.io/hjbwp","Röseler et al., 2020","https://osf.io/uac2t/","Weight of a hyena (kg)","weight",1,0,0,1,1,1,3,3,60,0,1
"1850",22,2,90,84,666,75666,"Röseler, L., Schütz, A., Dolling, I. K., Friedinger, K., Hösch, Y., Hügel, J. C., … Röseler, J. J. (2020, July 24). The Stepwise Anchoring Paradigm: Measuring Reliable Components of Anchoring and Adjustment as the Next Step in Moderator Research. https://doi.org/10.31234/osf.io/hjbwp","Röseler et al., 2020","https://osf.io/uac2t/","Weight of a warthog (kg)","weight",1,0,0,1,1,1,3,3,60,1,1
"1851",28,1,NA,8,668,75668,"Röseler, L., Schütz, A., Dolling, I. K., Friedinger, K., Hösch, Y., Hügel, J. C., … Röseler, J. J. (2020, July 24). The Stepwise Anchoring Paradigm: Measuring Reliable Components of Anchoring and Adjustment as the Next Step in Moderator Research. https://doi.org/10.31234/osf.io/hjbwp","Röseler et al., 2020","https://osf.io/uac2t/","Weight of a rabbit (kg)","weight",1,0,0,1,1,1,3,3,4.5,1,1
"1852",28,1,NA,1,668,75668,"Röseler, L., Schütz, A., Dolling, I. K., Friedinger, K., Hösch, Y., Hügel, J. C., … Röseler, J. J. (2020, July 24). The Stepwise Anchoring Paradigm: Measuring Reliable Components of Anchoring and Adjustment as the Next Step in Moderator Research. https://doi.org/10.31234/osf.io/hjbwp","Röseler et al., 2020","https://osf.io/uac2t/","Weight of a cat (kg)","weight",1,0,0,1,1,1,3,3,4.25,0,1
"1853",28,1,NA,14,668,75668,"Röseler, L., Schütz, A., Dolling, I. K., Friedinger, K., Hösch, Y., Hügel, J. C., … Röseler, J. J. (2020, July 24). The Stepwise Anchoring Paradigm: Measuring Reliable Components of Anchoring and Adjustment as the Next Step in Moderator Research. https://doi.org/10.31234/osf.io/hjbwp","Röseler et al., 2020","https://osf.io/uac2t/","Weight of a fox (kg)","weight",1,0,0,1,1,1,3,3,8,1,1
"1854",28,1,NA,2,668,75668,"Röseler, L., Schütz, A., Dolling, I. K., Friedinger, K., Hösch, Y., Hügel, J. C., … Röseler, J. J. (2020, July 24). The Stepwise Anchoring Paradigm: Measuring Reliable Components of Anchoring and Adjustment as the Next Step in Moderator Research. https://doi.org/10.31234/osf.io/hjbwp","Röseler et al., 2020","https://osf.io/uac2t/","Weight of a racoon (kg)","weight",1,0,0,1,1,1,3,3,8,0,1
"1855",28,1,NA,26,668,75668,"Röseler, L., Schütz, A., Dolling, I. K., Friedinger, K., Hösch, Y., Hügel, J. C., … Röseler, J. J. (2020, July 24). The Stepwise Anchoring Paradigm: Measuring Reliable Components of Anchoring and Adjustment as the Next Step in Moderator Research. https://doi.org/10.31234/osf.io/hjbwp","Röseler et al., 2020","https://osf.io/uac2t/","Weight of a badger (kg)","weight",1,0,0,1,1,1,3,3,15,1,1
"1856",28,1,NA,4,668,75668,"Röseler, L., Schütz, A., Dolling, I. K., Friedinger, K., Hösch, Y., Hügel, J. C., … Röseler, J. J. (2020, July 24). The Stepwise Anchoring Paradigm: Measuring Reliable Components of Anchoring and Adjustment as the Next Step in Moderator Research. https://doi.org/10.31234/osf.io/hjbwp","Röseler et al., 2020","https://osf.io/uac2t/","Weight of a pelican (kg)","weight",1,0,0,1,1,1,3,3,15,0,1
"1857",28,1,NA,40,668,75668,"Röseler, L., Schütz, A., Dolling, I. K., Friedinger, K., Hösch, Y., Hügel, J. C., … Röseler, J. J. (2020, July 24). The Stepwise Anchoring Paradigm: Measuring Reliable Components of Anchoring and Adjustment as the Next Step in Moderator Research. https://doi.org/10.31234/osf.io/hjbwp","Röseler et al., 2020","https://osf.io/uac2t/","Weight of a beaver (kg)","weight",1,0,0,1,1,1,3,3,25,1,1
"1858",28,1,NA,10,668,75668,"Röseler, L., Schütz, A., Dolling, I. K., Friedinger, K., Hösch, Y., Hügel, J. C., … Röseler, J. J. (2020, July 24). The Stepwise Anchoring Paradigm: Measuring Reliable Components of Anchoring and Adjustment as the Next Step in Moderator Research. https://doi.org/10.31234/osf.io/hjbwp","Röseler et al., 2020","https://osf.io/uac2t/","Weight of a deer (kg)","weight",1,0,0,1,1,1,3,3,25,0,1
"1859",28,1,NA,75,668,75668,"Röseler, L., Schütz, A., Dolling, I. K., Friedinger, K., Hösch, Y., Hügel, J. C., … Röseler, J. J. (2020, July 24). The Stepwise Anchoring Paradigm: Measuring Reliable Components of Anchoring and Adjustment as the Next Step in Moderator Research. https://doi.org/10.31234/osf.io/hjbwp","Röseler et al., 2020","https://osf.io/uac2t/","Weight of a wolf (kg)","weight",1,0,0,1,1,1,3,3,50,1,1
"1860",28,1,NA,25,668,75668,"Röseler, L., Schütz, A., Dolling, I. K., Friedinger, K., Hösch, Y., Hügel, J. C., … Röseler, J. J. (2020, July 24). The Stepwise Anchoring Paradigm: Measuring Reliable Components of Anchoring and Adjustment as the Next Step in Moderator Research. https://doi.org/10.31234/osf.io/hjbwp","Röseler et al., 2020","https://osf.io/uac2t/","Weight of a goat (kg)","weight",1,0,0,1,1,1,3,3,50,0,1
"1861",28,1,NA,84,668,75668,"Röseler, L., Schütz, A., Dolling, I. K., Friedinger, K., Hösch, Y., Hügel, J. C., … Röseler, J. J. (2020, July 24). The Stepwise Anchoring Paradigm: Measuring Reliable Components of Anchoring and Adjustment as the Next Step in Moderator Research. https://doi.org/10.31234/osf.io/hjbwp","Röseler et al., 2020","https://osf.io/uac2t/","Weight of a hyena (kg)","weight",1,0,0,1,1,1,3,3,60,1,1
"1862",28,1,NA,36,668,75668,"Röseler, L., Schütz, A., Dolling, I. K., Friedinger, K., Hösch, Y., Hügel, J. C., … Röseler, J. J. (2020, July 24). The Stepwise Anchoring Paradigm: Measuring Reliable Components of Anchoring and Adjustment as the Next Step in Moderator Research. https://doi.org/10.31234/osf.io/hjbwp","Röseler et al., 2020","https://osf.io/uac2t/","Weight of a warthog (kg)","weight",1,0,0,1,1,1,3,3,60,0,1
"1863",24,1,8,1,669,75669,"Röseler, L., Schütz, A., Dolling, I. K., Friedinger, K., Hösch, Y., Hügel, J. C., … Röseler, J. J. (2020, July 24). The Stepwise Anchoring Paradigm: Measuring Reliable Components of Anchoring and Adjustment as the Next Step in Moderator Research. https://doi.org/10.31234/osf.io/hjbwp","Röseler et al., 2020","https://osf.io/uac2t/","Weight of a rabbit (kg)","weight",1,0,0,1,1,1,3,3,4.5,0,1
"1864",24,1,2,8,669,75669,"Röseler, L., Schütz, A., Dolling, I. K., Friedinger, K., Hösch, Y., Hügel, J. C., … Röseler, J. J. (2020, July 24). The Stepwise Anchoring Paradigm: Measuring Reliable Components of Anchoring and Adjustment as the Next Step in Moderator Research. https://doi.org/10.31234/osf.io/hjbwp","Röseler et al., 2020","https://osf.io/uac2t/","Weight of a cat (kg)","weight",1,0,0,1,1,1,3,3,4.25,1,1
"1865",24,1,10,2,669,75669,"Röseler, L., Schütz, A., Dolling, I. K., Friedinger, K., Hösch, Y., Hügel, J. C., … Röseler, J. J. (2020, July 24). The Stepwise Anchoring Paradigm: Measuring Reliable Components of Anchoring and Adjustment as the Next Step in Moderator Research. https://doi.org/10.31234/osf.io/hjbwp","Röseler et al., 2020","https://osf.io/uac2t/","Weight of a fox (kg)","weight",1,0,0,1,1,1,3,3,8,0,1
"1866",24,1,17,14,669,75669,"Röseler, L., Schütz, A., Dolling, I. K., Friedinger, K., Hösch, Y., Hügel, J. C., … Röseler, J. J. (2020, July 24). The Stepwise Anchoring Paradigm: Measuring Reliable Components of Anchoring and Adjustment as the Next Step in Moderator Research. https://doi.org/10.31234/osf.io/hjbwp","Röseler et al., 2020","https://osf.io/uac2t/","Weight of a racoon (kg)","weight",1,0,0,1,1,1,3,3,8,1,1
"1867",24,1,6,4,669,75669,"Röseler, L., Schütz, A., Dolling, I. K., Friedinger, K., Hösch, Y., Hügel, J. C., … Röseler, J. J. (2020, July 24). The Stepwise Anchoring Paradigm: Measuring Reliable Components of Anchoring and Adjustment as the Next Step in Moderator Research. https://doi.org/10.31234/osf.io/hjbwp","Röseler et al., 2020","https://osf.io/uac2t/","Weight of a badger (kg)","weight",1,0,0,1,1,1,3,3,15,0,1
"1868",24,1,16,26,669,75669,"Röseler, L., Schütz, A., Dolling, I. K., Friedinger, K., Hösch, Y., Hügel, J. C., … Röseler, J. J. (2020, July 24). The Stepwise Anchoring Paradigm: Measuring Reliable Components of Anchoring and Adjustment as the Next Step in Moderator Research. https://doi.org/10.31234/osf.io/hjbwp","Röseler et al., 2020","https://osf.io/uac2t/","Weight of a pelican (kg)","weight",1,0,0,1,1,1,3,3,15,1,1
"1869",24,1,19,10,669,75669,"Röseler, L., Schütz, A., Dolling, I. K., Friedinger, K., Hösch, Y., Hügel, J. C., … Röseler, J. J. (2020, July 24). The Stepwise Anchoring Paradigm: Measuring Reliable Components of Anchoring and Adjustment as the Next Step in Moderator Research. https://doi.org/10.31234/osf.io/hjbwp","Röseler et al., 2020","https://osf.io/uac2t/","Weight of a beaver (kg)","weight",1,0,0,1,1,1,3,3,25,0,1
"1870",24,1,25,40,669,75669,"Röseler, L., Schütz, A., Dolling, I. K., Friedinger, K., Hösch, Y., Hügel, J. C., … Röseler, J. J. (2020, July 24). The Stepwise Anchoring Paradigm: Measuring Reliable Components of Anchoring and Adjustment as the Next Step in Moderator Research. https://doi.org/10.31234/osf.io/hjbwp","Röseler et al., 2020","https://osf.io/uac2t/","Weight of a deer (kg)","weight",1,0,0,1,1,1,3,3,25,1,1
"1871",24,1,43,25,669,75669,"Röseler, L., Schütz, A., Dolling, I. K., Friedinger, K., Hösch, Y., Hügel, J. C., … Röseler, J. J. (2020, July 24). The Stepwise Anchoring Paradigm: Measuring Reliable Components of Anchoring and Adjustment as the Next Step in Moderator Research. https://doi.org/10.31234/osf.io/hjbwp","Röseler et al., 2020","https://osf.io/uac2t/","Weight of a wolf (kg)","weight",1,0,0,1,1,1,3,3,50,0,1
"1872",24,1,60,75,669,75669,"Röseler, L., Schütz, A., Dolling, I. K., Friedinger, K., Hösch, Y., Hügel, J. C., … Röseler, J. J. (2020, July 24). The Stepwise Anchoring Paradigm: Measuring Reliable Components of Anchoring and Adjustment as the Next Step in Moderator Research. https://doi.org/10.31234/osf.io/hjbwp","Röseler et al., 2020","https://osf.io/uac2t/","Weight of a goat (kg)","weight",1,0,0,1,1,1,3,3,50,1,1
"1873",24,1,47,36,669,75669,"Röseler, L., Schütz, A., Dolling, I. K., Friedinger, K., Hösch, Y., Hügel, J. C., … Röseler, J. J. (2020, July 24). The Stepwise Anchoring Paradigm: Measuring Reliable Components of Anchoring and Adjustment as the Next Step in Moderator Research. https://doi.org/10.31234/osf.io/hjbwp","Röseler et al., 2020","https://osf.io/uac2t/","Weight of a hyena (kg)","weight",1,0,0,1,1,1,3,3,60,0,1
"1874",24,1,56,84,669,75669,"Röseler, L., Schütz, A., Dolling, I. K., Friedinger, K., Hösch, Y., Hügel, J. C., … Röseler, J. J. (2020, July 24). The Stepwise Anchoring Paradigm: Measuring Reliable Components of Anchoring and Adjustment as the Next Step in Moderator Research. https://doi.org/10.31234/osf.io/hjbwp","Röseler et al., 2020","https://osf.io/uac2t/","Weight of a warthog (kg)","weight",1,0,0,1,1,1,3,3,60,1,1
"1875",NA,3,40,25,676,75676,"Röseler, L., Schütz, A., Dolling, I. K., Friedinger, K., Hösch, Y., Hügel, J. C., … Röseler, J. J. (2020, July 24). The Stepwise Anchoring Paradigm: Measuring Reliable Components of Anchoring and Adjustment as the Next Step in Moderator Research. https://doi.org/10.31234/osf.io/hjbwp","Röseler et al., 2020","https://osf.io/uac2t/","Weight of a goat (kg)","weight",1,0,0,1,1,1,3,3,50,0,1
"1876",31,2,5,8,683,75683,"Röseler, L., Schütz, A., Dolling, I. K., Friedinger, K., Hösch, Y., Hügel, J. C., … Röseler, J. J. (2020, July 24). The Stepwise Anchoring Paradigm: Measuring Reliable Components of Anchoring and Adjustment as the Next Step in Moderator Research. https://doi.org/10.31234/osf.io/hjbwp","Röseler et al., 2020","https://osf.io/uac2t/","Weight of a cat (kg)","weight",1,0,0,1,1,1,3,3,4.25,1,1
"1877",31,2,17,2,683,75683,"Röseler, L., Schütz, A., Dolling, I. K., Friedinger, K., Hösch, Y., Hügel, J. C., … Röseler, J. J. (2020, July 24). The Stepwise Anchoring Paradigm: Measuring Reliable Components of Anchoring and Adjustment as the Next Step in Moderator Research. https://doi.org/10.31234/osf.io/hjbwp","Röseler et al., 2020","https://osf.io/uac2t/","Weight of a fox (kg)","weight",1,0,0,1,1,1,3,3,8,0,1
"1878",31,2,25,4,683,75683,"Röseler, L., Schütz, A., Dolling, I. K., Friedinger, K., Hösch, Y., Hügel, J. C., … Röseler, J. J. (2020, July 24). The Stepwise Anchoring Paradigm: Measuring Reliable Components of Anchoring and Adjustment as the Next Step in Moderator Research. https://doi.org/10.31234/osf.io/hjbwp","Röseler et al., 2020","https://osf.io/uac2t/","Weight of a badger (kg)","weight",1,0,0,1,1,1,3,3,15,0,1
"1879",31,2,42,10,683,75683,"Röseler, L., Schütz, A., Dolling, I. K., Friedinger, K., Hösch, Y., Hügel, J. C., … Röseler, J. J. (2020, July 24). The Stepwise Anchoring Paradigm: Measuring Reliable Components of Anchoring and Adjustment as the Next Step in Moderator Research. https://doi.org/10.31234/osf.io/hjbwp","Röseler et al., 2020","https://osf.io/uac2t/","Weight of a beaver (kg)","weight",1,0,0,1,1,1,3,3,25,0,1
"1880",31,2,76,40,683,75683,"Röseler, L., Schütz, A., Dolling, I. K., Friedinger, K., Hösch, Y., Hügel, J. C., … Röseler, J. J. (2020, July 24). The Stepwise Anchoring Paradigm: Measuring Reliable Components of Anchoring and Adjustment as the Next Step in Moderator Research. https://doi.org/10.31234/osf.io/hjbwp","Röseler et al., 2020","https://osf.io/uac2t/","Weight of a deer (kg)","weight",1,0,0,1,1,1,3,3,25,1,1
"1881",31,2,6,8,684,75684,"Röseler, L., Schütz, A., Dolling, I. K., Friedinger, K., Hösch, Y., Hügel, J. C., … Röseler, J. J. (2020, July 24). The Stepwise Anchoring Paradigm: Measuring Reliable Components of Anchoring and Adjustment as the Next Step in Moderator Research. https://doi.org/10.31234/osf.io/hjbwp","Röseler et al., 2020","https://osf.io/uac2t/","Weight of a rabbit (kg)","weight",1,0,0,1,1,1,3,3,4.5,1,1
"1882",31,2,5,1,684,75684,"Röseler, L., Schütz, A., Dolling, I. K., Friedinger, K., Hösch, Y., Hügel, J. C., … Röseler, J. J. (2020, July 24). The Stepwise Anchoring Paradigm: Measuring Reliable Components of Anchoring and Adjustment as the Next Step in Moderator Research. https://doi.org/10.31234/osf.io/hjbwp","Röseler et al., 2020","https://osf.io/uac2t/","Weight of a cat (kg)","weight",1,0,0,1,1,1,3,3,4.25,0,1
"1883",31,2,7,14,684,75684,"Röseler, L., Schütz, A., Dolling, I. K., Friedinger, K., Hösch, Y., Hügel, J. C., … Röseler, J. J. (2020, July 24). The Stepwise Anchoring Paradigm: Measuring Reliable Components of Anchoring and Adjustment as the Next Step in Moderator Research. https://doi.org/10.31234/osf.io/hjbwp","Röseler et al., 2020","https://osf.io/uac2t/","Weight of a fox (kg)","weight",1,0,0,1,1,1,3,3,8,1,1
"1884",31,2,10,2,684,75684,"Röseler, L., Schütz, A., Dolling, I. K., Friedinger, K., Hösch, Y., Hügel, J. C., … Röseler, J. J. (2020, July 24). The Stepwise Anchoring Paradigm: Measuring Reliable Components of Anchoring and Adjustment as the Next Step in Moderator Research. https://doi.org/10.31234/osf.io/hjbwp","Röseler et al., 2020","https://osf.io/uac2t/","Weight of a racoon (kg)","weight",1,0,0,1,1,1,3,3,8,0,1
"1885",31,2,18,26,684,75684,"Röseler, L., Schütz, A., Dolling, I. K., Friedinger, K., Hösch, Y., Hügel, J. C., … Röseler, J. J. (2020, July 24). The Stepwise Anchoring Paradigm: Measuring Reliable Components of Anchoring and Adjustment as the Next Step in Moderator Research. https://doi.org/10.31234/osf.io/hjbwp","Röseler et al., 2020","https://osf.io/uac2t/","Weight of a badger (kg)","weight",1,0,0,1,1,1,3,3,15,1,1
"1886",31,2,9,4,684,75684,"Röseler, L., Schütz, A., Dolling, I. K., Friedinger, K., Hösch, Y., Hügel, J. C., … Röseler, J. J. (2020, July 24). The Stepwise Anchoring Paradigm: Measuring Reliable Components of Anchoring and Adjustment as the Next Step in Moderator Research. https://doi.org/10.31234/osf.io/hjbwp","Röseler et al., 2020","https://osf.io/uac2t/","Weight of a pelican (kg)","weight",1,0,0,1,1,1,3,3,15,0,1
"1887",31,2,20,40,684,75684,"Röseler, L., Schütz, A., Dolling, I. K., Friedinger, K., Hösch, Y., Hügel, J. C., … Röseler, J. J. (2020, July 24). The Stepwise Anchoring Paradigm: Measuring Reliable Components of Anchoring and Adjustment as the Next Step in Moderator Research. https://doi.org/10.31234/osf.io/hjbwp","Röseler et al., 2020","https://osf.io/uac2t/","Weight of a beaver (kg)","weight",1,0,0,1,1,1,3,3,25,1,1
"1888",31,2,50,10,684,75684,"Röseler, L., Schütz, A., Dolling, I. K., Friedinger, K., Hösch, Y., Hügel, J. C., … Röseler, J. J. (2020, July 24). The Stepwise Anchoring Paradigm: Measuring Reliable Components of Anchoring and Adjustment as the Next Step in Moderator Research. https://doi.org/10.31234/osf.io/hjbwp","Röseler et al., 2020","https://osf.io/uac2t/","Weight of a deer (kg)","weight",1,0,0,1,1,1,3,3,25,0,1
"1889",31,2,31,75,684,75684,"Röseler, L., Schütz, A., Dolling, I. K., Friedinger, K., Hösch, Y., Hügel, J. C., … Röseler, J. J. (2020, July 24). The Stepwise Anchoring Paradigm: Measuring Reliable Components of Anchoring and Adjustment as the Next Step in Moderator Research. https://doi.org/10.31234/osf.io/hjbwp","Röseler et al., 2020","https://osf.io/uac2t/","Weight of a wolf (kg)","weight",1,0,0,1,1,1,3,3,50,1,1
"1890",31,2,40,25,684,75684,"Röseler, L., Schütz, A., Dolling, I. K., Friedinger, K., Hösch, Y., Hügel, J. C., … Röseler, J. J. (2020, July 24). The Stepwise Anchoring Paradigm: Measuring Reliable Components of Anchoring and Adjustment as the Next Step in Moderator Research. https://doi.org/10.31234/osf.io/hjbwp","Röseler et al., 2020","https://osf.io/uac2t/","Weight of a goat (kg)","weight",1,0,0,1,1,1,3,3,50,0,1
"1891",31,2,30,84,684,75684,"Röseler, L., Schütz, A., Dolling, I. K., Friedinger, K., Hösch, Y., Hügel, J. C., … Röseler, J. J. (2020, July 24). The Stepwise Anchoring Paradigm: Measuring Reliable Components of Anchoring and Adjustment as the Next Step in Moderator Research. https://doi.org/10.31234/osf.io/hjbwp","Röseler et al., 2020","https://osf.io/uac2t/","Weight of a hyena (kg)","weight",1,0,0,1,1,1,3,3,60,1,1
"1892",31,2,78,36,684,75684,"Röseler, L., Schütz, A., Dolling, I. K., Friedinger, K., Hösch, Y., Hügel, J. C., … Röseler, J. J. (2020, July 24). The Stepwise Anchoring Paradigm: Measuring Reliable Components of Anchoring and Adjustment as the Next Step in Moderator Research. https://doi.org/10.31234/osf.io/hjbwp","Röseler et al., 2020","https://osf.io/uac2t/","Weight of a warthog (kg)","weight",1,0,0,1,1,1,3,3,60,0,1
"1893",33,1,5,8,686,75686,"Röseler, L., Schütz, A., Dolling, I. K., Friedinger, K., Hösch, Y., Hügel, J. C., … Röseler, J. J. (2020, July 24). The Stepwise Anchoring Paradigm: Measuring Reliable Components of Anchoring and Adjustment as the Next Step in Moderator Research. https://doi.org/10.31234/osf.io/hjbwp","Röseler et al., 2020","https://osf.io/uac2t/","Weight of a rabbit (kg)","weight",1,0,0,1,1,1,3,3,4.5,1,1
"1894",33,1,4,1,686,75686,"Röseler, L., Schütz, A., Dolling, I. K., Friedinger, K., Hösch, Y., Hügel, J. C., … Röseler, J. J. (2020, July 24). The Stepwise Anchoring Paradigm: Measuring Reliable Components of Anchoring and Adjustment as the Next Step in Moderator Research. https://doi.org/10.31234/osf.io/hjbwp","Röseler et al., 2020","https://osf.io/uac2t/","Weight of a cat (kg)","weight",1,0,0,1,1,1,3,3,4.25,0,1
"1895",33,1,8,14,686,75686,"Röseler, L., Schütz, A., Dolling, I. K., Friedinger, K., Hösch, Y., Hügel, J. C., … Röseler, J. J. (2020, July 24). The Stepwise Anchoring Paradigm: Measuring Reliable Components of Anchoring and Adjustment as the Next Step in Moderator Research. https://doi.org/10.31234/osf.io/hjbwp","Röseler et al., 2020","https://osf.io/uac2t/","Weight of a fox (kg)","weight",1,0,0,1,1,1,3,3,8,1,1
"1896",33,1,5,2,686,75686,"Röseler, L., Schütz, A., Dolling, I. K., Friedinger, K., Hösch, Y., Hügel, J. C., … Röseler, J. J. (2020, July 24). The Stepwise Anchoring Paradigm: Measuring Reliable Components of Anchoring and Adjustment as the Next Step in Moderator Research. https://doi.org/10.31234/osf.io/hjbwp","Röseler et al., 2020","https://osf.io/uac2t/","Weight of a racoon (kg)","weight",1,0,0,1,1,1,3,3,8,0,1
"1897",33,1,20,26,686,75686,"Röseler, L., Schütz, A., Dolling, I. K., Friedinger, K., Hösch, Y., Hügel, J. C., … Röseler, J. J. (2020, July 24). The Stepwise Anchoring Paradigm: Measuring Reliable Components of Anchoring and Adjustment as the Next Step in Moderator Research. https://doi.org/10.31234/osf.io/hjbwp","Röseler et al., 2020","https://osf.io/uac2t/","Weight of a badger (kg)","weight",1,0,0,1,1,1,3,3,15,1,1
"1898",33,1,7,4,686,75686,"Röseler, L., Schütz, A., Dolling, I. K., Friedinger, K., Hösch, Y., Hügel, J. C., … Röseler, J. J. (2020, July 24). The Stepwise Anchoring Paradigm: Measuring Reliable Components of Anchoring and Adjustment as the Next Step in Moderator Research. https://doi.org/10.31234/osf.io/hjbwp","Röseler et al., 2020","https://osf.io/uac2t/","Weight of a pelican (kg)","weight",1,0,0,1,1,1,3,3,15,0,1
"1899",33,1,15,40,686,75686,"Röseler, L., Schütz, A., Dolling, I. K., Friedinger, K., Hösch, Y., Hügel, J. C., … Röseler, J. J. (2020, July 24). The Stepwise Anchoring Paradigm: Measuring Reliable Components of Anchoring and Adjustment as the Next Step in Moderator Research. https://doi.org/10.31234/osf.io/hjbwp","Röseler et al., 2020","https://osf.io/uac2t/","Weight of a beaver (kg)","weight",1,0,0,1,1,1,3,3,25,1,1
"1900",33,1,40,10,686,75686,"Röseler, L., Schütz, A., Dolling, I. K., Friedinger, K., Hösch, Y., Hügel, J. C., … Röseler, J. J. (2020, July 24). The Stepwise Anchoring Paradigm: Measuring Reliable Components of Anchoring and Adjustment as the Next Step in Moderator Research. https://doi.org/10.31234/osf.io/hjbwp","Röseler et al., 2020","https://osf.io/uac2t/","Weight of a deer (kg)","weight",1,0,0,1,1,1,3,3,25,0,1
"1901",33,1,50,75,686,75686,"Röseler, L., Schütz, A., Dolling, I. K., Friedinger, K., Hösch, Y., Hügel, J. C., … Röseler, J. J. (2020, July 24). The Stepwise Anchoring Paradigm: Measuring Reliable Components of Anchoring and Adjustment as the Next Step in Moderator Research. https://doi.org/10.31234/osf.io/hjbwp","Röseler et al., 2020","https://osf.io/uac2t/","Weight of a wolf (kg)","weight",1,0,0,1,1,1,3,3,50,1,1
"1902",33,1,35,25,686,75686,"Röseler, L., Schütz, A., Dolling, I. K., Friedinger, K., Hösch, Y., Hügel, J. C., … Röseler, J. J. (2020, July 24). The Stepwise Anchoring Paradigm: Measuring Reliable Components of Anchoring and Adjustment as the Next Step in Moderator Research. https://doi.org/10.31234/osf.io/hjbwp","Röseler et al., 2020","https://osf.io/uac2t/","Weight of a goat (kg)","weight",1,0,0,1,1,1,3,3,50,0,1
"1903",33,1,45,84,686,75686,"Röseler, L., Schütz, A., Dolling, I. K., Friedinger, K., Hösch, Y., Hügel, J. C., … Röseler, J. J. (2020, July 24). The Stepwise Anchoring Paradigm: Measuring Reliable Components of Anchoring and Adjustment as the Next Step in Moderator Research. https://doi.org/10.31234/osf.io/hjbwp","Röseler et al., 2020","https://osf.io/uac2t/","Weight of a hyena (kg)","weight",1,0,0,1,1,1,3,3,60,1,1
"1904",33,1,45,36,686,75686,"Röseler, L., Schütz, A., Dolling, I. K., Friedinger, K., Hösch, Y., Hügel, J. C., … Röseler, J. J. (2020, July 24). The Stepwise Anchoring Paradigm: Measuring Reliable Components of Anchoring and Adjustment as the Next Step in Moderator Research. https://doi.org/10.31234/osf.io/hjbwp","Röseler et al., 2020","https://osf.io/uac2t/","Weight of a warthog (kg)","weight",1,0,0,1,1,1,3,3,60,0,1
"1905",63,2,3,1,687,75687,"Röseler, L., Schütz, A., Dolling, I. K., Friedinger, K., Hösch, Y., Hügel, J. C., … Röseler, J. J. (2020, July 24). The Stepwise Anchoring Paradigm: Measuring Reliable Components of Anchoring and Adjustment as the Next Step in Moderator Research. https://doi.org/10.31234/osf.io/hjbwp","Röseler et al., 2020","https://osf.io/uac2t/","Weight of a rabbit (kg)","weight",1,0,0,1,1,1,3,3,4.5,0,1
"1906",63,2,NA,8,687,75687,"Röseler, L., Schütz, A., Dolling, I. K., Friedinger, K., Hösch, Y., Hügel, J. C., … Röseler, J. J. (2020, July 24). The Stepwise Anchoring Paradigm: Measuring Reliable Components of Anchoring and Adjustment as the Next Step in Moderator Research. https://doi.org/10.31234/osf.io/hjbwp","Röseler et al., 2020","https://osf.io/uac2t/","Weight of a cat (kg)","weight",1,0,0,1,1,1,3,3,4.25,1,1
"1907",63,2,NA,2,687,75687,"Röseler, L., Schütz, A., Dolling, I. K., Friedinger, K., Hösch, Y., Hügel, J. C., … Röseler, J. J. (2020, July 24). The Stepwise Anchoring Paradigm: Measuring Reliable Components of Anchoring and Adjustment as the Next Step in Moderator Research. https://doi.org/10.31234/osf.io/hjbwp","Röseler et al., 2020","https://osf.io/uac2t/","Weight of a fox (kg)","weight",1,0,0,1,1,1,3,3,8,0,1
"1908",63,2,25,14,687,75687,"Röseler, L., Schütz, A., Dolling, I. K., Friedinger, K., Hösch, Y., Hügel, J. C., … Röseler, J. J. (2020, July 24). The Stepwise Anchoring Paradigm: Measuring Reliable Components of Anchoring and Adjustment as the Next Step in Moderator Research. https://doi.org/10.31234/osf.io/hjbwp","Röseler et al., 2020","https://osf.io/uac2t/","Weight of a racoon (kg)","weight",1,0,0,1,1,1,3,3,8,1,1
"1909",63,2,59,4,687,75687,"Röseler, L., Schütz, A., Dolling, I. K., Friedinger, K., Hösch, Y., Hügel, J. C., … Röseler, J. J. (2020, July 24). The Stepwise Anchoring Paradigm: Measuring Reliable Components of Anchoring and Adjustment as the Next Step in Moderator Research. https://doi.org/10.31234/osf.io/hjbwp","Röseler et al., 2020","https://osf.io/uac2t/","Weight of a badger (kg)","weight",1,0,0,1,1,1,3,3,15,0,1
"1910",63,2,19,26,687,75687,"Röseler, L., Schütz, A., Dolling, I. K., Friedinger, K., Hösch, Y., Hügel, J. C., … Röseler, J. J. (2020, July 24). The Stepwise Anchoring Paradigm: Measuring Reliable Components of Anchoring and Adjustment as the Next Step in Moderator Research. https://doi.org/10.31234/osf.io/hjbwp","Röseler et al., 2020","https://osf.io/uac2t/","Weight of a pelican (kg)","weight",1,0,0,1,1,1,3,3,15,1,1
"1911",63,2,26,10,687,75687,"Röseler, L., Schütz, A., Dolling, I. K., Friedinger, K., Hösch, Y., Hügel, J. C., … Röseler, J. J. (2020, July 24). The Stepwise Anchoring Paradigm: Measuring Reliable Components of Anchoring and Adjustment as the Next Step in Moderator Research. https://doi.org/10.31234/osf.io/hjbwp","Röseler et al., 2020","https://osf.io/uac2t/","Weight of a beaver (kg)","weight",1,0,0,1,1,1,3,3,25,0,1
"1912",63,2,30,40,687,75687,"Röseler, L., Schütz, A., Dolling, I. K., Friedinger, K., Hösch, Y., Hügel, J. C., … Röseler, J. J. (2020, July 24). The Stepwise Anchoring Paradigm: Measuring Reliable Components of Anchoring and Adjustment as the Next Step in Moderator Research. https://doi.org/10.31234/osf.io/hjbwp","Röseler et al., 2020","https://osf.io/uac2t/","Weight of a deer (kg)","weight",1,0,0,1,1,1,3,3,25,1,1
"1913",63,2,49,25,687,75687,"Röseler, L., Schütz, A., Dolling, I. K., Friedinger, K., Hösch, Y., Hügel, J. C., … Röseler, J. J. (2020, July 24). The Stepwise Anchoring Paradigm: Measuring Reliable Components of Anchoring and Adjustment as the Next Step in Moderator Research. https://doi.org/10.31234/osf.io/hjbwp","Röseler et al., 2020","https://osf.io/uac2t/","Weight of a wolf (kg)","weight",1,0,0,1,1,1,3,3,50,0,1
"1914",63,2,44,75,687,75687,"Röseler, L., Schütz, A., Dolling, I. K., Friedinger, K., Hösch, Y., Hügel, J. C., … Röseler, J. J. (2020, July 24). The Stepwise Anchoring Paradigm: Measuring Reliable Components of Anchoring and Adjustment as the Next Step in Moderator Research. https://doi.org/10.31234/osf.io/hjbwp","Röseler et al., 2020","https://osf.io/uac2t/","Weight of a goat (kg)","weight",1,0,0,1,1,1,3,3,50,1,1
"1915",63,2,45,36,687,75687,"Röseler, L., Schütz, A., Dolling, I. K., Friedinger, K., Hösch, Y., Hügel, J. C., … Röseler, J. J. (2020, July 24). The Stepwise Anchoring Paradigm: Measuring Reliable Components of Anchoring and Adjustment as the Next Step in Moderator Research. https://doi.org/10.31234/osf.io/hjbwp","Röseler et al., 2020","https://osf.io/uac2t/","Weight of a hyena (kg)","weight",1,0,0,1,1,1,3,3,60,0,1
"1916",63,2,60,84,687,75687,"Röseler, L., Schütz, A., Dolling, I. K., Friedinger, K., Hösch, Y., Hügel, J. C., … Röseler, J. J. (2020, July 24). The Stepwise Anchoring Paradigm: Measuring Reliable Components of Anchoring and Adjustment as the Next Step in Moderator Research. https://doi.org/10.31234/osf.io/hjbwp","Röseler et al., 2020","https://osf.io/uac2t/","Weight of a warthog (kg)","weight",1,0,0,1,1,1,3,3,60,1,1
"1917",25,2,6,1,688,75688,"Röseler, L., Schütz, A., Dolling, I. K., Friedinger, K., Hösch, Y., Hügel, J. C., … Röseler, J. J. (2020, July 24). The Stepwise Anchoring Paradigm: Measuring Reliable Components of Anchoring and Adjustment as the Next Step in Moderator Research. https://doi.org/10.31234/osf.io/hjbwp","Röseler et al., 2020","https://osf.io/uac2t/","Weight of a rabbit (kg)","weight",1,0,0,1,1,1,3,3,4.5,0,1
"1918",25,2,5,8,688,75688,"Röseler, L., Schütz, A., Dolling, I. K., Friedinger, K., Hösch, Y., Hügel, J. C., … Röseler, J. J. (2020, July 24). The Stepwise Anchoring Paradigm: Measuring Reliable Components of Anchoring and Adjustment as the Next Step in Moderator Research. https://doi.org/10.31234/osf.io/hjbwp","Röseler et al., 2020","https://osf.io/uac2t/","Weight of a cat (kg)","weight",1,0,0,1,1,1,3,3,4.25,1,1
"1919",25,2,9,2,688,75688,"Röseler, L., Schütz, A., Dolling, I. K., Friedinger, K., Hösch, Y., Hügel, J. C., … Röseler, J. J. (2020, July 24). The Stepwise Anchoring Paradigm: Measuring Reliable Components of Anchoring and Adjustment as the Next Step in Moderator Research. https://doi.org/10.31234/osf.io/hjbwp","Röseler et al., 2020","https://osf.io/uac2t/","Weight of a fox (kg)","weight",1,0,0,1,1,1,3,3,8,0,1
"1920",25,2,20,14,688,75688,"Röseler, L., Schütz, A., Dolling, I. K., Friedinger, K., Hösch, Y., Hügel, J. C., … Röseler, J. J. (2020, July 24). The Stepwise Anchoring Paradigm: Measuring Reliable Components of Anchoring and Adjustment as the Next Step in Moderator Research. https://doi.org/10.31234/osf.io/hjbwp","Röseler et al., 2020","https://osf.io/uac2t/","Weight of a racoon (kg)","weight",1,0,0,1,1,1,3,3,8,1,1
"1921",25,2,8,4,688,75688,"Röseler, L., Schütz, A., Dolling, I. K., Friedinger, K., Hösch, Y., Hügel, J. C., … Röseler, J. J. (2020, July 24). The Stepwise Anchoring Paradigm: Measuring Reliable Components of Anchoring and Adjustment as the Next Step in Moderator Research. https://doi.org/10.31234/osf.io/hjbwp","Röseler et al., 2020","https://osf.io/uac2t/","Weight of a badger (kg)","weight",1,0,0,1,1,1,3,3,15,0,1
"1922",25,2,19,26,688,75688,"Röseler, L., Schütz, A., Dolling, I. K., Friedinger, K., Hösch, Y., Hügel, J. C., … Röseler, J. J. (2020, July 24). The Stepwise Anchoring Paradigm: Measuring Reliable Components of Anchoring and Adjustment as the Next Step in Moderator Research. https://doi.org/10.31234/osf.io/hjbwp","Röseler et al., 2020","https://osf.io/uac2t/","Weight of a pelican (kg)","weight",1,0,0,1,1,1,3,3,15,1,1
"1923",25,2,14,10,688,75688,"Röseler, L., Schütz, A., Dolling, I. K., Friedinger, K., Hösch, Y., Hügel, J. C., … Röseler, J. J. (2020, July 24). The Stepwise Anchoring Paradigm: Measuring Reliable Components of Anchoring and Adjustment as the Next Step in Moderator Research. https://doi.org/10.31234/osf.io/hjbwp","Röseler et al., 2020","https://osf.io/uac2t/","Weight of a beaver (kg)","weight",1,0,0,1,1,1,3,3,25,0,1
"1924",25,2,35,40,688,75688,"Röseler, L., Schütz, A., Dolling, I. K., Friedinger, K., Hösch, Y., Hügel, J. C., … Röseler, J. J. (2020, July 24). The Stepwise Anchoring Paradigm: Measuring Reliable Components of Anchoring and Adjustment as the Next Step in Moderator Research. https://doi.org/10.31234/osf.io/hjbwp","Röseler et al., 2020","https://osf.io/uac2t/","Weight of a deer (kg)","weight",1,0,0,1,1,1,3,3,25,1,1
"1925",25,2,50,25,688,75688,"Röseler, L., Schütz, A., Dolling, I. K., Friedinger, K., Hösch, Y., Hügel, J. C., … Röseler, J. J. (2020, July 24). The Stepwise Anchoring Paradigm: Measuring Reliable Components of Anchoring and Adjustment as the Next Step in Moderator Research. https://doi.org/10.31234/osf.io/hjbwp","Röseler et al., 2020","https://osf.io/uac2t/","Weight of a wolf (kg)","weight",1,0,0,1,1,1,3,3,50,0,1
"1926",25,2,38,75,688,75688,"Röseler, L., Schütz, A., Dolling, I. K., Friedinger, K., Hösch, Y., Hügel, J. C., … Röseler, J. J. (2020, July 24). The Stepwise Anchoring Paradigm: Measuring Reliable Components of Anchoring and Adjustment as the Next Step in Moderator Research. https://doi.org/10.31234/osf.io/hjbwp","Röseler et al., 2020","https://osf.io/uac2t/","Weight of a goat (kg)","weight",1,0,0,1,1,1,3,3,50,1,1
"1927",25,2,40,36,688,75688,"Röseler, L., Schütz, A., Dolling, I. K., Friedinger, K., Hösch, Y., Hügel, J. C., … Röseler, J. J. (2020, July 24). The Stepwise Anchoring Paradigm: Measuring Reliable Components of Anchoring and Adjustment as the Next Step in Moderator Research. https://doi.org/10.31234/osf.io/hjbwp","Röseler et al., 2020","https://osf.io/uac2t/","Weight of a hyena (kg)","weight",1,0,0,1,1,1,3,3,60,0,1
"1928",25,2,59,84,688,75688,"Röseler, L., Schütz, A., Dolling, I. K., Friedinger, K., Hösch, Y., Hügel, J. C., … Röseler, J. J. (2020, July 24). The Stepwise Anchoring Paradigm: Measuring Reliable Components of Anchoring and Adjustment as the Next Step in Moderator Research. https://doi.org/10.31234/osf.io/hjbwp","Röseler et al., 2020","https://osf.io/uac2t/","Weight of a warthog (kg)","weight",1,0,0,1,1,1,3,3,60,1,1
"1929",25,2,4,8,690,75690,"Röseler, L., Schütz, A., Dolling, I. K., Friedinger, K., Hösch, Y., Hügel, J. C., … Röseler, J. J. (2020, July 24). The Stepwise Anchoring Paradigm: Measuring Reliable Components of Anchoring and Adjustment as the Next Step in Moderator Research. https://doi.org/10.31234/osf.io/hjbwp","Röseler et al., 2020","https://osf.io/uac2t/","Weight of a rabbit (kg)","weight",1,0,0,1,1,1,3,3,4.5,1,1
"1930",25,2,7,1,690,75690,"Röseler, L., Schütz, A., Dolling, I. K., Friedinger, K., Hösch, Y., Hügel, J. C., … Röseler, J. J. (2020, July 24). The Stepwise Anchoring Paradigm: Measuring Reliable Components of Anchoring and Adjustment as the Next Step in Moderator Research. https://doi.org/10.31234/osf.io/hjbwp","Röseler et al., 2020","https://osf.io/uac2t/","Weight of a cat (kg)","weight",1,0,0,1,1,1,3,3,4.25,0,1
"1931",25,2,21,14,690,75690,"Röseler, L., Schütz, A., Dolling, I. K., Friedinger, K., Hösch, Y., Hügel, J. C., … Röseler, J. J. (2020, July 24). The Stepwise Anchoring Paradigm: Measuring Reliable Components of Anchoring and Adjustment as the Next Step in Moderator Research. https://doi.org/10.31234/osf.io/hjbwp","Röseler et al., 2020","https://osf.io/uac2t/","Weight of a fox (kg)","weight",1,0,0,1,1,1,3,3,8,1,1
"1932",25,2,13,2,690,75690,"Röseler, L., Schütz, A., Dolling, I. K., Friedinger, K., Hösch, Y., Hügel, J. C., … Röseler, J. J. (2020, July 24). The Stepwise Anchoring Paradigm: Measuring Reliable Components of Anchoring and Adjustment as the Next Step in Moderator Research. https://doi.org/10.31234/osf.io/hjbwp","Röseler et al., 2020","https://osf.io/uac2t/","Weight of a racoon (kg)","weight",1,0,0,1,1,1,3,3,8,0,1
"1933",25,2,24,26,690,75690,"Röseler, L., Schütz, A., Dolling, I. K., Friedinger, K., Hösch, Y., Hügel, J. C., … Röseler, J. J. (2020, July 24). The Stepwise Anchoring Paradigm: Measuring Reliable Components of Anchoring and Adjustment as the Next Step in Moderator Research. https://doi.org/10.31234/osf.io/hjbwp","Röseler et al., 2020","https://osf.io/uac2t/","Weight of a badger (kg)","weight",1,0,0,1,1,1,3,3,15,1,1
"1934",25,2,22,4,690,75690,"Röseler, L., Schütz, A., Dolling, I. K., Friedinger, K., Hösch, Y., Hügel, J. C., … Röseler, J. J. (2020, July 24). The Stepwise Anchoring Paradigm: Measuring Reliable Components of Anchoring and Adjustment as the Next Step in Moderator Research. https://doi.org/10.31234/osf.io/hjbwp","Röseler et al., 2020","https://osf.io/uac2t/","Weight of a pelican (kg)","weight",1,0,0,1,1,1,3,3,15,0,1
"1935",25,2,20,40,690,75690,"Röseler, L., Schütz, A., Dolling, I. K., Friedinger, K., Hösch, Y., Hügel, J. C., … Röseler, J. J. (2020, July 24). The Stepwise Anchoring Paradigm: Measuring Reliable Components of Anchoring and Adjustment as the Next Step in Moderator Research. https://doi.org/10.31234/osf.io/hjbwp","Röseler et al., 2020","https://osf.io/uac2t/","Weight of a beaver (kg)","weight",1,0,0,1,1,1,3,3,25,1,1
"1936",25,2,32,10,690,75690,"Röseler, L., Schütz, A., Dolling, I. K., Friedinger, K., Hösch, Y., Hügel, J. C., … Röseler, J. J. (2020, July 24). The Stepwise Anchoring Paradigm: Measuring Reliable Components of Anchoring and Adjustment as the Next Step in Moderator Research. https://doi.org/10.31234/osf.io/hjbwp","Röseler et al., 2020","https://osf.io/uac2t/","Weight of a deer (kg)","weight",1,0,0,1,1,1,3,3,25,0,1
"1937",25,2,56,75,690,75690,"Röseler, L., Schütz, A., Dolling, I. K., Friedinger, K., Hösch, Y., Hügel, J. C., … Röseler, J. J. (2020, July 24). The Stepwise Anchoring Paradigm: Measuring Reliable Components of Anchoring and Adjustment as the Next Step in Moderator Research. https://doi.org/10.31234/osf.io/hjbwp","Röseler et al., 2020","https://osf.io/uac2t/","Weight of a wolf (kg)","weight",1,0,0,1,1,1,3,3,50,1,1
"1938",25,2,39,25,690,75690,"Röseler, L., Schütz, A., Dolling, I. K., Friedinger, K., Hösch, Y., Hügel, J. C., … Röseler, J. J. (2020, July 24). The Stepwise Anchoring Paradigm: Measuring Reliable Components of Anchoring and Adjustment as the Next Step in Moderator Research. https://doi.org/10.31234/osf.io/hjbwp","Röseler et al., 2020","https://osf.io/uac2t/","Weight of a goat (kg)","weight",1,0,0,1,1,1,3,3,50,0,1
"1939",25,2,45,84,690,75690,"Röseler, L., Schütz, A., Dolling, I. K., Friedinger, K., Hösch, Y., Hügel, J. C., … Röseler, J. J. (2020, July 24). The Stepwise Anchoring Paradigm: Measuring Reliable Components of Anchoring and Adjustment as the Next Step in Moderator Research. https://doi.org/10.31234/osf.io/hjbwp","Röseler et al., 2020","https://osf.io/uac2t/","Weight of a hyena (kg)","weight",1,0,0,1,1,1,3,3,60,1,1
"1940",25,2,47,36,690,75690,"Röseler, L., Schütz, A., Dolling, I. K., Friedinger, K., Hösch, Y., Hügel, J. C., … Röseler, J. J. (2020, July 24). The Stepwise Anchoring Paradigm: Measuring Reliable Components of Anchoring and Adjustment as the Next Step in Moderator Research. https://doi.org/10.31234/osf.io/hjbwp","Röseler et al., 2020","https://osf.io/uac2t/","Weight of a warthog (kg)","weight",1,0,0,1,1,1,3,3,60,0,1
"1941",63,2,3,8,691,75691,"Röseler, L., Schütz, A., Dolling, I. K., Friedinger, K., Hösch, Y., Hügel, J. C., … Röseler, J. J. (2020, July 24). The Stepwise Anchoring Paradigm: Measuring Reliable Components of Anchoring and Adjustment as the Next Step in Moderator Research. https://doi.org/10.31234/osf.io/hjbwp","Röseler et al., 2020","https://osf.io/uac2t/","Weight of a rabbit (kg)","weight",1,0,0,1,1,1,3,3,4.5,1,1
"1942",63,2,7,1,691,75691,"Röseler, L., Schütz, A., Dolling, I. K., Friedinger, K., Hösch, Y., Hügel, J. C., … Röseler, J. J. (2020, July 24). The Stepwise Anchoring Paradigm: Measuring Reliable Components of Anchoring and Adjustment as the Next Step in Moderator Research. https://doi.org/10.31234/osf.io/hjbwp","Röseler et al., 2020","https://osf.io/uac2t/","Weight of a cat (kg)","weight",1,0,0,1,1,1,3,3,4.25,0,1
"1943",63,2,10,14,691,75691,"Röseler, L., Schütz, A., Dolling, I. K., Friedinger, K., Hösch, Y., Hügel, J. C., … Röseler, J. J. (2020, July 24). The Stepwise Anchoring Paradigm: Measuring Reliable Components of Anchoring and Adjustment as the Next Step in Moderator Research. https://doi.org/10.31234/osf.io/hjbwp","Röseler et al., 2020","https://osf.io/uac2t/","Weight of a fox (kg)","weight",1,0,0,1,1,1,3,3,8,1,1
"1944",63,2,23,2,691,75691,"Röseler, L., Schütz, A., Dolling, I. K., Friedinger, K., Hösch, Y., Hügel, J. C., … Röseler, J. J. (2020, July 24). The Stepwise Anchoring Paradigm: Measuring Reliable Components of Anchoring and Adjustment as the Next Step in Moderator Research. https://doi.org/10.31234/osf.io/hjbwp","Röseler et al., 2020","https://osf.io/uac2t/","Weight of a racoon (kg)","weight",1,0,0,1,1,1,3,3,8,0,1
"1945",63,2,12,26,691,75691,"Röseler, L., Schütz, A., Dolling, I. K., Friedinger, K., Hösch, Y., Hügel, J. C., … Röseler, J. J. (2020, July 24). The Stepwise Anchoring Paradigm: Measuring Reliable Components of Anchoring and Adjustment as the Next Step in Moderator Research. https://doi.org/10.31234/osf.io/hjbwp","Röseler et al., 2020","https://osf.io/uac2t/","Weight of a badger (kg)","weight",1,0,0,1,1,1,3,3,15,1,1
"1946",63,2,11,4,691,75691,"Röseler, L., Schütz, A., Dolling, I. K., Friedinger, K., Hösch, Y., Hügel, J. C., … Röseler, J. J. (2020, July 24). The Stepwise Anchoring Paradigm: Measuring Reliable Components of Anchoring and Adjustment as the Next Step in Moderator Research. https://doi.org/10.31234/osf.io/hjbwp","Röseler et al., 2020","https://osf.io/uac2t/","Weight of a pelican (kg)","weight",1,0,0,1,1,1,3,3,15,0,1
"1947",63,2,25,40,691,75691,"Röseler, L., Schütz, A., Dolling, I. K., Friedinger, K., Hösch, Y., Hügel, J. C., … Röseler, J. J. (2020, July 24). The Stepwise Anchoring Paradigm: Measuring Reliable Components of Anchoring and Adjustment as the Next Step in Moderator Research. https://doi.org/10.31234/osf.io/hjbwp","Röseler et al., 2020","https://osf.io/uac2t/","Weight of a beaver (kg)","weight",1,0,0,1,1,1,3,3,25,1,1
"1948",63,2,25,10,691,75691,"Röseler, L., Schütz, A., Dolling, I. K., Friedinger, K., Hösch, Y., Hügel, J. C., … Röseler, J. J. (2020, July 24). The Stepwise Anchoring Paradigm: Measuring Reliable Components of Anchoring and Adjustment as the Next Step in Moderator Research. https://doi.org/10.31234/osf.io/hjbwp","Röseler et al., 2020","https://osf.io/uac2t/","Weight of a deer (kg)","weight",1,0,0,1,1,1,3,3,25,0,1
"1949",63,2,46,75,691,75691,"Röseler, L., Schütz, A., Dolling, I. K., Friedinger, K., Hösch, Y., Hügel, J. C., … Röseler, J. J. (2020, July 24). The Stepwise Anchoring Paradigm: Measuring Reliable Components of Anchoring and Adjustment as the Next Step in Moderator Research. https://doi.org/10.31234/osf.io/hjbwp","Röseler et al., 2020","https://osf.io/uac2t/","Weight of a wolf (kg)","weight",1,0,0,1,1,1,3,3,50,1,1
"1950",63,2,35,25,691,75691,"Röseler, L., Schütz, A., Dolling, I. K., Friedinger, K., Hösch, Y., Hügel, J. C., … Röseler, J. J. (2020, July 24). The Stepwise Anchoring Paradigm: Measuring Reliable Components of Anchoring and Adjustment as the Next Step in Moderator Research. https://doi.org/10.31234/osf.io/hjbwp","Röseler et al., 2020","https://osf.io/uac2t/","Weight of a goat (kg)","weight",1,0,0,1,1,1,3,3,50,0,1
"1951",63,2,44,84,691,75691,"Röseler, L., Schütz, A., Dolling, I. K., Friedinger, K., Hösch, Y., Hügel, J. C., … Röseler, J. J. (2020, July 24). The Stepwise Anchoring Paradigm: Measuring Reliable Components of Anchoring and Adjustment as the Next Step in Moderator Research. https://doi.org/10.31234/osf.io/hjbwp","Röseler et al., 2020","https://osf.io/uac2t/","Weight of a hyena (kg)","weight",1,0,0,1,1,1,3,3,60,1,1
"1952",63,2,51,36,691,75691,"Röseler, L., Schütz, A., Dolling, I. K., Friedinger, K., Hösch, Y., Hügel, J. C., … Röseler, J. J. (2020, July 24). The Stepwise Anchoring Paradigm: Measuring Reliable Components of Anchoring and Adjustment as the Next Step in Moderator Research. https://doi.org/10.31234/osf.io/hjbwp","Röseler et al., 2020","https://osf.io/uac2t/","Weight of a warthog (kg)","weight",1,0,0,1,1,1,3,3,60,0,1
"1953",30,1,4,1,692,75692,"Röseler, L., Schütz, A., Dolling, I. K., Friedinger, K., Hösch, Y., Hügel, J. C., … Röseler, J. J. (2020, July 24). The Stepwise Anchoring Paradigm: Measuring Reliable Components of Anchoring and Adjustment as the Next Step in Moderator Research. https://doi.org/10.31234/osf.io/hjbwp","Röseler et al., 2020","https://osf.io/uac2t/","Weight of a rabbit (kg)","weight",1,0,0,1,1,1,3,3,4.5,0,1
"1954",30,1,4,8,692,75692,"Röseler, L., Schütz, A., Dolling, I. K., Friedinger, K., Hösch, Y., Hügel, J. C., … Röseler, J. J. (2020, July 24). The Stepwise Anchoring Paradigm: Measuring Reliable Components of Anchoring and Adjustment as the Next Step in Moderator Research. https://doi.org/10.31234/osf.io/hjbwp","Röseler et al., 2020","https://osf.io/uac2t/","Weight of a cat (kg)","weight",1,0,0,1,1,1,3,3,4.25,1,1
"1955",30,1,22,2,692,75692,"Röseler, L., Schütz, A., Dolling, I. K., Friedinger, K., Hösch, Y., Hügel, J. C., … Röseler, J. J. (2020, July 24). The Stepwise Anchoring Paradigm: Measuring Reliable Components of Anchoring and Adjustment as the Next Step in Moderator Research. https://doi.org/10.31234/osf.io/hjbwp","Röseler et al., 2020","https://osf.io/uac2t/","Weight of a fox (kg)","weight",1,0,0,1,1,1,3,3,8,0,1
"1956",30,1,19,14,692,75692,"Röseler, L., Schütz, A., Dolling, I. K., Friedinger, K., Hösch, Y., Hügel, J. C., … Röseler, J. J. (2020, July 24). The Stepwise Anchoring Paradigm: Measuring Reliable Components of Anchoring and Adjustment as the Next Step in Moderator Research. https://doi.org/10.31234/osf.io/hjbwp","Röseler et al., 2020","https://osf.io/uac2t/","Weight of a racoon (kg)","weight",1,0,0,1,1,1,3,3,8,1,1
"1957",30,1,10,4,692,75692,"Röseler, L., Schütz, A., Dolling, I. K., Friedinger, K., Hösch, Y., Hügel, J. C., … Röseler, J. J. (2020, July 24). The Stepwise Anchoring Paradigm: Measuring Reliable Components of Anchoring and Adjustment as the Next Step in Moderator Research. https://doi.org/10.31234/osf.io/hjbwp","Röseler et al., 2020","https://osf.io/uac2t/","Weight of a badger (kg)","weight",1,0,0,1,1,1,3,3,15,0,1
"1958",30,1,14,26,692,75692,"Röseler, L., Schütz, A., Dolling, I. K., Friedinger, K., Hösch, Y., Hügel, J. C., … Röseler, J. J. (2020, July 24). The Stepwise Anchoring Paradigm: Measuring Reliable Components of Anchoring and Adjustment as the Next Step in Moderator Research. https://doi.org/10.31234/osf.io/hjbwp","Röseler et al., 2020","https://osf.io/uac2t/","Weight of a pelican (kg)","weight",1,0,0,1,1,1,3,3,15,1,1
"1959",30,1,7,10,692,75692,"Röseler, L., Schütz, A., Dolling, I. K., Friedinger, K., Hösch, Y., Hügel, J. C., … Röseler, J. J. (2020, July 24). The Stepwise Anchoring Paradigm: Measuring Reliable Components of Anchoring and Adjustment as the Next Step in Moderator Research. https://doi.org/10.31234/osf.io/hjbwp","Röseler et al., 2020","https://osf.io/uac2t/","Weight of a beaver (kg)","weight",1,0,0,1,1,1,3,3,25,0,1
"1960",30,1,29,40,692,75692,"Röseler, L., Schütz, A., Dolling, I. K., Friedinger, K., Hösch, Y., Hügel, J. C., … Röseler, J. J. (2020, July 24). The Stepwise Anchoring Paradigm: Measuring Reliable Components of Anchoring and Adjustment as the Next Step in Moderator Research. https://doi.org/10.31234/osf.io/hjbwp","Röseler et al., 2020","https://osf.io/uac2t/","Weight of a deer (kg)","weight",1,0,0,1,1,1,3,3,25,1,1
"1961",30,1,42,25,692,75692,"Röseler, L., Schütz, A., Dolling, I. K., Friedinger, K., Hösch, Y., Hügel, J. C., … Röseler, J. J. (2020, July 24). The Stepwise Anchoring Paradigm: Measuring Reliable Components of Anchoring and Adjustment as the Next Step in Moderator Research. https://doi.org/10.31234/osf.io/hjbwp","Röseler et al., 2020","https://osf.io/uac2t/","Weight of a wolf (kg)","weight",1,0,0,1,1,1,3,3,50,0,1
"1962",30,1,49,75,692,75692,"Röseler, L., Schütz, A., Dolling, I. K., Friedinger, K., Hösch, Y., Hügel, J. C., … Röseler, J. J. (2020, July 24). The Stepwise Anchoring Paradigm: Measuring Reliable Components of Anchoring and Adjustment as the Next Step in Moderator Research. https://doi.org/10.31234/osf.io/hjbwp","Röseler et al., 2020","https://osf.io/uac2t/","Weight of a goat (kg)","weight",1,0,0,1,1,1,3,3,50,1,1
"1963",30,1,32,36,692,75692,"Röseler, L., Schütz, A., Dolling, I. K., Friedinger, K., Hösch, Y., Hügel, J. C., … Röseler, J. J. (2020, July 24). The Stepwise Anchoring Paradigm: Measuring Reliable Components of Anchoring and Adjustment as the Next Step in Moderator Research. https://doi.org/10.31234/osf.io/hjbwp","Röseler et al., 2020","https://osf.io/uac2t/","Weight of a hyena (kg)","weight",1,0,0,1,1,1,3,3,60,0,1
"1964",30,1,89,84,692,75692,"Röseler, L., Schütz, A., Dolling, I. K., Friedinger, K., Hösch, Y., Hügel, J. C., … Röseler, J. J. (2020, July 24). The Stepwise Anchoring Paradigm: Measuring Reliable Components of Anchoring and Adjustment as the Next Step in Moderator Research. https://doi.org/10.31234/osf.io/hjbwp","Röseler et al., 2020","https://osf.io/uac2t/","Weight of a warthog (kg)","weight",1,0,0,1,1,1,3,3,60,1,1
"1965",18,1,6,8,694,75694,"Röseler, L., Schütz, A., Dolling, I. K., Friedinger, K., Hösch, Y., Hügel, J. C., … Röseler, J. J. (2020, July 24). The Stepwise Anchoring Paradigm: Measuring Reliable Components of Anchoring and Adjustment as the Next Step in Moderator Research. https://doi.org/10.31234/osf.io/hjbwp","Röseler et al., 2020","https://osf.io/uac2t/","Weight of a rabbit (kg)","weight",1,0,0,1,1,1,3,3,4.5,1,1
"1966",18,1,8,1,694,75694,"Röseler, L., Schütz, A., Dolling, I. K., Friedinger, K., Hösch, Y., Hügel, J. C., … Röseler, J. J. (2020, July 24). The Stepwise Anchoring Paradigm: Measuring Reliable Components of Anchoring and Adjustment as the Next Step in Moderator Research. https://doi.org/10.31234/osf.io/hjbwp","Röseler et al., 2020","https://osf.io/uac2t/","Weight of a cat (kg)","weight",1,0,0,1,1,1,3,3,4.25,0,1
"1967",18,1,13,14,694,75694,"Röseler, L., Schütz, A., Dolling, I. K., Friedinger, K., Hösch, Y., Hügel, J. C., … Röseler, J. J. (2020, July 24). The Stepwise Anchoring Paradigm: Measuring Reliable Components of Anchoring and Adjustment as the Next Step in Moderator Research. https://doi.org/10.31234/osf.io/hjbwp","Röseler et al., 2020","https://osf.io/uac2t/","Weight of a fox (kg)","weight",1,0,0,1,1,1,3,3,8,1,1
"1968",18,1,17,2,694,75694,"Röseler, L., Schütz, A., Dolling, I. K., Friedinger, K., Hösch, Y., Hügel, J. C., … Röseler, J. J. (2020, July 24). The Stepwise Anchoring Paradigm: Measuring Reliable Components of Anchoring and Adjustment as the Next Step in Moderator Research. https://doi.org/10.31234/osf.io/hjbwp","Röseler et al., 2020","https://osf.io/uac2t/","Weight of a racoon (kg)","weight",1,0,0,1,1,1,3,3,8,0,1
"1969",18,1,20,26,694,75694,"Röseler, L., Schütz, A., Dolling, I. K., Friedinger, K., Hösch, Y., Hügel, J. C., … Röseler, J. J. (2020, July 24). The Stepwise Anchoring Paradigm: Measuring Reliable Components of Anchoring and Adjustment as the Next Step in Moderator Research. https://doi.org/10.31234/osf.io/hjbwp","Röseler et al., 2020","https://osf.io/uac2t/","Weight of a badger (kg)","weight",1,0,0,1,1,1,3,3,15,1,1
"1970",18,1,7,4,694,75694,"Röseler, L., Schütz, A., Dolling, I. K., Friedinger, K., Hösch, Y., Hügel, J. C., … Röseler, J. J. (2020, July 24). The Stepwise Anchoring Paradigm: Measuring Reliable Components of Anchoring and Adjustment as the Next Step in Moderator Research. https://doi.org/10.31234/osf.io/hjbwp","Röseler et al., 2020","https://osf.io/uac2t/","Weight of a pelican (kg)","weight",1,0,0,1,1,1,3,3,15,0,1
"1971",18,1,17,40,694,75694,"Röseler, L., Schütz, A., Dolling, I. K., Friedinger, K., Hösch, Y., Hügel, J. C., … Röseler, J. J. (2020, July 24). The Stepwise Anchoring Paradigm: Measuring Reliable Components of Anchoring and Adjustment as the Next Step in Moderator Research. https://doi.org/10.31234/osf.io/hjbwp","Röseler et al., 2020","https://osf.io/uac2t/","Weight of a beaver (kg)","weight",1,0,0,1,1,1,3,3,25,1,1
"1972",18,1,53,10,694,75694,"Röseler, L., Schütz, A., Dolling, I. K., Friedinger, K., Hösch, Y., Hügel, J. C., … Röseler, J. J. (2020, July 24). The Stepwise Anchoring Paradigm: Measuring Reliable Components of Anchoring and Adjustment as the Next Step in Moderator Research. https://doi.org/10.31234/osf.io/hjbwp","Röseler et al., 2020","https://osf.io/uac2t/","Weight of a deer (kg)","weight",1,0,0,1,1,1,3,3,25,0,1
"1973",18,1,60,75,694,75694,"Röseler, L., Schütz, A., Dolling, I. K., Friedinger, K., Hösch, Y., Hügel, J. C., … Röseler, J. J. (2020, July 24). The Stepwise Anchoring Paradigm: Measuring Reliable Components of Anchoring and Adjustment as the Next Step in Moderator Research. https://doi.org/10.31234/osf.io/hjbwp","Röseler et al., 2020","https://osf.io/uac2t/","Weight of a wolf (kg)","weight",1,0,0,1,1,1,3,3,50,1,1
"1974",18,1,49,25,694,75694,"Röseler, L., Schütz, A., Dolling, I. K., Friedinger, K., Hösch, Y., Hügel, J. C., … Röseler, J. J. (2020, July 24). The Stepwise Anchoring Paradigm: Measuring Reliable Components of Anchoring and Adjustment as the Next Step in Moderator Research. https://doi.org/10.31234/osf.io/hjbwp","Röseler et al., 2020","https://osf.io/uac2t/","Weight of a goat (kg)","weight",1,0,0,1,1,1,3,3,50,0,1
"1975",18,1,63,84,694,75694,"Röseler, L., Schütz, A., Dolling, I. K., Friedinger, K., Hösch, Y., Hügel, J. C., … Röseler, J. J. (2020, July 24). The Stepwise Anchoring Paradigm: Measuring Reliable Components of Anchoring and Adjustment as the Next Step in Moderator Research. https://doi.org/10.31234/osf.io/hjbwp","Röseler et al., 2020","https://osf.io/uac2t/","Weight of a hyena (kg)","weight",1,0,0,1,1,1,3,3,60,1,1
"1976",18,1,47,36,694,75694,"Röseler, L., Schütz, A., Dolling, I. K., Friedinger, K., Hösch, Y., Hügel, J. C., … Röseler, J. J. (2020, July 24). The Stepwise Anchoring Paradigm: Measuring Reliable Components of Anchoring and Adjustment as the Next Step in Moderator Research. https://doi.org/10.31234/osf.io/hjbwp","Röseler et al., 2020","https://osf.io/uac2t/","Weight of a warthog (kg)","weight",1,0,0,1,1,1,3,3,60,0,1
"1977",54,1,3,1,697,75697,"Röseler, L., Schütz, A., Dolling, I. K., Friedinger, K., Hösch, Y., Hügel, J. C., … Röseler, J. J. (2020, July 24). The Stepwise Anchoring Paradigm: Measuring Reliable Components of Anchoring and Adjustment as the Next Step in Moderator Research. https://doi.org/10.31234/osf.io/hjbwp","Röseler et al., 2020","https://osf.io/uac2t/","Weight of a rabbit (kg)","weight",1,0,0,1,1,1,3,3,4.5,0,1
"1978",54,1,4,8,697,75697,"Röseler, L., Schütz, A., Dolling, I. K., Friedinger, K., Hösch, Y., Hügel, J. C., … Röseler, J. J. (2020, July 24). The Stepwise Anchoring Paradigm: Measuring Reliable Components of Anchoring and Adjustment as the Next Step in Moderator Research. https://doi.org/10.31234/osf.io/hjbwp","Röseler et al., 2020","https://osf.io/uac2t/","Weight of a cat (kg)","weight",1,0,0,1,1,1,3,3,4.25,1,1
"1979",54,1,8,2,697,75697,"Röseler, L., Schütz, A., Dolling, I. K., Friedinger, K., Hösch, Y., Hügel, J. C., … Röseler, J. J. (2020, July 24). The Stepwise Anchoring Paradigm: Measuring Reliable Components of Anchoring and Adjustment as the Next Step in Moderator Research. https://doi.org/10.31234/osf.io/hjbwp","Röseler et al., 2020","https://osf.io/uac2t/","Weight of a fox (kg)","weight",1,0,0,1,1,1,3,3,8,0,1
"1980",54,1,6,14,697,75697,"Röseler, L., Schütz, A., Dolling, I. K., Friedinger, K., Hösch, Y., Hügel, J. C., … Röseler, J. J. (2020, July 24). The Stepwise Anchoring Paradigm: Measuring Reliable Components of Anchoring and Adjustment as the Next Step in Moderator Research. https://doi.org/10.31234/osf.io/hjbwp","Röseler et al., 2020","https://osf.io/uac2t/","Weight of a racoon (kg)","weight",1,0,0,1,1,1,3,3,8,1,1
"1981",54,1,10,4,697,75697,"Röseler, L., Schütz, A., Dolling, I. K., Friedinger, K., Hösch, Y., Hügel, J. C., … Röseler, J. J. (2020, July 24). The Stepwise Anchoring Paradigm: Measuring Reliable Components of Anchoring and Adjustment as the Next Step in Moderator Research. https://doi.org/10.31234/osf.io/hjbwp","Röseler et al., 2020","https://osf.io/uac2t/","Weight of a badger (kg)","weight",1,0,0,1,1,1,3,3,15,0,1
"1982",54,1,10,26,697,75697,"Röseler, L., Schütz, A., Dolling, I. K., Friedinger, K., Hösch, Y., Hügel, J. C., … Röseler, J. J. (2020, July 24). The Stepwise Anchoring Paradigm: Measuring Reliable Components of Anchoring and Adjustment as the Next Step in Moderator Research. https://doi.org/10.31234/osf.io/hjbwp","Röseler et al., 2020","https://osf.io/uac2t/","Weight of a pelican (kg)","weight",1,0,0,1,1,1,3,3,15,1,1
"1983",54,1,20,10,697,75697,"Röseler, L., Schütz, A., Dolling, I. K., Friedinger, K., Hösch, Y., Hügel, J. C., … Röseler, J. J. (2020, July 24). The Stepwise Anchoring Paradigm: Measuring Reliable Components of Anchoring and Adjustment as the Next Step in Moderator Research. https://doi.org/10.31234/osf.io/hjbwp","Röseler et al., 2020","https://osf.io/uac2t/","Weight of a beaver (kg)","weight",1,0,0,1,1,1,3,3,25,0,1
"1984",54,1,20,40,697,75697,"Röseler, L., Schütz, A., Dolling, I. K., Friedinger, K., Hösch, Y., Hügel, J. C., … Röseler, J. J. (2020, July 24). The Stepwise Anchoring Paradigm: Measuring Reliable Components of Anchoring and Adjustment as the Next Step in Moderator Research. https://doi.org/10.31234/osf.io/hjbwp","Röseler et al., 2020","https://osf.io/uac2t/","Weight of a deer (kg)","weight",1,0,0,1,1,1,3,3,25,1,1
"1985",54,1,30,25,697,75697,"Röseler, L., Schütz, A., Dolling, I. K., Friedinger, K., Hösch, Y., Hügel, J. C., … Röseler, J. J. (2020, July 24). The Stepwise Anchoring Paradigm: Measuring Reliable Components of Anchoring and Adjustment as the Next Step in Moderator Research. https://doi.org/10.31234/osf.io/hjbwp","Röseler et al., 2020","https://osf.io/uac2t/","Weight of a wolf (kg)","weight",1,0,0,1,1,1,3,3,50,0,1
"1986",54,1,50,75,697,75697,"Röseler, L., Schütz, A., Dolling, I. K., Friedinger, K., Hösch, Y., Hügel, J. C., … Röseler, J. J. (2020, July 24). The Stepwise Anchoring Paradigm: Measuring Reliable Components of Anchoring and Adjustment as the Next Step in Moderator Research. https://doi.org/10.31234/osf.io/hjbwp","Röseler et al., 2020","https://osf.io/uac2t/","Weight of a goat (kg)","weight",1,0,0,1,1,1,3,3,50,1,1
"1987",54,1,50,36,697,75697,"Röseler, L., Schütz, A., Dolling, I. K., Friedinger, K., Hösch, Y., Hügel, J. C., … Röseler, J. J. (2020, July 24). The Stepwise Anchoring Paradigm: Measuring Reliable Components of Anchoring and Adjustment as the Next Step in Moderator Research. https://doi.org/10.31234/osf.io/hjbwp","Röseler et al., 2020","https://osf.io/uac2t/","Weight of a hyena (kg)","weight",1,0,0,1,1,1,3,3,60,0,1
"1988",54,1,99,84,697,75697,"Röseler, L., Schütz, A., Dolling, I. K., Friedinger, K., Hösch, Y., Hügel, J. C., … Röseler, J. J. (2020, July 24). The Stepwise Anchoring Paradigm: Measuring Reliable Components of Anchoring and Adjustment as the Next Step in Moderator Research. https://doi.org/10.31234/osf.io/hjbwp","Röseler et al., 2020","https://osf.io/uac2t/","Weight of a warthog (kg)","weight",1,0,0,1,1,1,3,3,60,1,1
"1989",21,2,34,1,698,75698,"Röseler, L., Schütz, A., Dolling, I. K., Friedinger, K., Hösch, Y., Hügel, J. C., … Röseler, J. J. (2020, July 24). The Stepwise Anchoring Paradigm: Measuring Reliable Components of Anchoring and Adjustment as the Next Step in Moderator Research. https://doi.org/10.31234/osf.io/hjbwp","Röseler et al., 2020","https://osf.io/uac2t/","Weight of a rabbit (kg)","weight",1,0,0,1,1,1,3,3,4.5,0,1
"1990",21,2,3,8,698,75698,"Röseler, L., Schütz, A., Dolling, I. K., Friedinger, K., Hösch, Y., Hügel, J. C., … Röseler, J. J. (2020, July 24). The Stepwise Anchoring Paradigm: Measuring Reliable Components of Anchoring and Adjustment as the Next Step in Moderator Research. https://doi.org/10.31234/osf.io/hjbwp","Röseler et al., 2020","https://osf.io/uac2t/","Weight of a cat (kg)","weight",1,0,0,1,1,1,3,3,4.25,1,1
"1991",21,2,36,2,698,75698,"Röseler, L., Schütz, A., Dolling, I. K., Friedinger, K., Hösch, Y., Hügel, J. C., … Röseler, J. J. (2020, July 24). The Stepwise Anchoring Paradigm: Measuring Reliable Components of Anchoring and Adjustment as the Next Step in Moderator Research. https://doi.org/10.31234/osf.io/hjbwp","Röseler et al., 2020","https://osf.io/uac2t/","Weight of a fox (kg)","weight",1,0,0,1,1,1,3,3,8,0,1
"1992",21,2,18,14,698,75698,"Röseler, L., Schütz, A., Dolling, I. K., Friedinger, K., Hösch, Y., Hügel, J. C., … Röseler, J. J. (2020, July 24). The Stepwise Anchoring Paradigm: Measuring Reliable Components of Anchoring and Adjustment as the Next Step in Moderator Research. https://doi.org/10.31234/osf.io/hjbwp","Röseler et al., 2020","https://osf.io/uac2t/","Weight of a racoon (kg)","weight",1,0,0,1,1,1,3,3,8,1,1
"1993",21,2,16,4,698,75698,"Röseler, L., Schütz, A., Dolling, I. K., Friedinger, K., Hösch, Y., Hügel, J. C., … Röseler, J. J. (2020, July 24). The Stepwise Anchoring Paradigm: Measuring Reliable Components of Anchoring and Adjustment as the Next Step in Moderator Research. https://doi.org/10.31234/osf.io/hjbwp","Röseler et al., 2020","https://osf.io/uac2t/","Weight of a badger (kg)","weight",1,0,0,1,1,1,3,3,15,0,1
"1994",21,2,17,26,698,75698,"Röseler, L., Schütz, A., Dolling, I. K., Friedinger, K., Hösch, Y., Hügel, J. C., … Röseler, J. J. (2020, July 24). The Stepwise Anchoring Paradigm: Measuring Reliable Components of Anchoring and Adjustment as the Next Step in Moderator Research. https://doi.org/10.31234/osf.io/hjbwp","Röseler et al., 2020","https://osf.io/uac2t/","Weight of a pelican (kg)","weight",1,0,0,1,1,1,3,3,15,1,1
"1995",21,2,21,10,698,75698,"Röseler, L., Schütz, A., Dolling, I. K., Friedinger, K., Hösch, Y., Hügel, J. C., … Röseler, J. J. (2020, July 24). The Stepwise Anchoring Paradigm: Measuring Reliable Components of Anchoring and Adjustment as the Next Step in Moderator Research. https://doi.org/10.31234/osf.io/hjbwp","Röseler et al., 2020","https://osf.io/uac2t/","Weight of a beaver (kg)","weight",1,0,0,1,1,1,3,3,25,0,1
"1996",21,2,29,40,698,75698,"Röseler, L., Schütz, A., Dolling, I. K., Friedinger, K., Hösch, Y., Hügel, J. C., … Röseler, J. J. (2020, July 24). The Stepwise Anchoring Paradigm: Measuring Reliable Components of Anchoring and Adjustment as the Next Step in Moderator Research. https://doi.org/10.31234/osf.io/hjbwp","Röseler et al., 2020","https://osf.io/uac2t/","Weight of a deer (kg)","weight",1,0,0,1,1,1,3,3,25,1,1
"1997",21,2,64,25,698,75698,"Röseler, L., Schütz, A., Dolling, I. K., Friedinger, K., Hösch, Y., Hügel, J. C., … Röseler, J. J. (2020, July 24). The Stepwise Anchoring Paradigm: Measuring Reliable Components of Anchoring and Adjustment as the Next Step in Moderator Research. https://doi.org/10.31234/osf.io/hjbwp","Röseler et al., 2020","https://osf.io/uac2t/","Weight of a wolf (kg)","weight",1,0,0,1,1,1,3,3,50,0,1
"1998",21,2,44,75,698,75698,"Röseler, L., Schütz, A., Dolling, I. K., Friedinger, K., Hösch, Y., Hügel, J. C., … Röseler, J. J. (2020, July 24). The Stepwise Anchoring Paradigm: Measuring Reliable Components of Anchoring and Adjustment as the Next Step in Moderator Research. https://doi.org/10.31234/osf.io/hjbwp","Röseler et al., 2020","https://osf.io/uac2t/","Weight of a goat (kg)","weight",1,0,0,1,1,1,3,3,50,1,1
"1999",21,2,67,36,698,75698,"Röseler, L., Schütz, A., Dolling, I. K., Friedinger, K., Hösch, Y., Hügel, J. C., … Röseler, J. J. (2020, July 24). The Stepwise Anchoring Paradigm: Measuring Reliable Components of Anchoring and Adjustment as the Next Step in Moderator Research. https://doi.org/10.31234/osf.io/hjbwp","Röseler et al., 2020","https://osf.io/uac2t/","Weight of a hyena (kg)","weight",1,0,0,1,1,1,3,3,60,0,1
"2000",21,2,70,84,698,75698,"Röseler, L., Schütz, A., Dolling, I. K., Friedinger, K., Hösch, Y., Hügel, J. C., … Röseler, J. J. (2020, July 24). The Stepwise Anchoring Paradigm: Measuring Reliable Components of Anchoring and Adjustment as the Next Step in Moderator Research. https://doi.org/10.31234/osf.io/hjbwp","Röseler et al., 2020","https://osf.io/uac2t/","Weight of a warthog (kg)","weight",1,0,0,1,1,1,3,3,60,1,1
