id,reference,reference_short,participant_id,sex,age,anchoring_item,true_value,anchor,anchorhigh,estimate,tasktype,direction,incentive,comparative_question,experiment_type,stimulitype,sampletype,scaletype,anchortype,published,preregistered
95001,Milstein and Halali (in prep),Milstein and Halali (in prep; Study1),1,2,21,Estimated number of natural sciences and mathematics students in Israel,31260,5000,0,4000,quantity,0,1,1,1,1,1,1,2,0,0
95002,Milstein and Halali (in prep),Milstein and Halali (in prep; Study1),2,2,28,Estimated number of natural sciences and mathematics students in Israel,31260,5000,0,15000,quantity,0,1,1,1,1,1,1,2,0,0
95003,Milstein and Halali (in prep),Milstein and Halali (in prep; Study1),3,1,27,Estimated number of natural sciences and mathematics students in Israel,31260,5000,0,8000,quantity,0,1,1,1,1,1,1,2,0,0
95004,Milstein and Halali (in prep),Milstein and Halali (in prep; Study1),4,2,22,Estimated number of natural sciences and mathematics students in Israel,31260,5000,0,10000,quantity,0,1,1,1,1,1,1,2,0,0
95005,Milstein and Halali (in prep),Milstein and Halali (in prep; Study1),5,2,22,Estimated number of natural sciences and mathematics students in Israel,31260,5000,0,8000,quantity,0,1,1,1,1,1,1,2,0,0
95006,Milstein and Halali (in prep),Milstein and Halali (in prep; Study1),6,2,22,Estimated number of natural sciences and mathematics students in Israel,31260,5000,0,40000,quantity,0,1,1,1,1,1,1,2,0,0
95007,Milstein and Halali (in prep),Milstein and Halali (in prep; Study1),7,2,24,Estimated number of natural sciences and mathematics students in Israel,31260,5000,0,35000,quantity,0,1,1,1,1,1,1,2,0,0
95008,Milstein and Halali (in prep),Milstein and Halali (in prep; Study1),8,2,24,Estimated number of natural sciences and mathematics students in Israel,31260,5000,0,20000,quantity,0,1,1,1,1,1,1,2,0,0
95009,Milstein and Halali (in prep),Milstein and Halali (in prep; Study1),9,2,21,Estimated number of natural sciences and mathematics students in Israel,31260,5000,0,10000,quantity,0,1,1,1,1,1,1,2,0,0
95010,Milstein and Halali (in prep),Milstein and Halali (in prep; Study1),10,2,22,Estimated number of natural sciences and mathematics students in Israel,31260,5000,0,10000,quantity,0,1,1,1,1,1,1,2,0,0
95011,Milstein and Halali (in prep),Milstein and Halali (in prep; Study1),11,1,26,Estimated number of natural sciences and mathematics students in Israel,31260,5000,0,8000,quantity,0,1,1,1,1,1,1,2,0,0
95012,Milstein and Halali (in prep),Milstein and Halali (in prep; Study1),12,1,27,Estimated number of natural sciences and mathematics students in Israel,31260,5000,0,7000,quantity,0,1,1,1,1,1,1,2,0,0
95013,Milstein and Halali (in prep),Milstein and Halali (in prep; Study1),13,2,21,Estimated number of natural sciences and mathematics students in Israel,31260,5000,0,7000,quantity,0,1,1,1,1,1,1,2,0,0
95014,Milstein and Halali (in prep),Milstein and Halali (in prep; Study1),14,2,22,Estimated number of natural sciences and mathematics students in Israel,31260,5000,0,100000,quantity,0,1,1,1,1,1,1,2,0,0
95015,Milstein and Halali (in prep),Milstein and Halali (in prep; Study1),15,2,23,Estimated number of natural sciences and mathematics students in Israel,31260,5000,0,10000,quantity,0,1,1,1,1,1,1,2,0,0
95017,Milstein and Halali (in prep),Milstein and Halali (in prep; Study1),17,2,23,Estimated number of natural sciences and mathematics students in Israel,31260,5000,0,10000,quantity,0,1,1,1,1,1,1,2,0,0
95018,Milstein and Halali (in prep),Milstein and Halali (in prep; Study1),18,1,26,Estimated number of natural sciences and mathematics students in Israel,31260,5000,0,8000,quantity,0,1,1,1,1,1,1,2,0,0
95019,Milstein and Halali (in prep),Milstein and Halali (in prep; Study1),19,2,21,Estimated number of natural sciences and mathematics students in Israel,31260,5000,0,6000,quantity,0,1,1,1,1,1,1,2,0,0
95020,Milstein and Halali (in prep),Milstein and Halali (in prep; Study1),20,1,25,Estimated number of natural sciences and mathematics students in Israel,31260,5000,0,13000,quantity,0,1,1,1,1,1,1,2,0,0
95021,Milstein and Halali (in prep),Milstein and Halali (in prep; Study1),21,1,26,Estimated number of natural sciences and mathematics students in Israel,31260,5000,0,7000,quantity,0,1,1,1,1,1,1,2,0,0
95022,Milstein and Halali (in prep),Milstein and Halali (in prep; Study1),22,2,43,Estimated number of natural sciences and mathematics students in Israel,31260,5000,0,10000,quantity,0,1,1,1,1,1,1,2,0,0
95023,Milstein and Halali (in prep),Milstein and Halali (in prep; Study1),23,2,24,Estimated number of natural sciences and mathematics students in Israel,31260,5000,0,20000,quantity,0,1,1,1,1,1,1,2,0,0
95024,Milstein and Halali (in prep),Milstein and Halali (in prep; Study1),24,2,22,Estimated number of natural sciences and mathematics students in Israel,31260,5000,0,40000,quantity,0,1,1,1,1,1,1,2,0,0
95025,Milstein and Halali (in prep),Milstein and Halali (in prep; Study1),25,1,27,Estimated number of natural sciences and mathematics students in Israel,31260,5000,0,20000,quantity,0,1,1,1,1,1,1,2,0,0
95026,Milstein and Halali (in prep),Milstein and Halali (in prep; Study1),26,2,28,Estimated number of natural sciences and mathematics students in Israel,31260,5000,0,2000,quantity,0,1,1,1,1,1,1,2,0,0
95027,Milstein and Halali (in prep),Milstein and Halali (in prep; Study1),27,1,26,Estimated number of natural sciences and mathematics students in Israel,31260,5000,0,4000,quantity,0,1,1,1,1,1,1,2,0,0
95028,Milstein and Halali (in prep),Milstein and Halali (in prep; Study1),28,2,22,Estimated number of natural sciences and mathematics students in Israel,31260,5000,0,4000,quantity,0,1,1,1,1,1,1,2,0,0
95029,Milstein and Halali (in prep),Milstein and Halali (in prep; Study1),29,2,33,Estimated number of natural sciences and mathematics students in Israel,31260,5000,0,2500,quantity,0,1,1,1,1,1,1,2,0,0
95030,Milstein and Halali (in prep),Milstein and Halali (in prep; Study1),30,2,25,Estimated number of natural sciences and mathematics students in Israel,31260,5000,0,2500,quantity,0,1,1,1,1,1,1,2,0,0
95031,Milstein and Halali (in prep),Milstein and Halali (in prep; Study1),31,2,22,Estimated number of natural sciences and mathematics students in Israel,31260,5000,0,3800,quantity,0,1,1,1,1,1,1,2,0,0
95032,Milstein and Halali (in prep),Milstein and Halali (in prep; Study1),32,2,29,Estimated number of natural sciences and mathematics students in Israel,31260,5000,0,4500,quantity,0,1,1,1,1,1,1,2,0,0
95033,Milstein and Halali (in prep),Milstein and Halali (in prep; Study1),33,2,25,Estimated number of natural sciences and mathematics students in Israel,31260,25000,1,15000,quantity,0,1,1,1,1,1,1,2,0,0
95034,Milstein and Halali (in prep),Milstein and Halali (in prep; Study1),34,2,22,Estimated number of natural sciences and mathematics students in Israel,31260,25000,1,20000,quantity,0,1,1,1,1,1,1,2,0,0
95035,Milstein and Halali (in prep),Milstein and Halali (in prep; Study1),35,2,22,Estimated number of natural sciences and mathematics students in Israel,31260,25000,1,50000,quantity,0,1,1,1,1,1,1,2,0,0
95036,Milstein and Halali (in prep),Milstein and Halali (in prep; Study1),36,1,26,Estimated number of natural sciences and mathematics students in Israel,31260,25000,1,26000,quantity,0,1,1,1,1,1,1,2,0,0
95037,Milstein and Halali (in prep),Milstein and Halali (in prep; Study1),37,2,22,Estimated number of natural sciences and mathematics students in Israel,31260,25000,1,20000,quantity,0,1,1,1,1,1,1,2,0,0
95038,Milstein and Halali (in prep),Milstein and Halali (in prep; Study1),38,2,21,Estimated number of natural sciences and mathematics students in Israel,31260,25000,1,20000,quantity,0,1,1,1,1,1,1,2,0,0
95039,Milstein and Halali (in prep),Milstein and Halali (in prep; Study1),39,2,21,Estimated number of natural sciences and mathematics students in Israel,31260,25000,1,15000,quantity,0,1,1,1,1,1,1,2,0,0
95040,Milstein and Halali (in prep),Milstein and Halali (in prep; Study1),40,1,25,Estimated number of natural sciences and mathematics students in Israel,31260,25000,1,15000,quantity,0,1,1,1,1,1,1,2,0,0
95042,Milstein and Halali (in prep),Milstein and Halali (in prep; Study1),42,2,21,Estimated number of natural sciences and mathematics students in Israel,31260,25000,1,30000,quantity,0,1,1,1,1,1,1,2,0,0
95043,Milstein and Halali (in prep),Milstein and Halali (in prep; Study1),43,2,24,Estimated number of natural sciences and mathematics students in Israel,31260,25000,1,42000,quantity,0,1,1,1,1,1,1,2,0,0
95044,Milstein and Halali (in prep),Milstein and Halali (in prep; Study1),44,1,23,Estimated number of natural sciences and mathematics students in Israel,31260,25000,1,10000,quantity,0,1,1,1,1,1,1,2,0,0
95045,Milstein and Halali (in prep),Milstein and Halali (in prep; Study1),45,2,23,Estimated number of natural sciences and mathematics students in Israel,31260,25000,1,50000,quantity,0,1,1,1,1,1,1,2,0,0
95046,Milstein and Halali (in prep),Milstein and Halali (in prep; Study1),46,2,23,Estimated number of natural sciences and mathematics students in Israel,31260,25000,1,45000,quantity,0,1,1,1,1,1,1,2,0,0
95047,Milstein and Halali (in prep),Milstein and Halali (in prep; Study1),47,2,21,Estimated number of natural sciences and mathematics students in Israel,31260,25000,1,19000,quantity,0,1,1,1,1,1,1,2,0,0
95048,Milstein and Halali (in prep),Milstein and Halali (in prep; Study1),48,2,36,Estimated number of natural sciences and mathematics students in Israel,31260,25000,1,50000,quantity,0,1,1,1,1,1,1,2,0,0
95049,Milstein and Halali (in prep),Milstein and Halali (in prep; Study1),49,2,21,Estimated number of natural sciences and mathematics students in Israel,31260,25000,1,300,quantity,0,1,1,1,1,1,1,2,0,0
95050,Milstein and Halali (in prep),Milstein and Halali (in prep; Study1),50,2,21,Estimated number of natural sciences and mathematics students in Israel,31260,25000,1,30000,quantity,0,1,1,1,1,1,1,2,0,0
95051,Milstein and Halali (in prep),Milstein and Halali (in prep; Study1),51,2,23,Estimated number of natural sciences and mathematics students in Israel,31260,25000,1,15000,quantity,0,1,1,1,1,1,1,2,0,0
95052,Milstein and Halali (in prep),Milstein and Halali (in prep; Study1),52,2,21,Estimated number of natural sciences and mathematics students in Israel,31260,25000,1,18000,quantity,0,1,1,1,1,1,1,2,0,0
95054,Milstein and Halali (in prep),Milstein and Halali (in prep; Study1),54,1,22,Estimated number of natural sciences and mathematics students in Israel,31260,25000,1,20000,quantity,0,1,1,1,1,1,1,2,0,0
95055,Milstein and Halali (in prep),Milstein and Halali (in prep; Study1),55,2,22,Estimated number of natural sciences and mathematics students in Israel,31260,25000,1,35000,quantity,0,1,1,1,1,1,1,2,0,0
95056,Milstein and Halali (in prep),Milstein and Halali (in prep; Study1),56,2,19,Estimated number of natural sciences and mathematics students in Israel,31260,25000,1,40000,quantity,0,1,1,1,1,1,1,2,0,0
95057,Milstein and Halali (in prep),Milstein and Halali (in prep; Study1),57,1,23,Estimated number of natural sciences and mathematics students in Israel,31260,25000,1,20000,quantity,0,1,1,1,1,1,1,2,0,0
95058,Milstein and Halali (in prep),Milstein and Halali (in prep; Study1),58,2,21,Estimated number of natural sciences and mathematics students in Israel,31260,25000,1,30000,quantity,0,1,1,1,1,1,1,2,0,0
95059,Milstein and Halali (in prep),Milstein and Halali (in prep; Study1),59,2,21,Estimated number of natural sciences and mathematics students in Israel,31260,25000,1,30000,quantity,0,1,1,1,1,1,1,2,0,0
95060,Milstein and Halali (in prep),Milstein and Halali (in prep; Study1),60,2,21,Estimated number of natural sciences and mathematics students in Israel,31260,25000,1,20000,quantity,0,1,1,1,1,1,1,2,0,0
95061,Milstein and Halali (in prep),Milstein and Halali (in prep; Study1),61,1,24.5,Estimated number of natural sciences and mathematics students in Israel,31260,25000,1,15000,quantity,0,1,1,1,1,1,1,2,0,0
95062,Milstein and Halali (in prep),Milstein and Halali (in prep; Study1),62,1,25,Estimated number of natural sciences and mathematics students in Israel,31260,25000,1,40000,quantity,0,1,1,1,1,1,1,2,0,0
95063,Milstein and Halali (in prep),Milstein and Halali (in prep; Study1),63,1,26,Estimated number of natural sciences and mathematics students in Israel,31260,25000,1,18000,quantity,0,1,1,1,1,1,1,2,0,0
95064,Milstein and Halali (in prep),Milstein and Halali (in prep; Study1),64,2,23,Estimated number of natural sciences and mathematics students in Israel,31260,25000,1,19000,quantity,0,1,1,1,1,1,1,2,0,0
95065,Milstein and Halali (in prep),Milstein and Halali (in prep; Study1),65,2,22,Estimated number of natural sciences and mathematics students in Israel,31260,25000,1,4000,quantity,0,1,1,1,1,1,1,2,0,0
95066,Milstein and Halali (in prep),Milstein and Halali (in prep; Study1),66,1,26,Estimated number of natural sciences and mathematics students in Israel,31260,25000,1,15000,quantity,0,1,1,1,1,1,1,2,0,0
95067,Milstein and Halali (in prep),Milstein and Halali (in prep; Study1),67,2,24,Estimated number of natural sciences and mathematics students in Israel,31260,25000,1,30000,quantity,0,1,1,1,1,1,1,2,0,0
95068,Milstein and Halali (in prep),Milstein and Halali (in prep; Study1),68,2,21,Estimated number of natural sciences and mathematics students in Israel,31260,25000,1,20000,quantity,0,1,1,1,1,1,1,2,0,0
95069,Milstein and Halali (in prep),Milstein and Halali (in prep; Study1),69,2,21,Estimated number of natural sciences and mathematics students in Israel,31260,25000,1,50000,quantity,0,1,1,1,1,1,1,2,0,0
95070,Milstein and Halali (in prep),Milstein and Halali (in prep; Study1),70,2,21,Estimated number of natural sciences and mathematics students in Israel,31260,25000,1,15000,quantity,0,1,1,1,1,1,1,2,0,0
95071,Milstein and Halali (in prep),Milstein and Halali (in prep; Study1),71,2,21,Estimated number of natural sciences and mathematics students in Israel,31260,25000,1,10000,quantity,0,1,1,1,1,1,1,2,0,0
95072,Milstein and Halali (in prep),Milstein and Halali (in prep; Study1),72,1,26,Estimated number of natural sciences and mathematics students in Israel,31260,25000,1,10000,quantity,0,1,1,1,1,1,1,2,0,0
95073,Milstein and Halali (in prep),Milstein and Halali (in prep; Study1),73,2,23,Estimated number of natural sciences and mathematics students in Israel,31260,25000,1,35000,quantity,0,1,1,1,1,1,1,2,0,0
95074,Milstein and Halali (in prep),Milstein and Halali (in prep; Study1),74,1,24,Estimated number of natural sciences and mathematics students in Israel,31260,25000,1,30000,quantity,0,1,1,1,1,1,1,2,0,0
95075,Milstein and Halali (in prep),Milstein and Halali (in prep; Study1),75,2,22,Estimated number of natural sciences and mathematics students in Israel,31260,25000,1,15000,quantity,0,1,1,1,1,1,1,2,0,0
95076,Milstein and Halali (in prep),Milstein and Halali (in prep; Study1),76,2,20,Estimated number of natural sciences and mathematics students in Israel,31260,25000,1,50000,quantity,0,1,1,1,1,1,1,2,0,0
95077,Milstein and Halali (in prep),Milstein and Halali (in prep; Study1),77,2,24,Estimated number of natural sciences and mathematics students in Israel,31260,25000,1,15000,quantity,0,1,1,1,1,1,1,2,0,0
95078,Milstein and Halali (in prep),Milstein and Halali (in prep; Study1),78,2,23,Estimated number of natural sciences and mathematics students in Israel,31260,25000,1,40000,quantity,0,1,1,1,1,1,1,2,0,0
95079,Milstein and Halali (in prep),Milstein and Halali (in prep; Study1),79,2,22,Estimated number of natural sciences and mathematics students in Israel,31260,25000,1,40000,quantity,0,1,1,1,1,1,1,2,0,0
95080,Milstein and Halali (in prep),Milstein and Halali (in prep; Study1),80,2,24,Estimated number of natural sciences and mathematics students in Israel,31260,25000,1,15000,quantity,0,1,1,1,1,1,1,2,0,0
95081,Milstein and Halali (in prep),Milstein and Halali (in prep; Study1),81,1,27,Estimated number of natural sciences and mathematics students in Israel,31260,25000,1,27800,quantity,0,1,1,1,1,1,1,2,0,0
95082,Milstein and Halali (in prep),Milstein and Halali (in prep; Study1),82,2,24,Estimated number of natural sciences and mathematics students in Israel,31260,25000,1,40000,quantity,0,1,1,1,1,1,1,2,0,0
95083,Milstein and Halali (in prep),Milstein and Halali (in prep; Study1),83,1,24,Estimated number of natural sciences and mathematics students in Israel,31260,25000,1,35000,quantity,0,1,1,1,1,1,1,2,0,0
95084,Milstein and Halali (in prep),Milstein and Halali (in prep; Study1),84,2,21,Estimated number of natural sciences and mathematics students in Israel,31260,25000,1,5000,quantity,0,1,1,1,1,1,1,2,0,0
95085,Milstein and Halali (in prep),Milstein and Halali (in prep; Study1),85,2,23,Estimated number of natural sciences and mathematics students in Israel,31260,25000,1,10000,quantity,0,1,1,1,1,1,1,2,0,0
95086,Milstein and Halali (in prep),Milstein and Halali (in prep; Study1),86,2,25,Estimated number of natural sciences and mathematics students in Israel,31260,25000,1,15000,quantity,0,1,1,1,1,1,1,2,0,0
95087,Milstein and Halali (in prep),Milstein and Halali (in prep; Study1),87,2,22,Estimated number of natural sciences and mathematics students in Israel,31260,25000,1,80000,quantity,0,1,1,1,1,1,1,2,0,0
95088,Milstein and Halali (in prep),Milstein and Halali (in prep; Study1),88,1,26,Estimated number of natural sciences and mathematics students in Israel,31260,25000,1,15000,quantity,0,1,1,1,1,1,1,2,0,0
95089,Milstein and Halali (in prep),Milstein and Halali (in prep; Study1),89,2,21,Estimated number of natural sciences and mathematics students in Israel,31260,25000,1,40000,quantity,0,1,1,1,1,1,1,2,0,0
95090,Milstein and Halali (in prep),Milstein and Halali (in prep; Study1),90,2,23,Estimated number of natural sciences and mathematics students in Israel,31260,25000,1,17000,quantity,0,1,1,1,1,1,1,2,0,0
95091,Milstein and Halali (in prep),Milstein and Halali (in prep; Study1),91,2,21,Estimated number of natural sciences and mathematics students in Israel,31260,25000,1,50000,quantity,0,1,1,1,1,1,1,2,0,0
95092,Milstein and Halali (in prep),Milstein and Halali (in prep; Study1),92,2,19,Estimated number of natural sciences and mathematics students in Israel,31260,25000,1,50000,quantity,0,1,1,1,1,1,1,2,0,0
95093,Milstein and Halali (in prep),Milstein and Halali (in prep; Study1),93,1,25,Estimated number of natural sciences and mathematics students in Israel,31260,25000,1,18000,quantity,0,1,1,1,1,1,1,2,0,0
95094,Milstein and Halali (in prep),Milstein and Halali (in prep; Study1),94,2,25,Estimated number of natural sciences and mathematics students in Israel,31260,25000,1,20000,quantity,0,1,1,1,1,1,1,2,0,0
95101,Milstein and Halali (in prep),Milstein and Halali (in prep; Study2),101,2,23,Estimated number of natural sciences and mathematics students in Israel,32281,5000,0,3500,quantity,0,1,1,1,1,1,1,2,0,0
95102,Milstein and Halali (in prep),Milstein and Halali (in prep; Study2),102,2,25,Estimated number of natural sciences and mathematics students in Israel,32281,5000,0,7000,quantity,0,1,1,1,1,1,1,2,0,0
95103,Milstein and Halali (in prep),Milstein and Halali (in prep; Study2),103,2,21,Estimated number of natural sciences and mathematics students in Israel,32281,5000,0,6000,quantity,0,1,1,1,1,1,1,2,0,0
95104,Milstein and Halali (in prep),Milstein and Halali (in prep; Study2),104,1,26,Estimated number of natural sciences and mathematics students in Israel,32281,5000,0,7000,quantity,0,1,1,1,1,1,1,2,0,0
95105,Milstein and Halali (in prep),Milstein and Halali (in prep; Study2),105,2,23,Estimated number of natural sciences and mathematics students in Israel,32281,5000,0,10000,quantity,0,1,1,1,1,1,1,2,0,0
95106,Milstein and Halali (in prep),Milstein and Halali (in prep; Study2),106,2,24,Estimated number of natural sciences and mathematics students in Israel,32281,5000,0,10000,quantity,0,1,1,1,1,1,1,2,0,0
95107,Milstein and Halali (in prep),Milstein and Halali (in prep; Study2),107,2,24,Estimated number of natural sciences and mathematics students in Israel,32281,5000,0,7000,quantity,0,1,1,1,1,1,1,2,0,0
95108,Milstein and Halali (in prep),Milstein and Halali (in prep; Study2),108,1,25,Estimated number of natural sciences and mathematics students in Israel,32281,5000,0,10000,quantity,0,1,1,1,1,1,1,2,0,0
95109,Milstein and Halali (in prep),Milstein and Halali (in prep; Study2),109,2,22,Estimated number of natural sciences and mathematics students in Israel,32281,5000,0,7000,quantity,0,1,1,1,1,1,1,2,0,0
95110,Milstein and Halali (in prep),Milstein and Halali (in prep; Study2),110,2,23,Estimated number of natural sciences and mathematics students in Israel,32281,5000,0,10000,quantity,0,1,1,1,1,1,1,2,0,0
95111,Milstein and Halali (in prep),Milstein and Halali (in prep; Study2),111,2,24,Estimated number of natural sciences and mathematics students in Israel,32281,5000,0,20000,quantity,0,1,1,1,1,1,1,2,0,0
95112,Milstein and Halali (in prep),Milstein and Halali (in prep; Study2),112,1,24,Estimated number of natural sciences and mathematics students in Israel,32281,5000,0,50000,quantity,0,1,1,1,1,1,1,2,0,0
95113,Milstein and Halali (in prep),Milstein and Halali (in prep; Study2),113,2,24,Estimated number of natural sciences and mathematics students in Israel,32281,5000,0,7000,quantity,0,1,1,1,1,1,1,2,0,0
95114,Milstein and Halali (in prep),Milstein and Halali (in prep; Study2),114,2,25,Estimated number of natural sciences and mathematics students in Israel,32281,5000,0,20000,quantity,0,1,1,1,1,1,1,2,0,0
95115,Milstein and Halali (in prep),Milstein and Halali (in prep; Study2),115,2,28,Estimated number of natural sciences and mathematics students in Israel,32281,5000,0,10000,quantity,0,1,1,1,1,1,1,2,0,0
95116,Milstein and Halali (in prep),Milstein and Halali (in prep; Study2),116,1,25,Estimated number of natural sciences and mathematics students in Israel,32281,5000,0,30000,quantity,0,1,1,1,1,1,1,2,0,0
95117,Milstein and Halali (in prep),Milstein and Halali (in prep; Study2),117,1,25,Estimated number of natural sciences and mathematics students in Israel,32281,5000,0,8000,quantity,0,1,1,1,1,1,1,2,0,0
95118,Milstein and Halali (in prep),Milstein and Halali (in prep; Study2),118,2,23,Estimated number of natural sciences and mathematics students in Israel,32281,5000,0,10000,quantity,0,1,1,1,1,1,1,2,0,0
95119,Milstein and Halali (in prep),Milstein and Halali (in prep; Study2),119,2,21,Estimated number of natural sciences and mathematics students in Israel,32281,5000,0,5600,quantity,0,1,1,1,1,1,1,2,0,0
95120,Milstein and Halali (in prep),Milstein and Halali (in prep; Study2),120,2,22,Estimated number of natural sciences and mathematics students in Israel,32281,5000,0,18000,quantity,0,1,1,1,1,1,1,2,0,0
95121,Milstein and Halali (in prep),Milstein and Halali (in prep; Study2),121,2,22,Estimated number of natural sciences and mathematics students in Israel,32281,5000,0,7000,quantity,0,1,1,1,1,1,1,2,0,0
95122,Milstein and Halali (in prep),Milstein and Halali (in prep; Study2),122,2,24,Estimated number of natural sciences and mathematics students in Israel,32281,5000,0,6000,quantity,0,1,1,1,1,1,1,2,0,0
95123,Milstein and Halali (in prep),Milstein and Halali (in prep; Study2),123,2,22,Estimated number of natural sciences and mathematics students in Israel,32281,5000,0,50000,quantity,0,1,1,1,1,1,1,2,0,0
95125,Milstein and Halali (in prep),Milstein and Halali (in prep; Study2),125,2,32,Estimated number of natural sciences and mathematics students in Israel,32281,5000,0,3000,quantity,0,1,1,1,1,1,1,2,0,0
95126,Milstein and Halali (in prep),Milstein and Halali (in prep; Study2),126,2,21,Estimated number of natural sciences and mathematics students in Israel,32281,5000,0,5000,quantity,0,1,1,1,1,1,1,2,0,0
95127,Milstein and Halali (in prep),Milstein and Halali (in prep; Study2),127,2,29,Estimated number of natural sciences and mathematics students in Israel,32281,5000,0,2500,quantity,0,1,1,1,1,1,1,2,0,0
95128,Milstein and Halali (in prep),Milstein and Halali (in prep; Study2),128,2,20,Estimated number of natural sciences and mathematics students in Israel,32281,5000,0,1500,quantity,0,1,1,1,1,1,1,2,0,0
95129,Milstein and Halali (in prep),Milstein and Halali (in prep; Study2),129,2,24,Estimated number of natural sciences and mathematics students in Israel,32281,5000,0,1500,quantity,0,1,1,1,1,1,1,2,0,0
95130,Milstein and Halali (in prep),Milstein and Halali (in prep; Study2),130,2,23,Estimated number of natural sciences and mathematics students in Israel,32281,5000,0,2000,quantity,0,1,1,1,1,1,1,2,0,0
95131,Milstein and Halali (in prep),Milstein and Halali (in prep; Study2),131,1,25,Estimated number of natural sciences and mathematics students in Israel,32281,5000,0,1400,quantity,0,1,1,1,1,1,1,2,0,0
95132,Milstein and Halali (in prep),Milstein and Halali (in prep; Study2),132,2,24,Estimated number of natural sciences and mathematics students in Israel,32281,5000,0,1000,quantity,0,1,1,1,1,1,1,2,0,0
95133,Milstein and Halali (in prep),Milstein and Halali (in prep; Study2),133,2,22,Estimated number of natural sciences and mathematics students in Israel,32281,5000,0,3000,quantity,0,1,1,1,1,1,1,2,0,0
95134,Milstein and Halali (in prep),Milstein and Halali (in prep; Study2),134,1,23,Estimated number of natural sciences and mathematics students in Israel,32281,5000,0,3500,quantity,0,1,1,1,1,1,1,2,0,0
95135,Milstein and Halali (in prep),Milstein and Halali (in prep; Study2),135,2,21,Estimated number of natural sciences and mathematics students in Israel,32281,5000,0,2000,quantity,0,1,1,1,1,1,1,2,0,0
95136,Milstein and Halali (in prep),Milstein and Halali (in prep; Study2),136,2,23,Estimated number of natural sciences and mathematics students in Israel,32281,5000,0,2000,quantity,0,1,1,1,1,1,1,2,0,0
95137,Milstein and Halali (in prep),Milstein and Halali (in prep; Study2),137,2,24,Estimated number of natural sciences and mathematics students in Israel,32281,5000,0,4500,quantity,0,1,1,1,1,1,1,2,0,0
95138,Milstein and Halali (in prep),Milstein and Halali (in prep; Study2),138,2,22,Estimated number of natural sciences and mathematics students in Israel,32281,5000,0,4000,quantity,0,1,1,1,1,1,1,2,0,0
95139,Milstein and Halali (in prep),Milstein and Halali (in prep; Study2),139,1,28,Estimated number of natural sciences and mathematics students in Israel,32281,5000,0,3000,quantity,0,1,1,1,1,1,1,2,0,0
95140,Milstein and Halali (in prep),Milstein and Halali (in prep; Study2),140,2,19,Estimated number of natural sciences and mathematics students in Israel,32281,5000,0,2000,quantity,0,1,1,1,1,1,1,2,0,0
95141,Milstein and Halali (in prep),Milstein and Halali (in prep; Study2),141,2,22,Estimated number of natural sciences and mathematics students in Israel,32281,25000,1,50000,quantity,0,1,1,1,1,1,1,2,0,0
95142,Milstein and Halali (in prep),Milstein and Halali (in prep; Study2),142,1,25,Estimated number of natural sciences and mathematics students in Israel,32281,25000,1,50000,quantity,0,1,1,1,1,1,1,2,0,0
95143,Milstein and Halali (in prep),Milstein and Halali (in prep; Study2),143,2,20,Estimated number of natural sciences and mathematics students in Israel,32281,25000,1,35000,quantity,0,1,1,1,1,1,1,2,0,0
95144,Milstein and Halali (in prep),Milstein and Halali (in prep; Study2),144,2,20,Estimated number of natural sciences and mathematics students in Israel,32281,25000,1,50000,quantity,0,1,1,1,1,1,1,2,0,0
95145,Milstein and Halali (in prep),Milstein and Halali (in prep; Study2),145,2,22,Estimated number of natural sciences and mathematics students in Israel,32281,25000,1,5000,quantity,0,1,1,1,1,1,1,2,0,0
95146,Milstein and Halali (in prep),Milstein and Halali (in prep; Study2),146,2,23,Estimated number of natural sciences and mathematics students in Israel,32281,25000,1,10000,quantity,0,1,1,1,1,1,1,2,0,0
95147,Milstein and Halali (in prep),Milstein and Halali (in prep; Study2),147,2,24,Estimated number of natural sciences and mathematics students in Israel,32281,25000,1,1000,quantity,0,1,1,1,1,1,1,2,0,0
95148,Milstein and Halali (in prep),Milstein and Halali (in prep; Study2),148,2,20,Estimated number of natural sciences and mathematics students in Israel,32281,25000,1,15000,quantity,0,1,1,1,1,1,1,2,0,0
95149,Milstein and Halali (in prep),Milstein and Halali (in prep; Study2),149,2,22,Estimated number of natural sciences and mathematics students in Israel,32281,25000,1,30000,quantity,0,1,1,1,1,1,1,2,0,0
95150,Milstein and Halali (in prep),Milstein and Halali (in prep; Study2),150,2,21,Estimated number of natural sciences and mathematics students in Israel,32281,25000,1,40000,quantity,0,1,1,1,1,1,1,2,0,0
95152,Milstein and Halali (in prep),Milstein and Halali (in prep; Study2),152,1,25,Estimated number of natural sciences and mathematics students in Israel,32281,25000,1,27000,quantity,0,1,1,1,1,1,1,2,0,0
95153,Milstein and Halali (in prep),Milstein and Halali (in prep; Study2),153,2,24,Estimated number of natural sciences and mathematics students in Israel,32281,25000,1,20000,quantity,0,1,1,1,1,1,1,2,0,0
95154,Milstein and Halali (in prep),Milstein and Halali (in prep; Study2),154,2,22,Estimated number of natural sciences and mathematics students in Israel,32281,25000,1,15000,quantity,0,1,1,1,1,1,1,2,0,0
95155,Milstein and Halali (in prep),Milstein and Halali (in prep; Study2),155,2,28,Estimated number of natural sciences and mathematics students in Israel,32281,25000,1,35000,quantity,0,1,1,1,1,1,1,2,0,0
95156,Milstein and Halali (in prep),Milstein and Halali (in prep; Study2),156,2,22,Estimated number of natural sciences and mathematics students in Israel,32281,25000,1,6000,quantity,0,1,1,1,1,1,1,2,0,0
95157,Milstein and Halali (in prep),Milstein and Halali (in prep; Study2),157,2,22,Estimated number of natural sciences and mathematics students in Israel,32281,25000,1,10000,quantity,0,1,1,1,1,1,1,2,0,0
95158,Milstein and Halali (in prep),Milstein and Halali (in prep; Study2),158,2,21,Estimated number of natural sciences and mathematics students in Israel,32281,25000,1,5200,quantity,0,1,1,1,1,1,1,2,0,0
95159,Milstein and Halali (in prep),Milstein and Halali (in prep; Study2),159,2,22,Estimated number of natural sciences and mathematics students in Israel,32281,25000,1,10000,quantity,0,1,1,1,1,1,1,2,0,0
95160,Milstein and Halali (in prep),Milstein and Halali (in prep; Study2),160,2,24,Estimated number of natural sciences and mathematics students in Israel,32281,25000,1,30000,quantity,0,1,1,1,1,1,1,2,0,0
95161,Milstein and Halali (in prep),Milstein and Halali (in prep; Study2),161,2,27,Estimated number of natural sciences and mathematics students in Israel,32281,25000,1,18000,quantity,0,1,1,1,1,1,1,2,0,0
95162,Milstein and Halali (in prep),Milstein and Halali (in prep; Study2),162,1,25,Estimated number of natural sciences and mathematics students in Israel,32281,25000,1,40000,quantity,0,1,1,1,1,1,1,2,0,0
95163,Milstein and Halali (in prep),Milstein and Halali (in prep; Study2),163,2,22,Estimated number of natural sciences and mathematics students in Israel,32281,25000,1,4000,quantity,0,1,1,1,1,1,1,2,0,0
95164,Milstein and Halali (in prep),Milstein and Halali (in prep; Study2),164,1,28,Estimated number of natural sciences and mathematics students in Israel,32281,25000,1,5468,quantity,0,1,1,1,1,1,1,2,0,0
95165,Milstein and Halali (in prep),Milstein and Halali (in prep; Study2),165,2,21,Estimated number of natural sciences and mathematics students in Israel,32281,25000,1,50000,quantity,0,1,1,1,1,1,1,2,0,0
95166,Milstein and Halali (in prep),Milstein and Halali (in prep; Study2),166,2,21,Estimated number of natural sciences and mathematics students in Israel,32281,25000,1,30000,quantity,0,1,1,1,1,1,1,2,0,0
95167,Milstein and Halali (in prep),Milstein and Halali (in prep; Study2),167,1,24,Estimated number of natural sciences and mathematics students in Israel,32281,25000,1,50000,quantity,0,1,1,1,1,1,1,2,0,0
95168,Milstein and Halali (in prep),Milstein and Halali (in prep; Study2),168,2,25,Estimated number of natural sciences and mathematics students in Israel,32281,25000,1,2000,quantity,0,1,1,1,1,1,1,2,0,0
95169,Milstein and Halali (in prep),Milstein and Halali (in prep; Study2),169,2,22,Estimated number of natural sciences and mathematics students in Israel,32281,25000,1,20000,quantity,0,1,1,1,1,1,1,2,0,0
95170,Milstein and Halali (in prep),Milstein and Halali (in prep; Study2),170,1,24,Estimated number of natural sciences and mathematics students in Israel,32281,25000,1,15000,quantity,0,1,1,1,1,1,1,2,0,0
95171,Milstein and Halali (in prep),Milstein and Halali (in prep; Study2),171,2,22,Estimated number of natural sciences and mathematics students in Israel,32281,25000,1,27000,quantity,0,1,1,1,1,1,1,2,0,0
95172,Milstein and Halali (in prep),Milstein and Halali (in prep; Study2),172,2,24,Estimated number of natural sciences and mathematics students in Israel,32281,25000,1,50000,quantity,0,1,1,1,1,1,1,2,0,0
95173,Milstein and Halali (in prep),Milstein and Halali (in prep; Study2),173,2,22,Estimated number of natural sciences and mathematics students in Israel,32281,25000,1,35000,quantity,0,1,1,1,1,1,1,2,0,0
95174,Milstein and Halali (in prep),Milstein and Halali (in prep; Study2),174,1,28,Estimated number of natural sciences and mathematics students in Israel,32281,25000,1,12000,quantity,0,1,1,1,1,1,1,2,0,0
95175,Milstein and Halali (in prep),Milstein and Halali (in prep; Study2),175,2,23,Estimated number of natural sciences and mathematics students in Israel,32281,25000,1,40000,quantity,0,1,1,1,1,1,1,2,0,0
95177,Milstein and Halali (in prep),Milstein and Halali (in prep; Study2),177,2,23,Estimated number of natural sciences and mathematics students in Israel,32281,25000,1,1000,quantity,0,1,1,1,1,1,1,2,0,0
95178,Milstein and Halali (in prep),Milstein and Halali (in prep; Study2),178,1,21,Estimated number of natural sciences and mathematics students in Israel,32281,25000,1,5000,quantity,0,1,1,1,1,1,1,2,0,0
95179,Milstein and Halali (in prep),Milstein and Halali (in prep; Study2),179,1,23,Estimated number of natural sciences and mathematics students in Israel,32281,25000,1,10000,quantity,0,1,1,1,1,1,1,2,0,0
95180,Milstein and Halali (in prep),Milstein and Halali (in prep; Study2),180,2,23,Estimated number of natural sciences and mathematics students in Israel,32281,25000,1,25001,quantity,0,1,1,1,1,1,1,2,0,0
95181,Milstein and Halali (in prep),Milstein and Halali (in prep; Study2),181,2,23,Estimated number of natural sciences and mathematics students in Israel,32281,25000,1,35000,quantity,0,1,1,1,1,1,1,2,0,0
95201,Milstein and Halali (in prep),Milstein and Halali (in prep; Study3),201,2,22,Estimated number of natural sciences and mathematics students in Israel,33728,5000,0,60000,quantity,0,1,1,1,1,1,1,2,0,0
95202,Milstein and Halali (in prep),Milstein and Halali (in prep; Study3),202,2,22,Estimated number of natural sciences and mathematics students in Israel,33728,25000,1,35000,quantity,0,1,1,1,1,1,1,2,0,0
95204,Milstein and Halali (in prep),Milstein and Halali (in prep; Study3),204,2,25,Estimated number of natural sciences and mathematics students in Israel,33728,25000,1,50000,quantity,0,1,1,1,1,1,1,2,0,0
95205,Milstein and Halali (in prep),Milstein and Halali (in prep; Study3),205,1,24,Estimated number of natural sciences and mathematics students in Israel,33728,25000,1,15000,quantity,0,1,1,1,1,1,1,2,0,0
95206,Milstein and Halali (in prep),Milstein and Halali (in prep; Study3),206,2,21,Estimated number of natural sciences and mathematics students in Israel,33728,25000,1,30000,quantity,0,1,1,1,1,1,1,2,0,0
95207,Milstein and Halali (in prep),Milstein and Halali (in prep; Study3),207,2,23,Estimated number of natural sciences and mathematics students in Israel,33728,25000,1,50000,quantity,0,1,1,1,1,1,1,2,0,0
95208,Milstein and Halali (in prep),Milstein and Halali (in prep; Study3),208,2,22,Estimated number of natural sciences and mathematics students in Israel,33728,5000,0,10000,quantity,0,1,1,1,1,1,1,2,0,0
95209,Milstein and Halali (in prep),Milstein and Halali (in prep; Study3),209,2,22,Estimated number of natural sciences and mathematics students in Israel,33728,5000,0,3000,quantity,0,1,1,1,1,1,1,2,0,0
95210,Milstein and Halali (in prep),Milstein and Halali (in prep; Study3),210,2,23,Estimated number of natural sciences and mathematics students in Israel,33728,5000,0,10000,quantity,0,1,1,1,1,1,1,2,0,0
95211,Milstein and Halali (in prep),Milstein and Halali (in prep; Study3),211,1,28,Estimated number of natural sciences and mathematics students in Israel,33728,25000,1,35000,quantity,0,1,1,1,1,1,1,2,0,0
95212,Milstein and Halali (in prep),Milstein and Halali (in prep; Study3),212,2,22,Estimated number of natural sciences and mathematics students in Israel,33728,5000,0,6000,quantity,0,1,1,1,1,1,1,2,0,0
95213,Milstein and Halali (in prep),Milstein and Halali (in prep; Study3),213,2,26,Estimated number of natural sciences and mathematics students in Israel,33728,5000,0,10000,quantity,0,1,1,1,1,1,1,2,0,0
95214,Milstein and Halali (in prep),Milstein and Halali (in prep; Study3),214,2,22,Estimated number of natural sciences and mathematics students in Israel,33728,25000,1,20000,quantity,0,1,1,1,1,1,1,2,0,0
95215,Milstein and Halali (in prep),Milstein and Halali (in prep; Study3),215,1,25,Estimated number of natural sciences and mathematics students in Israel,33728,25000,1,40000,quantity,0,1,1,1,1,1,1,2,0,0
95216,Milstein and Halali (in prep),Milstein and Halali (in prep; Study3),216,2,22,Estimated number of natural sciences and mathematics students in Israel,33728,25000,1,40000,quantity,0,1,1,1,1,1,1,2,0,0
95217,Milstein and Halali (in prep),Milstein and Halali (in prep; Study3),217,2,22,Estimated number of natural sciences and mathematics students in Israel,33728,25000,1,40000,quantity,0,1,1,1,1,1,1,2,0,0
95218,Milstein and Halali (in prep),Milstein and Halali (in prep; Study3),218,1,32,Estimated number of natural sciences and mathematics students in Israel,33728,5000,0,12500,quantity,0,1,1,1,1,1,1,2,0,0
95219,Milstein and Halali (in prep),Milstein and Halali (in prep; Study3),219,1,23,Estimated number of natural sciences and mathematics students in Israel,33728,5000,0,2000,quantity,0,1,1,1,1,1,1,2,0,0
95220,Milstein and Halali (in prep),Milstein and Halali (in prep; Study3),220,2,22,Estimated number of natural sciences and mathematics students in Israel,33728,5000,0,3000,quantity,0,1,1,1,1,1,1,2,0,0
95221,Milstein and Halali (in prep),Milstein and Halali (in prep; Study3),221,2,21,Estimated number of natural sciences and mathematics students in Israel,33728,25000,1,40000,quantity,0,1,1,1,1,1,1,2,0,0
95222,Milstein and Halali (in prep),Milstein and Halali (in prep; Study3),222,1,30,Estimated number of natural sciences and mathematics students in Israel,33728,25000,1,20000,quantity,0,1,1,1,1,1,1,2,0,0
95223,Milstein and Halali (in prep),Milstein and Halali (in prep; Study3),223,2,24,Estimated number of natural sciences and mathematics students in Israel,33728,25000,1,70000,quantity,0,1,1,1,1,1,1,2,0,0
95224,Milstein and Halali (in prep),Milstein and Halali (in prep; Study3),224,2,23,Estimated number of natural sciences and mathematics students in Israel,33728,5000,0,9000,quantity,0,1,1,1,1,1,1,2,0,0
95225,Milstein and Halali (in prep),Milstein and Halali (in prep; Study3),225,1,40,Estimated number of natural sciences and mathematics students in Israel,33728,25000,1,10000,quantity,0,1,1,1,1,1,1,2,0,0
95226,Milstein and Halali (in prep),Milstein and Halali (in prep; Study3),226,2,24,Estimated number of natural sciences and mathematics students in Israel,33728,5000,0,8000,quantity,0,1,1,1,1,1,1,2,0,0
95227,Milstein and Halali (in prep),Milstein and Halali (in prep; Study3),227,2,23,Estimated number of natural sciences and mathematics students in Israel,33728,25000,1,100000,quantity,0,1,1,1,1,1,1,2,0,0
95228,Milstein and Halali (in prep),Milstein and Halali (in prep; Study3),228,2,24,Estimated number of natural sciences and mathematics students in Israel,33728,25000,1,100000,quantity,0,1,1,1,1,1,1,2,0,0
95229,Milstein and Halali (in prep),Milstein and Halali (in prep; Study3),229,2,26,Estimated number of natural sciences and mathematics students in Israel,33728,5000,0,5000,quantity,0,1,1,1,1,1,1,2,0,0
95230,Milstein and Halali (in prep),Milstein and Halali (in prep; Study3),230,2,23,Estimated number of natural sciences and mathematics students in Israel,33728,5000,0,25000,quantity,0,1,1,1,1,1,1,2,0,0
95231,Milstein and Halali (in prep),Milstein and Halali (in prep; Study3),231,1,24,Estimated number of natural sciences and mathematics students in Israel,33728,5000,0,10000,quantity,0,1,1,1,1,1,1,2,0,0
95232,Milstein and Halali (in prep),Milstein and Halali (in prep; Study3),232,1,27,Estimated number of natural sciences and mathematics students in Israel,33728,25000,1,5000,quantity,0,1,1,1,1,1,1,2,0,0
95233,Milstein and Halali (in prep),Milstein and Halali (in prep; Study3),233,2,25,Estimated number of natural sciences and mathematics students in Israel,33728,5000,0,3000,quantity,0,1,1,1,1,1,1,2,0,0
95234,Milstein and Halali (in prep),Milstein and Halali (in prep; Study3),234,1,23,Estimated number of natural sciences and mathematics students in Israel,33728,25000,1,18000,quantity,0,1,1,1,1,1,1,2,0,0
95235,Milstein and Halali (in prep),Milstein and Halali (in prep; Study3),235,2,23,Estimated number of natural sciences and mathematics students in Israel,33728,25000,1,10000,quantity,0,1,1,1,1,1,1,2,0,0
95236,Milstein and Halali (in prep),Milstein and Halali (in prep; Study3),236,1,25,Estimated number of natural sciences and mathematics students in Israel,33728,25000,1,8000,quantity,0,1,1,1,1,1,1,2,0,0
95237,Milstein and Halali (in prep),Milstein and Halali (in prep; Study3),237,1,29,Estimated number of natural sciences and mathematics students in Israel,33728,5000,0,15000,quantity,0,1,1,1,1,1,1,2,0,0
95238,Milstein and Halali (in prep),Milstein and Halali (in prep; Study3),238,2,26,Estimated number of natural sciences and mathematics students in Israel,33728,25000,1,30000,quantity,0,1,1,1,1,1,1,2,0,0
95239,Milstein and Halali (in prep),Milstein and Halali (in prep; Study3),239,1,35,Estimated number of natural sciences and mathematics students in Israel,33728,5000,0,20000,quantity,0,1,1,1,1,1,1,2,0,0
95240,Milstein and Halali (in prep),Milstein and Halali (in prep; Study3),240,2,22,Estimated number of natural sciences and mathematics students in Israel,33728,25000,1,12000,quantity,0,1,1,1,1,1,1,2,0,0
95241,Milstein and Halali (in prep),Milstein and Halali (in prep; Study3),241,2,29,Estimated number of natural sciences and mathematics students in Israel,33728,5000,0,16000,quantity,0,1,1,1,1,1,1,2,0,0
95242,Milstein and Halali (in prep),Milstein and Halali (in prep; Study3),242,2,25,Estimated number of natural sciences and mathematics students in Israel,33728,25000,1,50000,quantity,0,1,1,1,1,1,1,2,0,0
95243,Milstein and Halali (in prep),Milstein and Halali (in prep; Study3),243,2,23,Estimated number of natural sciences and mathematics students in Israel,33728,5000,0,10000,quantity,0,1,1,1,1,1,1,2,0,0
95244,Milstein and Halali (in prep),Milstein and Halali (in prep; Study3),244,2,21,Estimated number of natural sciences and mathematics students in Israel,33728,5000,0,30000,quantity,0,1,1,1,1,1,1,2,0,0
95245,Milstein and Halali (in prep),Milstein and Halali (in prep; Study3),245,2,21,Estimated number of natural sciences and mathematics students in Israel,33728,25000,1,30000,quantity,0,1,1,1,1,1,1,2,0,0
95246,Milstein and Halali (in prep),Milstein and Halali (in prep; Study3),246,2,23,Estimated number of natural sciences and mathematics students in Israel,33728,25000,1,35000,quantity,0,1,1,1,1,1,1,2,0,0
95247,Milstein and Halali (in prep),Milstein and Halali (in prep; Study3),247,2,23,Estimated number of natural sciences and mathematics students in Israel,33728,5000,0,9000,quantity,0,1,1,1,1,1,1,2,0,0
95248,Milstein and Halali (in prep),Milstein and Halali (in prep; Study3),248,2,21,Estimated number of natural sciences and mathematics students in Israel,33728,25000,1,50000,quantity,0,1,1,1,1,1,1,2,0,0
95249,Milstein and Halali (in prep),Milstein and Halali (in prep; Study3),249,2,26,Estimated number of natural sciences and mathematics students in Israel,33728,5000,0,10000,quantity,0,1,1,1,1,1,1,2,0,0
95250,Milstein and Halali (in prep),Milstein and Halali (in prep; Study3),250,2,24,Estimated number of natural sciences and mathematics students in Israel,33728,5000,0,30000,quantity,0,1,1,1,1,1,1,2,0,0
95251,Milstein and Halali (in prep),Milstein and Halali (in prep; Study3),251,2,21,Estimated number of natural sciences and mathematics students in Israel,33728,5000,0,5500,quantity,0,1,1,1,1,1,1,2,0,0
95252,Milstein and Halali (in prep),Milstein and Halali (in prep; Study3),252,2,22,Estimated number of natural sciences and mathematics students in Israel,33728,25000,1,30000,quantity,0,1,1,1,1,1,1,2,0,0
95253,Milstein and Halali (in prep),Milstein and Halali (in prep; Study3),253,1,25,Estimated number of natural sciences and mathematics students in Israel,33728,5000,0,8000,quantity,0,1,1,1,1,1,1,2,0,0
95254,Milstein and Halali (in prep),Milstein and Halali (in prep; Study3),254,2,22,Estimated number of natural sciences and mathematics students in Israel,33728,5000,0,6000,quantity,0,1,1,1,1,1,1,2,0,0
95255,Milstein and Halali (in prep),Milstein and Halali (in prep; Study3),255,2,23,Estimated number of natural sciences and mathematics students in Israel,33728,5000,0,3000,quantity,0,1,1,1,1,1,1,2,0,0
95256,Milstein and Halali (in prep),Milstein and Halali (in prep; Study3),256,2,42,Estimated number of natural sciences and mathematics students in Israel,33728,5000,0,10000,quantity,0,1,1,1,1,1,1,2,0,0
95257,Milstein and Halali (in prep),Milstein and Halali (in prep; Study3),257,2,21,Estimated number of natural sciences and mathematics students in Israel,33728,25000,1,24000,quantity,0,1,1,1,1,1,1,2,0,0
95258,Milstein and Halali (in prep),Milstein and Halali (in prep; Study3),258,1,25,Estimated number of natural sciences and mathematics students in Israel,33728,25000,1,50000,quantity,0,1,1,1,1,1,1,2,0,0
95259,Milstein and Halali (in prep),Milstein and Halali (in prep; Study3),259,1,25,Estimated number of natural sciences and mathematics students in Israel,33728,25000,1,10000,quantity,0,1,1,1,1,1,1,2,0,0
95260,Milstein and Halali (in prep),Milstein and Halali (in prep; Study3),260,1,25,Estimated number of natural sciences and mathematics students in Israel,33728,25000,1,20000,quantity,0,1,1,1,1,1,1,2,0,0
95261,Milstein and Halali (in prep),Milstein and Halali (in prep; Study3),261,2,22,Estimated number of natural sciences and mathematics students in Israel,33728,5000,0,10000,quantity,0,1,1,1,1,1,1,2,0,0
95262,Milstein and Halali (in prep),Milstein and Halali (in prep; Study3),262,2,23,Estimated number of natural sciences and mathematics students in Israel,33728,25000,1,10000,quantity,0,1,1,1,1,1,1,2,0,0
95263,Milstein and Halali (in prep),Milstein and Halali (in prep; Study3),263,2,23,Estimated number of natural sciences and mathematics students in Israel,33728,25000,1,70000,quantity,0,1,1,1,1,1,1,2,0,0
95264,Milstein and Halali (in prep),Milstein and Halali (in prep; Study3),264,2,23,Estimated number of natural sciences and mathematics students in Israel,33728,5000,0,20000,quantity,0,1,1,1,1,1,1,2,0,0
95265,Milstein and Halali (in prep),Milstein and Halali (in prep; Study3),265,2,23,Estimated number of natural sciences and mathematics students in Israel,33728,25000,1,40000,quantity,0,1,1,1,1,1,1,2,0,0
95266,Milstein and Halali (in prep),Milstein and Halali (in prep; Study3),266,2,24,Estimated number of natural sciences and mathematics students in Israel,33728,5000,0,15000,quantity,0,1,1,1,1,1,1,2,0,0
95269,Milstein and Halali (in prep),Milstein and Halali (in prep; Study3),269,2,22,Estimated number of natural sciences and mathematics students in Israel,33728,25000,1,35000,quantity,0,1,1,1,1,1,1,2,0,0
95270,Milstein and Halali (in prep),Milstein and Halali (in prep; Study3),270,2,21,Estimated number of natural sciences and mathematics students in Israel,33728,25000,1,50000,quantity,0,1,1,1,1,1,1,2,0,0
95271,Milstein and Halali (in prep),Milstein and Halali (in prep; Study3),271,2,24,Estimated number of natural sciences and mathematics students in Israel,33728,5000,0,7000,quantity,0,1,1,1,1,1,1,2,0,0
95272,Milstein and Halali (in prep),Milstein and Halali (in prep; Study3),272,2,21,Estimated number of natural sciences and mathematics students in Israel,33728,5000,0,10000,quantity,0,1,1,1,1,1,1,2,0,0
95273,Milstein and Halali (in prep),Milstein and Halali (in prep; Study3),273,2,22,Estimated number of natural sciences and mathematics students in Israel,33728,5000,0,3400,quantity,0,1,1,1,1,1,1,2,0,0
95274,Milstein and Halali (in prep),Milstein and Halali (in prep; Study3),274,2,22,Estimated number of natural sciences and mathematics students in Israel,33728,5000,0,15000,quantity,0,1,1,1,1,1,1,2,0,0
95275,Milstein and Halali (in prep),Milstein and Halali (in prep; Study3),275,2,21,Estimated number of natural sciences and mathematics students in Israel,33728,5000,0,8000,quantity,0,1,1,1,1,1,1,2,0,0
95276,Milstein and Halali (in prep),Milstein and Halali (in prep; Study3),276,1,25,Estimated number of natural sciences and mathematics students in Israel,33728,25000,1,35000,quantity,0,1,1,1,1,1,1,2,0,0
95277,Milstein and Halali (in prep),Milstein and Halali (in prep; Study3),277,2,20,Estimated number of natural sciences and mathematics students in Israel,33728,25000,1,20000,quantity,0,1,1,1,1,1,1,2,0,0
95278,Milstein and Halali (in prep),Milstein and Halali (in prep; Study3),278,2,27,Estimated number of natural sciences and mathematics students in Israel,33728,25000,1,20000,quantity,0,1,1,1,1,1,1,2,0,0
95279,Milstein and Halali (in prep),Milstein and Halali (in prep; Study3),279,2,26,Estimated number of natural sciences and mathematics students in Israel,33728,25000,1,100000,quantity,0,1,1,1,1,1,1,2,0,0
95280,Milstein and Halali (in prep),Milstein and Halali (in prep; Study3),280,2,25,Estimated number of natural sciences and mathematics students in Israel,33728,5000,0,5000,quantity,0,1,1,1,1,1,1,2,0,0
95281,Milstein and Halali (in prep),Milstein and Halali (in prep; Study3),281,2,21,Estimated number of natural sciences and mathematics students in Israel,33728,25000,1,20000,quantity,0,1,1,1,1,1,1,2,0,0
95282,Milstein and Halali (in prep),Milstein and Halali (in prep; Study3),282,2,22,Estimated number of natural sciences and mathematics students in Israel,33728,5000,0,25000,quantity,0,1,1,1,1,1,1,2,0,0
95283,Milstein and Halali (in prep),Milstein and Halali (in prep; Study3),283,2,22,Estimated number of natural sciences and mathematics students in Israel,33728,25000,1,50000,quantity,0,1,1,1,1,1,1,2,0,0
95284,Milstein and Halali (in prep),Milstein and Halali (in prep; Study3),284,2,22,Estimated number of natural sciences and mathematics students in Israel,33728,25000,1,50000,quantity,0,1,1,1,1,1,1,2,0,0
95285,Milstein and Halali (in prep),Milstein and Halali (in prep; Study3),285,2,20,Estimated number of natural sciences and mathematics students in Israel,33728,25000,1,23000,quantity,0,1,1,1,1,1,1,2,0,0
95286,Milstein and Halali (in prep),Milstein and Halali (in prep; Study3),286,2,24,Estimated number of natural sciences and mathematics students in Israel,33728,25000,1,80000,quantity,0,1,1,1,1,1,1,2,0,0
95287,Milstein and Halali (in prep),Milstein and Halali (in prep; Study3),287,2,21,Estimated number of natural sciences and mathematics students in Israel,33728,5000,0,7000,quantity,0,1,1,1,1,1,1,2,0,0
95288,Milstein and Halali (in prep),Milstein and Halali (in prep; Study3),288,2,23,Estimated number of natural sciences and mathematics students in Israel,33728,25000,1,40000,quantity,0,1,1,1,1,1,1,2,0,0
95289,Milstein and Halali (in prep),Milstein and Halali (in prep; Study3),289,2,21,Estimated number of natural sciences and mathematics students in Israel,33728,25000,1,30000,quantity,0,1,1,1,1,1,1,2,0,0
95290,Milstein and Halali (in prep),Milstein and Halali (in prep; Study3),290,2,21,Estimated number of natural sciences and mathematics students in Israel,33728,25000,1,25000,quantity,0,1,1,1,1,1,1,2,0,0
95291,Milstein and Halali (in prep),Milstein and Halali (in prep; Study3),291,2,22,Estimated number of natural sciences and mathematics students in Israel,33728,5000,0,12000,quantity,0,1,1,1,1,1,1,2,0,0
95292,Milstein and Halali (in prep),Milstein and Halali (in prep; Study3),292,2,23,Estimated number of natural sciences and mathematics students in Israel,33728,5000,0,60000,quantity,0,1,1,1,1,1,1,2,0,0
95301,Milstein and Halali (in prep),Milstein and Halali (in prep; Study4),301,2,23,Estimated number of natural sciences and mathematics students in Israel,35512,5000,0,30000,quantity,0,1,1,1,1,1,1,2,0,0
95302,Milstein and Halali (in prep),Milstein and Halali (in prep; Study4),302,1,25,Estimated number of natural sciences and mathematics students in Israel,35512,5000,0,15000,quantity,0,1,1,1,1,1,1,2,0,0
95303,Milstein and Halali (in prep),Milstein and Halali (in prep; Study4),303,2,23,Estimated number of natural sciences and mathematics students in Israel,35512,5000,0,8000,quantity,0,1,1,1,1,1,1,2,0,0
95304,Milstein and Halali (in prep),Milstein and Halali (in prep; Study4),304,2,26,Estimated number of natural sciences and mathematics students in Israel,35512,25000,1,20000,quantity,0,1,1,1,1,1,1,2,0,0
95305,Milstein and Halali (in prep),Milstein and Halali (in prep; Study4),305,2,22,Estimated number of natural sciences and mathematics students in Israel,35512,25000,1,30000,quantity,0,1,1,1,1,1,1,2,0,0
95306,Milstein and Halali (in prep),Milstein and Halali (in prep; Study4),306,2,21,Estimated number of natural sciences and mathematics students in Israel,35512,5000,0,40000,quantity,0,1,1,1,1,1,1,2,0,0
95307,Milstein and Halali (in prep),Milstein and Halali (in prep; Study4),307,2,23,Estimated number of natural sciences and mathematics students in Israel,35512,25000,1,38000,quantity,0,1,1,1,1,1,1,2,0,0
95309,Milstein and Halali (in prep),Milstein and Halali (in prep; Study4),309,2,24,Estimated number of natural sciences and mathematics students in Israel,35512,25000,1,40000,quantity,0,1,1,1,1,1,1,2,0,0
95310,Milstein and Halali (in prep),Milstein and Halali (in prep; Study4),310,2,22,Estimated number of natural sciences and mathematics students in Israel,35512,5000,0,20000,quantity,0,1,1,1,1,1,1,2,0,0
95311,Milstein and Halali (in prep),Milstein and Halali (in prep; Study4),311,2,24,Estimated number of natural sciences and mathematics students in Israel,35512,5000,0,10000,quantity,0,1,1,1,1,1,1,2,0,0
95312,Milstein and Halali (in prep),Milstein and Halali (in prep; Study4),312,1,24,Estimated number of natural sciences and mathematics students in Israel,35512,25000,1,10000,quantity,0,1,1,1,1,1,1,2,0,0
95313,Milstein and Halali (in prep),Milstein and Halali (in prep; Study4),313,1,24,Estimated number of natural sciences and mathematics students in Israel,35512,25000,1,40000,quantity,0,1,1,1,1,1,1,2,0,0
95314,Milstein and Halali (in prep),Milstein and Halali (in prep; Study4),314,1,26,Estimated number of natural sciences and mathematics students in Israel,35512,25000,1,9000,quantity,0,1,1,1,1,1,1,2,0,0
95315,Milstein and Halali (in prep),Milstein and Halali (in prep; Study4),315,2,23,Estimated number of natural sciences and mathematics students in Israel,35512,25000,1,30000,quantity,0,1,1,1,1,1,1,2,0,0
95316,Milstein and Halali (in prep),Milstein and Halali (in prep; Study4),316,2,24,Estimated number of natural sciences and mathematics students in Israel,35512,25000,1,100000,quantity,0,1,1,1,1,1,1,2,0,0
95317,Milstein and Halali (in prep),Milstein and Halali (in prep; Study4),317,2,27,Estimated number of natural sciences and mathematics students in Israel,35512,5000,0,13000,quantity,0,1,1,1,1,1,1,2,0,0
95318,Milstein and Halali (in prep),Milstein and Halali (in prep; Study4),318,2,24,Estimated number of natural sciences and mathematics students in Israel,35512,5000,0,7000,quantity,0,1,1,1,1,1,1,2,0,0
95319,Milstein and Halali (in prep),Milstein and Halali (in prep; Study4),319,2,24,Estimated number of natural sciences and mathematics students in Israel,35512, , ,7000,quantity,0,1,1,1,1,1,1,2,0,0
95320,Milstein and Halali (in prep),Milstein and Halali (in prep; Study4),320,2,24,Estimated number of natural sciences and mathematics students in Israel,35512,5000,0,10000,quantity,0,1,1,1,1,1,1,2,0,0
95321,Milstein and Halali (in prep),Milstein and Halali (in prep; Study4),321,2,22,Estimated number of natural sciences and mathematics students in Israel,35512,5000,0,70000,quantity,0,1,1,1,1,1,1,2,0,0
95322,Milstein and Halali (in prep),Milstein and Halali (in prep; Study4),322,1,24,Estimated number of natural sciences and mathematics students in Israel,35512,5000,0,6000,quantity,0,1,1,1,1,1,1,2,0,0
95323,Milstein and Halali (in prep),Milstein and Halali (in prep; Study4),323,2,24,Estimated number of natural sciences and mathematics students in Israel,35512,25000,1,15000,quantity,0,1,1,1,1,1,1,2,0,0
95324,Milstein and Halali (in prep),Milstein and Halali (in prep; Study4),324,1,24,Estimated number of natural sciences and mathematics students in Israel,35512,5000,0,2500,quantity,0,1,1,1,1,1,1,2,0,0
95325,Milstein and Halali (in prep),Milstein and Halali (in prep; Study4),325,2,23,Estimated number of natural sciences and mathematics students in Israel,35512,25000,1,20000,quantity,0,1,1,1,1,1,1,2,0,0
95326,Milstein and Halali (in prep),Milstein and Halali (in prep; Study4),326,2,24,Estimated number of natural sciences and mathematics students in Israel,35512,25000,1,30000,quantity,0,1,1,1,1,1,1,2,0,0
95327,Milstein and Halali (in prep),Milstein and Halali (in prep; Study4),327,2,24,Estimated number of natural sciences and mathematics students in Israel,35512,5000,0,40000,quantity,0,1,1,1,1,1,1,2,0,0
95328,Milstein and Halali (in prep),Milstein and Halali (in prep; Study4),328,1,26,Estimated number of natural sciences and mathematics students in Israel,35512,5000,0,1500,quantity,0,1,1,1,1,1,1,2,0,0
95329,Milstein and Halali (in prep),Milstein and Halali (in prep; Study4),329,1,30,Estimated number of natural sciences and mathematics students in Israel,35512,25000,1,32000,quantity,0,1,1,1,1,1,1,2,0,0
95330,Milstein and Halali (in prep),Milstein and Halali (in prep; Study4),330,2,24,Estimated number of natural sciences and mathematics students in Israel,35512,5000,0,6500,quantity,0,1,1,1,1,1,1,2,0,0
95331,Milstein and Halali (in prep),Milstein and Halali (in prep; Study4),331,1,28,Estimated number of natural sciences and mathematics students in Israel,35512,25000,1,5000,quantity,0,1,1,1,1,1,1,2,0,0
95332,Milstein and Halali (in prep),Milstein and Halali (in prep; Study4),332,2,26,Estimated number of natural sciences and mathematics students in Israel,35512,25000,1,50000,quantity,0,1,1,1,1,1,1,2,0,0
95333,Milstein and Halali (in prep),Milstein and Halali (in prep; Study4),333,2,23,Estimated number of natural sciences and mathematics students in Israel,35512,25000,1,20000,quantity,0,1,1,1,1,1,1,2,0,0
95335,Milstein and Halali (in prep),Milstein and Halali (in prep; Study4),335,2,23,Estimated number of natural sciences and mathematics students in Israel,35512,25000,1,10000,quantity,0,1,1,1,1,1,1,2,0,0
95336,Milstein and Halali (in prep),Milstein and Halali (in prep; Study4),336,2,23,Estimated number of natural sciences and mathematics students in Israel,35512,25000,1,20000,quantity,0,1,1,1,1,1,1,2,0,0
95337,Milstein and Halali (in prep),Milstein and Halali (in prep; Study4),337,1,28,Estimated number of natural sciences and mathematics students in Israel,35512,25000,1,40000,quantity,0,1,1,1,1,1,1,2,0,0
95338,Milstein and Halali (in prep),Milstein and Halali (in prep; Study4),338,2,24,Estimated number of natural sciences and mathematics students in Israel,35512,5000,0,7000,quantity,0,1,1,1,1,1,1,2,0,0
95339,Milstein and Halali (in prep),Milstein and Halali (in prep; Study4),339,2,25,Estimated number of natural sciences and mathematics students in Israel,35512,5000,0,15000,quantity,0,1,1,1,1,1,1,2,0,0
95340,Milstein and Halali (in prep),Milstein and Halali (in prep; Study4),340,2,23,Estimated number of natural sciences and mathematics students in Israel,35512,5000,0,7000,quantity,0,1,1,1,1,1,1,2,0,0
95341,Milstein and Halali (in prep),Milstein and Halali (in prep; Study4),341,1,26,Estimated number of natural sciences and mathematics students in Israel,35512,25000,1,40000,quantity,0,1,1,1,1,1,1,2,0,0
95342,Milstein and Halali (in prep),Milstein and Halali (in prep; Study4),342,2,22,Estimated number of natural sciences and mathematics students in Israel,35512,25000,1,4000,quantity,0,1,1,1,1,1,1,2,0,0
95343,Milstein and Halali (in prep),Milstein and Halali (in prep; Study4),343,2,22,Estimated number of natural sciences and mathematics students in Israel,35512,5000,0,20,quantity,0,1,1,1,1,1,1,2,0,0
95344,Milstein and Halali (in prep),Milstein and Halali (in prep; Study4),344,2,26,Estimated number of natural sciences and mathematics students in Israel,35512,5000,0,80000,quantity,0,1,1,1,1,1,1,2,0,0
95345,Milstein and Halali (in prep),Milstein and Halali (in prep; Study4),345,2,24,Estimated number of natural sciences and mathematics students in Israel,35512,25000,1,7000,quantity,0,1,1,1,1,1,1,2,0,0
95346,Milstein and Halali (in prep),Milstein and Halali (in prep; Study4),346,2,23,Estimated number of natural sciences and mathematics students in Israel,35512,5000,0,2600,quantity,0,1,1,1,1,1,1,2,0,0
95347,Milstein and Halali (in prep),Milstein and Halali (in prep; Study4),347,2,21,Estimated number of natural sciences and mathematics students in Israel,35512,25000,1,15000,quantity,0,1,1,1,1,1,1,2,0,0
95348,Milstein and Halali (in prep),Milstein and Halali (in prep; Study4),348,2,23,Estimated number of natural sciences and mathematics students in Israel,35512,25000,1,5000,quantity,0,1,1,1,1,1,1,2,0,0
95349,Milstein and Halali (in prep),Milstein and Halali (in prep; Study4),349,2,23,Estimated number of natural sciences and mathematics students in Israel,35512,25000,1,70000,quantity,0,1,1,1,1,1,1,2,0,0
95350,Milstein and Halali (in prep),Milstein and Halali (in prep; Study4),350,2,24,Estimated number of natural sciences and mathematics students in Israel,35512,25000,1,32000,quantity,0,1,1,1,1,1,1,2,0,0
95351,Milstein and Halali (in prep),Milstein and Halali (in prep; Study4),351,2,23,Estimated number of natural sciences and mathematics students in Israel,35512,25000,1,5000,quantity,0,1,1,1,1,1,1,2,0,0
95352,Milstein and Halali (in prep),Milstein and Halali (in prep; Study4),352,2,23,Estimated number of natural sciences and mathematics students in Israel,35512,25000,1,80000,quantity,0,1,1,1,1,1,1,2,0,0
95353,Milstein and Halali (in prep),Milstein and Halali (in prep; Study4),353,2,22,Estimated number of natural sciences and mathematics students in Israel,35512,5000,0,3000,quantity,0,1,1,1,1,1,1,2,0,0
95354,Milstein and Halali (in prep),Milstein and Halali (in prep; Study4),354,2,23,Estimated number of natural sciences and mathematics students in Israel,35512,5000,0,20000,quantity,0,1,1,1,1,1,1,2,0,0
95355,Milstein and Halali (in prep),Milstein and Halali (in prep; Study4),355,2,25,Estimated number of natural sciences and mathematics students in Israel,35512,25000,1,30000,quantity,0,1,1,1,1,1,1,2,0,0
95356,Milstein and Halali (in prep),Milstein and Halali (in prep; Study4),356,2,23,Estimated number of natural sciences and mathematics students in Israel,35512,25000,1,26000,quantity,0,1,1,1,1,1,1,2,0,0
95357,Milstein and Halali (in prep),Milstein and Halali (in prep; Study4),357,2,26,Estimated number of natural sciences and mathematics students in Israel,35512,25000,1,30000,quantity,0,1,1,1,1,1,1,2,0,0
95358,Milstein and Halali (in prep),Milstein and Halali (in prep; Study4),358,2,21,Estimated number of natural sciences and mathematics students in Israel,35512,5000,0,20000,quantity,0,1,1,1,1,1,1,2,0,0
95359,Milstein and Halali (in prep),Milstein and Halali (in prep; Study4),359,2,27,Estimated number of natural sciences and mathematics students in Israel,35512,5000,0,10000,quantity,0,1,1,1,1,1,1,2,0,0
95360,Milstein and Halali (in prep),Milstein and Halali (in prep; Study4),360,2,21,Estimated number of natural sciences and mathematics students in Israel,35512,25000,1,60000,quantity,0,1,1,1,1,1,1,2,0,0
95361,Milstein and Halali (in prep),Milstein and Halali (in prep; Study4),361,2,24,Estimated number of natural sciences and mathematics students in Israel,35512,5000,0,7000,quantity,0,1,1,1,1,1,1,2,0,0
95362,Milstein and Halali (in prep),Milstein and Halali (in prep; Study4),362,2,23,Estimated number of natural sciences and mathematics students in Israel,35512,5000,0,15000,quantity,0,1,1,1,1,1,1,2,0,0
95363,Milstein and Halali (in prep),Milstein and Halali (in prep; Study4),363,2,25,Estimated number of natural sciences and mathematics students in Israel,35512,5000,0,7000,quantity,0,1,1,1,1,1,1,2,0,0
95364,Milstein and Halali (in prep),Milstein and Halali (in prep; Study4),364,1,35,Estimated number of natural sciences and mathematics students in Israel,35512,25000,1,30000,quantity,0,1,1,1,1,1,1,2,0,0
95365,Milstein and Halali (in prep),Milstein and Halali (in prep; Study4),365,1,27,Estimated number of natural sciences and mathematics students in Israel,35512,25000,1,15000,quantity,0,1,1,1,1,1,1,2,0,0
95366,Milstein and Halali (in prep),Milstein and Halali (in prep; Study4),366,1,26,Estimated number of natural sciences and mathematics students in Israel,35512,25000,1,8000,quantity,0,1,1,1,1,1,1,2,0,0
95367,Milstein and Halali (in prep),Milstein and Halali (in prep; Study4),367,2,21,Estimated number of natural sciences and mathematics students in Israel,35512,5000,0,1000,quantity,0,1,1,1,1,1,1,2,0,0
95368,Milstein and Halali (in prep),Milstein and Halali (in prep; Study4),368,2,22,Estimated number of natural sciences and mathematics students in Israel,35512, , ,7000,quantity,0,1,1,1,1,1,1,2,0,0
95369,Milstein and Halali (in prep),Milstein and Halali (in prep; Study4),369,2,22,Estimated number of natural sciences and mathematics students in Israel,35512,25000,1,10000,quantity,0,1,1,1,1,1,1,2,0,0
95370,Milstein and Halali (in prep),Milstein and Halali (in prep; Study4),370,1,25,Estimated number of natural sciences and mathematics students in Israel,35512,25000,1,5000,quantity,0,1,1,1,1,1,1,2,0,0
95371,Milstein and Halali (in prep),Milstein and Halali (in prep; Study4),371,2,22,Estimated number of natural sciences and mathematics students in Israel,35512,25000,1,35000,quantity,0,1,1,1,1,1,1,2,0,0
95372,Milstein and Halali (in prep),Milstein and Halali (in prep; Study4),372,2,23,Estimated number of natural sciences and mathematics students in Israel,35512,25000,1,60000,quantity,0,1,1,1,1,1,1,2,0,0
95373,Milstein and Halali (in prep),Milstein and Halali (in prep; Study4),373,2,24,Estimated number of natural sciences and mathematics students in Israel,35512,5000,0,2000,quantity,0,1,1,1,1,1,1,2,0,0
95374,Milstein and Halali (in prep),Milstein and Halali (in prep; Study4),374,2,21,Estimated number of natural sciences and mathematics students in Israel,35512,5000,0,2500,quantity,0,1,1,1,1,1,1,2,0,0
95375,Milstein and Halali (in prep),Milstein and Halali (in prep; Study4),375,2,25,Estimated number of natural sciences and mathematics students in Israel,35512,5000,0,6000,quantity,0,1,1,1,1,1,1,2,0,0
95376,Milstein and Halali (in prep),Milstein and Halali (in prep; Study4),376,2,23,Estimated number of natural sciences and mathematics students in Israel,35512,25000,1,20000,quantity,0,1,1,1,1,1,1,2,0,0
95377,Milstein and Halali (in prep),Milstein and Halali (in prep; Study4),377,2,19,Estimated number of natural sciences and mathematics students in Israel,35512,5000,0,8000,quantity,0,1,1,1,1,1,1,2,0,0
95378,Milstein and Halali (in prep),Milstein and Halali (in prep; Study4),378,2,29,Estimated number of natural sciences and mathematics students in Israel,35512,25000,1,15,quantity,0,1,1,1,1,1,1,2,0,0
95379,Milstein and Halali (in prep),Milstein and Halali (in prep; Study4),379,2,21,Estimated number of natural sciences and mathematics students in Israel,35512,5000,0,8000,quantity,0,1,1,1,1,1,1,2,0,0
95380,Milstein and Halali (in prep),Milstein and Halali (in prep; Study4),380,2,22,Estimated number of natural sciences and mathematics students in Israel,35512,25000,1,50000,quantity,0,1,1,1,1,1,1,2,0,0
95381,Milstein and Halali (in prep),Milstein and Halali (in prep; Study4),381,2,23.5,Estimated number of natural sciences and mathematics students in Israel,35512,25000,1,20000,quantity,0,1,1,1,1,1,1,2,0,0
95382,Milstein and Halali (in prep),Milstein and Halali (in prep; Study4),382,2,21,Estimated number of natural sciences and mathematics students in Israel,35512,25000,1,40000,quantity,0,1,1,1,1,1,1,2,0,0
95383,Milstein and Halali (in prep),Milstein and Halali (in prep; Study4),383,2,22,Estimated number of natural sciences and mathematics students in Israel,35512,25000,1,10000,quantity,0,1,1,1,1,1,1,2,0,0
95384,Milstein and Halali (in prep),Milstein and Halali (in prep; Study4),384,2,24,Estimated number of natural sciences and mathematics students in Israel,35512,5000,0,10000,quantity,0,1,1,1,1,1,1,2,0,0
95385,Milstein and Halali (in prep),Milstein and Halali (in prep; Study4),385,2,22,Estimated number of natural sciences and mathematics students in Israel,35512,5000,0,7000,quantity,0,1,1,1,1,1,1,2,0,0
95386,Milstein and Halali (in prep),Milstein and Halali (in prep; Study4),386,2,24,Estimated number of natural sciences and mathematics students in Israel,35512,25000,1,30000,quantity,0,1,1,1,1,1,1,2,0,0
95387,Milstein and Halali (in prep),Milstein and Halali (in prep; Study4),387,2,25,Estimated number of natural sciences and mathematics students in Israel,35512,5000,0,10000,quantity,0,1,1,1,1,1,1,2,0,0
95388,Milstein and Halali (in prep),Milstein and Halali (in prep; Study4),388,2,24,Estimated number of natural sciences and mathematics students in Israel,35512,5000,0,3000,quantity,0,1,1,1,1,1,1,2,0,0
95389,Milstein and Halali (in prep),Milstein and Halali (in prep; Study4),389,2,25.5,Estimated number of natural sciences and mathematics students in Israel,35512,25000,1,7500,quantity,0,1,1,1,1,1,1,2,0,0
95390,Milstein and Halali (in prep),Milstein and Halali (in prep; Study4),390,2,23,Estimated number of natural sciences and mathematics students in Israel,35512,5000,0,6000,quantity,0,1,1,1,1,1,1,2,0,0
95391,Milstein and Halali (in prep),Milstein and Halali (in prep; Study4),391,2,22,Estimated number of natural sciences and mathematics students in Israel,35512,5000,0,9000,quantity,0,1,1,1,1,1,1,2,0,0
95392,Milstein and Halali (in prep),Milstein and Halali (in prep; Study4),392,2,22,Estimated number of natural sciences and mathematics students in Israel,35512,25000,1,14500,quantity,0,1,1,1,1,1,1,2,0,0
95393,Milstein and Halali (in prep),Milstein and Halali (in prep; Study4),393,2,24,Estimated number of natural sciences and mathematics students in Israel,35512,5000,0,30000,quantity,0,1,1,1,1,1,1,2,0,0
95394,Milstein and Halali (in prep),Milstein and Halali (in prep; Study4),394,2,20,Estimated number of natural sciences and mathematics students in Israel,35512,5000,0,14000,quantity,0,1,1,1,1,1,1,2,0,0
95395,Milstein and Halali (in prep),Milstein and Halali (in prep; Study4),395,2,21,Estimated number of natural sciences and mathematics students in Israel,35512,25000,1,30000,quantity,0,1,1,1,1,1,1,2,0,0
95396,Milstein and Halali (in prep),Milstein and Halali (in prep; Study4),396,1,25,Estimated number of natural sciences and mathematics students in Israel,35512,25000,1,10000,quantity,0,1,1,1,1,1,1,2,0,0
95397,Milstein and Halali (in prep),Milstein and Halali (in prep; Study4),397,2,23,Estimated number of natural sciences and mathematics students in Israel,35512,5000,0,11000,quantity,0,1,1,1,1,1,1,2,0,0
95398,Milstein and Halali (in prep),Milstein and Halali (in prep; Study4),398,2,22,Estimated number of natural sciences and mathematics students in Israel,35512,25000,1,20000,quantity,0,1,1,1,1,1,1,2,0,0
95400,Milstein and Halali (in prep),Milstein and Halali (in prep; Study4),400,2,22,Estimated number of natural sciences and mathematics students in Israel,35512,5000,0,8000,quantity,0,1,1,1,1,1,1,2,0,0
95401,Milstein and Halali (in prep),Milstein and Halali (in prep; Study4),401,2,22,Estimated number of natural sciences and mathematics students in Israel,35512,25000,1,10000,quantity,0,1,1,1,1,1,1,2,0,0
95402,Milstein and Halali (in prep),Milstein and Halali (in prep; Study4),402,2,22,Estimated number of natural sciences and mathematics students in Israel,35512,5000,0,6000,quantity,0,1,1,1,1,1,1,2,0,0
95403,Milstein and Halali (in prep),Milstein and Halali (in prep; Study4),403,2,21,Estimated number of natural sciences and mathematics students in Israel,35512,25000,1,30000,quantity,0,1,1,1,1,1,1,2,0,0
95404,Milstein and Halali (in prep),Milstein and Halali (in prep; Study4),404,2,24,Estimated number of natural sciences and mathematics students in Israel,35512,5000,0,8000,quantity,0,1,1,1,1,1,1,2,0,0
95405,Milstein and Halali (in prep),Milstein and Halali (in prep; Study4),405,1,25,Estimated number of natural sciences and mathematics students in Israel,35512,5000,0,12000,quantity,0,1,1,1,1,1,1,2,0,0
95406,Milstein and Halali (in prep),Milstein and Halali (in prep; Study4),406,2,23,Estimated number of natural sciences and mathematics students in Israel,35512,25000,1,15000,quantity,0,1,1,1,1,1,1,2,0,0
95407,Milstein and Halali (in prep),Milstein and Halali (in prep; Study4),407,2,23,Estimated number of natural sciences and mathematics students in Israel,35512,5000,0,15000,quantity,0,1,1,1,1,1,1,2,0,0
95408,Milstein and Halali (in prep),Milstein and Halali (in prep; Study4),408,2,22,Estimated number of natural sciences and mathematics students in Israel,35512,5000,0,10000,quantity,0,1,1,1,1,1,1,2,0,0
95409,Milstein and Halali (in prep),Milstein and Halali (in prep; Study4),409,2,23,Estimated number of natural sciences and mathematics students in Israel,35512,25000,1,700,quantity,0,1,1,1,1,1,1,2,0,0
95410,Milstein and Halali (in prep),Milstein and Halali (in prep; Study4),410,2,24,Estimated number of natural sciences and mathematics students in Israel,35512,5000,0,6000,quantity,0,1,1,1,1,1,1,2,0,0
95411,Milstein and Halali (in prep),Milstein and Halali (in prep; Study4),411,2,22,Estimated number of natural sciences and mathematics students in Israel,35512,25000,1,40000,quantity,0,1,1,1,1,1,1,2,0,0
95412,Milstein and Halali (in prep),Milstein and Halali (in prep; Study4),412,2,22,Estimated number of natural sciences and mathematics students in Israel,35512,5000,0,7000,quantity,0,1,1,1,1,1,1,2,0,0
95413,Milstein and Halali (in prep),Milstein and Halali (in prep; Study4),413,2,22,Estimated number of natural sciences and mathematics students in Israel,35512,5000,0,2000,quantity,0,1,1,1,1,1,1,2,0,0
95414,Milstein and Halali (in prep),Milstein and Halali (in prep; Study4),414,2,25,Estimated number of natural sciences and mathematics students in Israel,35512,25000,1,30000,quantity,0,1,1,1,1,1,1,2,0,0
95415,Milstein and Halali (in prep),Milstein and Halali (in prep; Study4),415,1,23,Estimated number of natural sciences and mathematics students in Israel,35512,5000,0,1500,quantity,0,1,1,1,1,1,1,2,0,0
95416,Milstein and Halali (in prep),Milstein and Halali (in prep; Study4),416,2,22,Estimated number of natural sciences and mathematics students in Israel,35512,25000,1,20000,quantity,0,1,1,1,1,1,1,2,0,0
95417,Milstein and Halali (in prep),Milstein and Halali (in prep; Study4),417,2,24,Estimated number of natural sciences and mathematics students in Israel,35512,5000,0,80000,quantity,0,1,1,1,1,1,1,2,0,0
95501,Milstein and Halali (in prep),Milstein and Halali (in prep; Study5),501,2,21,Estimated number of natural sciences and mathematics students in Israel,38406,5000,0,20000,quantity,0,1,1,1,1,1,1,2,0,0
95502,Milstein and Halali (in prep),Milstein and Halali (in prep; Study5),502,1,26,Estimated number of natural sciences and mathematics students in Israel,38406,25000,1,30000,quantity,0,1,1,1,1,1,1,2,0,0
95503,Milstein and Halali (in prep),Milstein and Halali (in prep; Study5),503,2,23,Estimated number of natural sciences and mathematics students in Israel,38406,25000,1,40000,quantity,0,1,1,1,1,1,1,2,0,0
95504,Milstein and Halali (in prep),Milstein and Halali (in prep; Study5),504,2,23,Estimated number of natural sciences and mathematics students in Israel,38406,5000,0,20000,quantity,0,1,1,1,1,1,1,2,0,0
95505,Milstein and Halali (in prep),Milstein and Halali (in prep; Study5),505,2,23,Estimated number of natural sciences and mathematics students in Israel,38406,25000,1,20000,quantity,0,1,1,1,1,1,1,2,0,0
95506,Milstein and Halali (in prep),Milstein and Halali (in prep; Study5),506,2,22,Estimated number of natural sciences and mathematics students in Israel,38406,5000,0,8000,quantity,0,1,1,1,1,1,1,2,0,0
95507,Milstein and Halali (in prep),Milstein and Halali (in prep; Study5),507,2,25,Estimated number of natural sciences and mathematics students in Israel,38406,5000,0,15000,quantity,0,1,1,1,1,1,1,2,0,0
95508,Milstein and Halali (in prep),Milstein and Halali (in prep; Study5),508,1,26,Estimated number of natural sciences and mathematics students in Israel,38406,25000,1,75000,quantity,0,1,1,1,1,1,1,2,0,0
95509,Milstein and Halali (in prep),Milstein and Halali (in prep; Study5),509,2,23,Estimated number of natural sciences and mathematics students in Israel,38406,5000,0,20000,quantity,0,1,1,1,1,1,1,2,0,0
95510,Milstein and Halali (in prep),Milstein and Halali (in prep; Study5),510,2,22,Estimated number of natural sciences and mathematics students in Israel,38406,5000,0,7000,quantity,0,1,1,1,1,1,1,2,0,0
95511,Milstein and Halali (in prep),Milstein and Halali (in prep; Study5),511,1,25,Estimated number of natural sciences and mathematics students in Israel,38406,5000,0,7000,quantity,0,1,1,1,1,1,1,2,0,0
95512,Milstein and Halali (in prep),Milstein and Halali (in prep; Study5),512,1,25,Estimated number of natural sciences and mathematics students in Israel,38406,25000,1,5000,quantity,0,1,1,1,1,1,1,2,0,0
95513,Milstein and Halali (in prep),Milstein and Halali (in prep; Study5),513,2,23,Estimated number of natural sciences and mathematics students in Israel,38406,25000,1,5111,quantity,0,1,1,1,1,1,1,2,0,0
95514,Milstein and Halali (in prep),Milstein and Halali (in prep; Study5),514,2,24,Estimated number of natural sciences and mathematics students in Israel,38406,5000,0,83000,quantity,0,1,1,1,1,1,1,2,0,0
95515,Milstein and Halali (in prep),Milstein and Halali (in prep; Study5),515,2,22,Estimated number of natural sciences and mathematics students in Israel,38406,5000,0,7000,quantity,0,1,1,1,1,1,1,2,0,0
95516,Milstein and Halali (in prep),Milstein and Halali (in prep; Study5),516,2,25,Estimated number of natural sciences and mathematics students in Israel,38406,5000,0,3000,quantity,0,1,1,1,1,1,1,2,0,0
95517,Milstein and Halali (in prep),Milstein and Halali (in prep; Study5),517,1,27,Estimated number of natural sciences and mathematics students in Israel,38406,5000,0,10000,quantity,0,1,1,1,1,1,1,2,0,0
95518,Milstein and Halali (in prep),Milstein and Halali (in prep; Study5),518,2,23,Estimated number of natural sciences and mathematics students in Israel,38406,5000,0,20000,quantity,0,1,1,1,1,1,1,2,0,0
95519,Milstein and Halali (in prep),Milstein and Halali (in prep; Study5),519,1,23,Estimated number of natural sciences and mathematics students in Israel,38406,25000,1,20000,quantity,0,1,1,1,1,1,1,2,0,0
95520,Milstein and Halali (in prep),Milstein and Halali (in prep; Study5),520,2,30,Estimated number of natural sciences and mathematics students in Israel,38406,5000,0,2000,quantity,0,1,1,1,1,1,1,2,0,0
95521,Milstein and Halali (in prep),Milstein and Halali (in prep; Study5),521,2,22,Estimated number of natural sciences and mathematics students in Israel,38406,5000,0,10000,quantity,0,1,1,1,1,1,1,2,0,0
95522,Milstein and Halali (in prep),Milstein and Halali (in prep; Study5),522,2,26,Estimated number of natural sciences and mathematics students in Israel,38406,25000,1,15000,quantity,0,1,1,1,1,1,1,2,0,0
95523,Milstein and Halali (in prep),Milstein and Halali (in prep; Study5),523,1,24,Estimated number of natural sciences and mathematics students in Israel,38406,25000,1,20000,quantity,0,1,1,1,1,1,1,2,0,0
95524,Milstein and Halali (in prep),Milstein and Halali (in prep; Study5),524,2,25,Estimated number of natural sciences and mathematics students in Israel,38406,25000,1,15000,quantity,0,1,1,1,1,1,1,2,0,0
95525,Milstein and Halali (in prep),Milstein and Halali (in prep; Study5),525,2,24,Estimated number of natural sciences and mathematics students in Israel,38406,25000,1,30000,quantity,0,1,1,1,1,1,1,2,0,0
95526,Milstein and Halali (in prep),Milstein and Halali (in prep; Study5),526,2,26,Estimated number of natural sciences and mathematics students in Israel,38406,5000,0,6000,quantity,0,1,1,1,1,1,1,2,0,0
95527,Milstein and Halali (in prep),Milstein and Halali (in prep; Study5),527,1,25,Estimated number of natural sciences and mathematics students in Israel,38406,5000,0,7000,quantity,0,1,1,1,1,1,1,2,0,0
95528,Milstein and Halali (in prep),Milstein and Halali (in prep; Study5),528,2,25,Estimated number of natural sciences and mathematics students in Israel,38406,25000,1,12000,quantity,0,1,1,1,1,1,1,2,0,0
95529,Milstein and Halali (in prep),Milstein and Halali (in prep; Study5),529,1,27,Estimated number of natural sciences and mathematics students in Israel,38406,25000,1,15000,quantity,0,1,1,1,1,1,1,2,0,0
95530,Milstein and Halali (in prep),Milstein and Halali (in prep; Study5),530,2,25,Estimated number of natural sciences and mathematics students in Israel,38406,25000,1,50000,quantity,0,1,1,1,1,1,1,2,0,0
95531,Milstein and Halali (in prep),Milstein and Halali (in prep; Study5),531,2,23,Estimated number of natural sciences and mathematics students in Israel,38406,5000,0,100000,quantity,0,1,1,1,1,1,1,2,0,0
95532,Milstein and Halali (in prep),Milstein and Halali (in prep; Study5),532,2,24,Estimated number of natural sciences and mathematics students in Israel,38406,25000,1,20000,quantity,0,1,1,1,1,1,1,2,0,0
95533,Milstein and Halali (in prep),Milstein and Halali (in prep; Study5),533,2,23,Estimated number of natural sciences and mathematics students in Israel,38406,25000,1,20000,quantity,0,1,1,1,1,1,1,2,0,0
95534,Milstein and Halali (in prep),Milstein and Halali (in prep; Study5),534,2,23,Estimated number of natural sciences and mathematics students in Israel,38406,5000,0,8000,quantity,0,1,1,1,1,1,1,2,0,0
95535,Milstein and Halali (in prep),Milstein and Halali (in prep; Study5),535,2,25,Estimated number of natural sciences and mathematics students in Israel,38406,25000,1,70000,quantity,0,1,1,1,1,1,1,2,0,0
95536,Milstein and Halali (in prep),Milstein and Halali (in prep; Study5),536,2,22,Estimated number of natural sciences and mathematics students in Israel,38406,25000,1,50000,quantity,0,1,1,1,1,1,1,2,0,0
95537,Milstein and Halali (in prep),Milstein and Halali (in prep; Study5),537,2,23,Estimated number of natural sciences and mathematics students in Israel,38406,25000,1,30000,quantity,0,1,1,1,1,1,1,2,0,0
95538,Milstein and Halali (in prep),Milstein and Halali (in prep; Study5),538,2,21,Estimated number of natural sciences and mathematics students in Israel,38406,5000,0,30,quantity,0,1,1,1,1,1,1,2,0,0
95539,Milstein and Halali (in prep),Milstein and Halali (in prep; Study5),539,2,24,Estimated number of natural sciences and mathematics students in Israel,38406,5000,0,4000,quantity,0,1,1,1,1,1,1,2,0,0
95540,Milstein and Halali (in prep),Milstein and Halali (in prep; Study5),540,2,23,Estimated number of natural sciences and mathematics students in Israel,38406,25000,1,40000,quantity,0,1,1,1,1,1,1,2,0,0
95541,Milstein and Halali (in prep),Milstein and Halali (in prep; Study5),541,2,22,Estimated number of natural sciences and mathematics students in Israel,38406,5000,0,7000,quantity,0,1,1,1,1,1,1,2,0,0
95543,Milstein and Halali (in prep),Milstein and Halali (in prep; Study5),543,2,19,Estimated number of natural sciences and mathematics students in Israel,38406,5000,0,10000,quantity,0,1,1,1,1,1,1,2,0,0
95544,Milstein and Halali (in prep),Milstein and Halali (in prep; Study5),544,2,23,Estimated number of natural sciences and mathematics students in Israel,38406,25000,1,12000,quantity,0,1,1,1,1,1,1,2,0,0
95545,Milstein and Halali (in prep),Milstein and Halali (in prep; Study5),545,2,22,Estimated number of natural sciences and mathematics students in Israel,38406,5000,0,6000,quantity,0,1,1,1,1,1,1,2,0,0
95546,Milstein and Halali (in prep),Milstein and Halali (in prep; Study5),546,2,24,Estimated number of natural sciences and mathematics students in Israel,38406,5000,0,10000,quantity,0,1,1,1,1,1,1,2,0,0
95547,Milstein and Halali (in prep),Milstein and Halali (in prep; Study5),547,2,28,Estimated number of natural sciences and mathematics students in Israel,38406,25000,1,35000,quantity,0,1,1,1,1,1,1,2,0,0
95548,Milstein and Halali (in prep),Milstein and Halali (in prep; Study5),548,2,22,Estimated number of natural sciences and mathematics students in Israel,38406,5000,0,30000,quantity,0,1,1,1,1,1,1,2,0,0
95549,Milstein and Halali (in prep),Milstein and Halali (in prep; Study5),549,2,20,Estimated number of natural sciences and mathematics students in Israel,38406,25000,1,10000,quantity,0,1,1,1,1,1,1,2,0,0
95550,Milstein and Halali (in prep),Milstein and Halali (in prep; Study5),550,1,24,Estimated number of natural sciences and mathematics students in Israel,38406,5000,0,20000,quantity,0,1,1,1,1,1,1,2,0,0
95551,Milstein and Halali (in prep),Milstein and Halali (in prep; Study5),551,1,26,Estimated number of natural sciences and mathematics students in Israel,38406,25000,1,13000,quantity,0,1,1,1,1,1,1,2,0,0
95552,Milstein and Halali (in prep),Milstein and Halali (in prep; Study5),552,1,24,Estimated number of natural sciences and mathematics students in Israel,38406,25000,1,40000,quantity,0,1,1,1,1,1,1,2,0,0
95553,Milstein and Halali (in prep),Milstein and Halali (in prep; Study5),553,2,21,Estimated number of natural sciences and mathematics students in Israel,38406,5000,0,7500,quantity,0,1,1,1,1,1,1,2,0,0
95554,Milstein and Halali (in prep),Milstein and Halali (in prep; Study5),554,2,25,Estimated number of natural sciences and mathematics students in Israel,38406,25000,1,40000,quantity,0,1,1,1,1,1,1,2,0,0
95555,Milstein and Halali (in prep),Milstein and Halali (in prep; Study5),555,2,23,Estimated number of natural sciences and mathematics students in Israel,38406,5000,0,16000,quantity,0,1,1,1,1,1,1,2,0,0
95556,Milstein and Halali (in prep),Milstein and Halali (in prep; Study5),556,2,24,Estimated number of natural sciences and mathematics students in Israel,38406,25000,1,50000,quantity,0,1,1,1,1,1,1,2,0,0
95557,Milstein and Halali (in prep),Milstein and Halali (in prep; Study5),557,2,23,Estimated number of natural sciences and mathematics students in Israel,38406,5000,0,10000,quantity,0,1,1,1,1,1,1,2,0,0
95558,Milstein and Halali (in prep),Milstein and Halali (in prep; Study5),558,2,22,Estimated number of natural sciences and mathematics students in Israel,38406,25000,1,15000,quantity,0,1,1,1,1,1,1,2,0,0
95559,Milstein and Halali (in prep),Milstein and Halali (in prep; Study5),559,1,24,Estimated number of natural sciences and mathematics students in Israel,38406,25000,1,35000,quantity,0,1,1,1,1,1,1,2,0,0
95560,Milstein and Halali (in prep),Milstein and Halali (in prep; Study5),560,2,23,Estimated number of natural sciences and mathematics students in Israel,38406,5000,0,6000,quantity,0,1,1,1,1,1,1,2,0,0
95561,Milstein and Halali (in prep),Milstein and Halali (in prep; Study5),561,2,23,Estimated number of natural sciences and mathematics students in Israel,38406,5000,0,8000,quantity,0,1,1,1,1,1,1,2,0,0
95562,Milstein and Halali (in prep),Milstein and Halali (in prep; Study5),562,2,22,Estimated number of natural sciences and mathematics students in Israel,38406,25000,1,15000,quantity,0,1,1,1,1,1,1,2,0,0
95563,Milstein and Halali (in prep),Milstein and Halali (in prep; Study5),563,2,23,Estimated number of natural sciences and mathematics students in Israel,38406,5000,0,13000,quantity,0,1,1,1,1,1,1,2,0,0
95565,Milstein and Halali (in prep),Milstein and Halali (in prep; Study5),565,2,23,Estimated number of natural sciences and mathematics students in Israel,38406,5000,0,12000,quantity,0,1,1,1,1,1,1,2,0,0
95566,Milstein and Halali (in prep),Milstein and Halali (in prep; Study5),566,2,23,Estimated number of natural sciences and mathematics students in Israel,38406,25000,1,35000,quantity,0,1,1,1,1,1,1,2,0,0
95567,Milstein and Halali (in prep),Milstein and Halali (in prep; Study5),567,2,24,Estimated number of natural sciences and mathematics students in Israel,38406,25000,1,15000,quantity,0,1,1,1,1,1,1,2,0,0
95568,Milstein and Halali (in prep),Milstein and Halali (in prep; Study5),568,2,21,Estimated number of natural sciences and mathematics students in Israel,38406,25000,1,26000,quantity,0,1,1,1,1,1,1,2,0,0
95569,Milstein and Halali (in prep),Milstein and Halali (in prep; Study5),569,2,22,Estimated number of natural sciences and mathematics students in Israel,38406,25000,1,30000,quantity,0,1,1,1,1,1,1,2,0,0
95570,Milstein and Halali (in prep),Milstein and Halali (in prep; Study5),570,2,22,Estimated number of natural sciences and mathematics students in Israel,38406,5000,0,10000,quantity,0,1,1,1,1,1,1,2,0,0
95571,Milstein and Halali (in prep),Milstein and Halali (in prep; Study5),571,2,23,Estimated number of natural sciences and mathematics students in Israel,38406,25000,1,60000,quantity,0,1,1,1,1,1,1,2,0,0
95572,Milstein and Halali (in prep),Milstein and Halali (in prep; Study5),572,2,23,Estimated number of natural sciences and mathematics students in Israel,38406,25000,1,30000,quantity,0,1,1,1,1,1,1,2,0,0
95573,Milstein and Halali (in prep),Milstein and Halali (in prep; Study5),573,2,20,Estimated number of natural sciences and mathematics students in Israel,38406,25000,1,50000,quantity,0,1,1,1,1,1,1,2,0,0
95574,Milstein and Halali (in prep),Milstein and Halali (in prep; Study5),574,2,25,Estimated number of natural sciences and mathematics students in Israel,38406,25000,1,40000,quantity,0,1,1,1,1,1,1,2,0,0
95575,Milstein and Halali (in prep),Milstein and Halali (in prep; Study5),575,2,22,Estimated number of natural sciences and mathematics students in Israel,38406,25000,1,50000,quantity,0,1,1,1,1,1,1,2,0,0
95576,Milstein and Halali (in prep),Milstein and Halali (in prep; Study5),576,2,21,Estimated number of natural sciences and mathematics students in Israel,38406,5000,0,20000,quantity,0,1,1,1,1,1,1,2,0,0
95577,Milstein and Halali (in prep),Milstein and Halali (in prep; Study5),577,2,22,Estimated number of natural sciences and mathematics students in Israel,38406,25000,1,30000,quantity,0,1,1,1,1,1,1,2,0,0
95578,Milstein and Halali (in prep),Milstein and Halali (in prep; Study5),578,2,22,Estimated number of natural sciences and mathematics students in Israel,38406,25000,1,15000,quantity,0,1,1,1,1,1,1,2,0,0
95579,Milstein and Halali (in prep),Milstein and Halali (in prep; Study5),579,2,23,Estimated number of natural sciences and mathematics students in Israel,38406,5000,0,800,quantity,0,1,1,1,1,1,1,2,0,0
95580,Milstein and Halali (in prep),Milstein and Halali (in prep; Study5),580,2,22,Estimated number of natural sciences and mathematics students in Israel,38406,5000,0,50000,quantity,0,1,1,1,1,1,1,2,0,0
95581,Milstein and Halali (in prep),Milstein and Halali (in prep; Study5),581,2,24,Estimated number of natural sciences and mathematics students in Israel,38406,5000,0,10000,quantity,0,1,1,1,1,1,1,2,0,0
95582,Milstein and Halali (in prep),Milstein and Halali (in prep; Study5),582,2,21,Estimated number of natural sciences and mathematics students in Israel,38406,5000,0,6000,quantity,0,1,1,1,1,1,1,2,0,0
95583,Milstein and Halali (in prep),Milstein and Halali (in prep; Study5),583,1,26,Estimated number of natural sciences and mathematics students in Israel,38406,25000,1,30000,quantity,0,1,1,1,1,1,1,2,0,0
95584,Milstein and Halali (in prep),Milstein and Halali (in prep; Study5),584,2,25,Estimated number of natural sciences and mathematics students in Israel,38406,5000,0,10000,quantity,0,1,1,1,1,1,1,2,0,0
95585,Milstein and Halali (in prep),Milstein and Halali (in prep; Study5),585,2,25,Estimated number of natural sciences and mathematics students in Israel,38406,5000,0,35000,quantity,0,1,1,1,1,1,1,2,0,0
95586,Milstein and Halali (in prep),Milstein and Halali (in prep; Study5),586,2,23,Estimated number of natural sciences and mathematics students in Israel,38406,5000,0,15000,quantity,0,1,1,1,1,1,1,2,0,0
95587,Milstein and Halali (in prep),Milstein and Halali (in prep; Study5),587,2,22,Estimated number of natural sciences and mathematics students in Israel,38406,25000,1,50000,quantity,0,1,1,1,1,1,1,2,0,0
95588,Milstein and Halali (in prep),Milstein and Halali (in prep; Study5),588,2,23,Estimated number of natural sciences and mathematics students in Israel,38406,25000,1,45000,quantity,0,1,1,1,1,1,1,2,0,0
95589,Milstein and Halali (in prep),Milstein and Halali (in prep; Study5),589,2,24,Estimated number of natural sciences and mathematics students in Israel,38406,5000,0,7000,quantity,0,1,1,1,1,1,1,2,0,0
95591,Milstein and Halali (in prep),Milstein and Halali (in prep; Study5),591,1,24,Estimated number of natural sciences and mathematics students in Israel,38406,5000,0,20000,quantity,0,1,1,1,1,1,1,2,0,0
95592,Milstein and Halali (in prep),Milstein and Halali (in prep; Study5),592,2,23,Estimated number of natural sciences and mathematics students in Israel,38406,25000,1,15000,quantity,0,1,1,1,1,1,1,2,0,0
95593,Milstein and Halali (in prep),Milstein and Halali (in prep; Study5),593,2,24,Estimated number of natural sciences and mathematics students in Israel,38406,5000,0,30000,quantity,0,1,1,1,1,1,1,2,0,0
95594,Milstein and Halali (in prep),Milstein and Halali (in prep; Study5),594,2,24,Estimated number of natural sciences and mathematics students in Israel,38406,25000,1,10000,quantity,0,1,1,1,1,1,1,2,0,0
95595,Milstein and Halali (in prep),Milstein and Halali (in prep; Study5),595,2,24,Estimated number of natural sciences and mathematics students in Israel,38406,25000,1,30000,quantity,0,1,1,1,1,1,1,2,0,0
95596,Milstein and Halali (in prep),Milstein and Halali (in prep; Study5),596,2,24,Estimated number of natural sciences and mathematics students in Israel,38406,5000,0,15000,quantity,0,1,1,1,1,1,1,2,0,0
95597,Milstein and Halali (in prep),Milstein and Halali (in prep; Study5),597,1,25,Estimated number of natural sciences and mathematics students in Israel,38406,25000,1,20000,quantity,0,1,1,1,1,1,1,2,0,0
95598,Milstein and Halali (in prep),Milstein and Halali (in prep; Study5),598,2,25,Estimated number of natural sciences and mathematics students in Israel,38406,5000,0,20000,quantity,0,1,1,1,1,1,1,2,0,0
95599,Milstein and Halali (in prep),Milstein and Halali (in prep; Study5),599,1,21,Estimated number of natural sciences and mathematics students in Israel,38406,5000,0,30000,quantity,0,1,1,1,1,1,1,2,0,0
95600,Milstein and Halali (in prep),Milstein and Halali (in prep; Study5),600,2,23,Estimated number of natural sciences and mathematics students in Israel,38406,25000,1,17000,quantity,0,1,1,1,1,1,1,2,0,0
95601,Milstein and Halali (in prep),Milstein and Halali (in prep; Study5),601,2,24,Estimated number of natural sciences and mathematics students in Israel,38406,5000,0,8000,quantity,0,1,1,1,1,1,1,2,0,0
95701,Milstein and Halali (in prep),Milstein and Halali (in prep; Study6),701,2,42,Estimated number of natural sciences and mathematics students in Israel,41094,25000,1,20000,quantity,0,1,1,1,1,1,1,2,0,0
95702,Milstein and Halali (in prep),Milstein and Halali (in prep; Study6),702,1,28,Estimated number of natural sciences and mathematics students in Israel,41094,25000,1,35000,quantity,0,1,1,1,1,1,1,2,0,0
95703,Milstein and Halali (in prep),Milstein and Halali (in prep; Study6),703,1,26,Estimated number of natural sciences and mathematics students in Israel,41094, , ,8000,quantity,0,1,1,1,1,1,1,2,0,0
95704,Milstein and Halali (in prep),Milstein and Halali (in prep; Study6),704,2,25,Estimated number of natural sciences and mathematics students in Israel,41094,5000,0,10000,quantity,0,1,1,1,1,1,1,2,0,0
95705,Milstein and Halali (in prep),Milstein and Halali (in prep; Study6),705,1,26,Estimated number of natural sciences and mathematics students in Israel,41094,25000,1,45000,quantity,0,1,1,1,1,1,1,2,0,0
95706,Milstein and Halali (in prep),Milstein and Halali (in prep; Study6),706,1,26,Estimated number of natural sciences and mathematics students in Israel,41094,5000,0,8000,quantity,0,1,1,1,1,1,1,2,0,0
95707,Milstein and Halali (in prep),Milstein and Halali (in prep; Study6),707,2,26,Estimated number of natural sciences and mathematics students in Israel,41094,5000,0,13000,quantity,0,1,1,1,1,1,1,2,0,0
95708,Milstein and Halali (in prep),Milstein and Halali (in prep; Study6),708,1,26,Estimated number of natural sciences and mathematics students in Israel,41094,5000,0,6000,quantity,0,1,1,1,1,1,1,2,0,0
95709,Milstein and Halali (in prep),Milstein and Halali (in prep; Study6),709,2,25,Estimated number of natural sciences and mathematics students in Israel,41094,5000,0,20000,quantity,0,1,1,1,1,1,1,2,0,0
95710,Milstein and Halali (in prep),Milstein and Halali (in prep; Study6),710,1,25,Estimated number of natural sciences and mathematics students in Israel,41094,25000,1,31000,quantity,0,1,1,1,1,1,1,2,0,0
95711,Milstein and Halali (in prep),Milstein and Halali (in prep; Study6),711,2,24.7,Estimated number of natural sciences and mathematics students in Israel,41094,5000,0,5500,quantity,0,1,1,1,1,1,1,2,0,0
95712,Milstein and Halali (in prep),Milstein and Halali (in prep; Study6),712,2,25,Estimated number of natural sciences and mathematics students in Israel,41094,25000,1,20000,quantity,0,1,1,1,1,1,1,2,0,0
95713,Milstein and Halali (in prep),Milstein and Halali (in prep; Study6),713,2,25,Estimated number of natural sciences and mathematics students in Israel,41094,25000,1,8000,quantity,0,1,1,1,1,1,1,2,0,0
95714,Milstein and Halali (in prep),Milstein and Halali (in prep; Study6),714,2,22,Estimated number of natural sciences and mathematics students in Israel,41094,25000,1,20000,quantity,0,1,1,1,1,1,1,2,0,0
95715,Milstein and Halali (in prep),Milstein and Halali (in prep; Study6),715,2,22,Estimated number of natural sciences and mathematics students in Israel,41094,25000,1,40000,quantity,0,1,1,1,1,1,1,2,0,0
95716,Milstein and Halali (in prep),Milstein and Halali (in prep; Study6),716,2,22,Estimated number of natural sciences and mathematics students in Israel,41094,25000,1,35000,quantity,0,1,1,1,1,1,1,2,0,0
95717,Milstein and Halali (in prep),Milstein and Halali (in prep; Study6),717,2,22,Estimated number of natural sciences and mathematics students in Israel,41094,25000,1,30,quantity,0,1,1,1,1,1,1,2,0,0
95718,Milstein and Halali (in prep),Milstein and Halali (in prep; Study6),718,2,22,Estimated number of natural sciences and mathematics students in Israel,41094,5000,0,7000,quantity,0,1,1,1,1,1,1,2,0,0
95719,Milstein and Halali (in prep),Milstein and Halali (in prep; Study6),719,2,22,Estimated number of natural sciences and mathematics students in Israel,41094,25000,1,10000,quantity,0,1,1,1,1,1,1,2,0,0
95720,Milstein and Halali (in prep),Milstein and Halali (in prep; Study6),720,2,22,Estimated number of natural sciences and mathematics students in Israel,41094,25000,1,30000,quantity,0,1,1,1,1,1,1,2,0,0
95721,Milstein and Halali (in prep),Milstein and Halali (in prep; Study6),721,2,21,Estimated number of natural sciences and mathematics students in Israel,41094,25000,1,35000,quantity,0,1,1,1,1,1,1,2,0,0
95722,Milstein and Halali (in prep),Milstein and Halali (in prep; Study6),722,2,21,Estimated number of natural sciences and mathematics students in Israel,41094,25000,1,40000,quantity,0,1,1,1,1,1,1,2,0,0
95724,Milstein and Halali (in prep),Milstein and Halali (in prep; Study6),724,2,23,Estimated number of natural sciences and mathematics students in Israel,41094,25000,1,50000,quantity,0,1,1,1,1,1,1,2,0,0
95725,Milstein and Halali (in prep),Milstein and Halali (in prep; Study6),725,2,23,Estimated number of natural sciences and mathematics students in Israel,41094,25000,1,50000,quantity,0,1,1,1,1,1,1,2,0,0
95726,Milstein and Halali (in prep),Milstein and Halali (in prep; Study6),726,2,22,Estimated number of natural sciences and mathematics students in Israel,41094,5000,0,7000,quantity,0,1,1,1,1,1,1,2,0,0
95727,Milstein and Halali (in prep),Milstein and Halali (in prep; Study6),727,2,23,Estimated number of natural sciences and mathematics students in Israel,41094,5000,0,3500,quantity,0,1,1,1,1,1,1,2,0,0
95728,Milstein and Halali (in prep),Milstein and Halali (in prep; Study6),728,2,23,Estimated number of natural sciences and mathematics students in Israel,41094,5000,0,8000,quantity,0,1,1,1,1,1,1,2,0,0
95729,Milstein and Halali (in prep),Milstein and Halali (in prep; Study6),729,2,22,Estimated number of natural sciences and mathematics students in Israel,41094,25000,1,100000,quantity,0,1,1,1,1,1,1,2,0,0
95730,Milstein and Halali (in prep),Milstein and Halali (in prep; Study6),730,2,23,Estimated number of natural sciences and mathematics students in Israel,41094,5000,0,30000,quantity,0,1,1,1,1,1,1,2,0,0
95731,Milstein and Halali (in prep),Milstein and Halali (in prep; Study6),731,1,23,Estimated number of natural sciences and mathematics students in Israel,41094,25000,1,40000,quantity,0,1,1,1,1,1,1,2,0,0
95732,Milstein and Halali (in prep),Milstein and Halali (in prep; Study6),732,2,22,Estimated number of natural sciences and mathematics students in Israel,41094,5000,0,10000,quantity,0,1,1,1,1,1,1,2,0,0
95733,Milstein and Halali (in prep),Milstein and Halali (in prep; Study6),733,2,24,Estimated number of natural sciences and mathematics students in Israel,41094,25000,1,7000,quantity,0,1,1,1,1,1,1,2,0,0
95734,Milstein and Halali (in prep),Milstein and Halali (in prep; Study6),734,2,23,Estimated number of natural sciences and mathematics students in Israel,41094,5000,0,4500,quantity,0,1,1,1,1,1,1,2,0,0
95735,Milstein and Halali (in prep),Milstein and Halali (in prep; Study6),735,2,23,Estimated number of natural sciences and mathematics students in Israel,41094,25000,1,12000,quantity,0,1,1,1,1,1,1,2,0,0
95736,Milstein and Halali (in prep),Milstein and Halali (in prep; Study6),736,2,23,Estimated number of natural sciences and mathematics students in Israel,41094,5000,0,10000,quantity,0,1,1,1,1,1,1,2,0,0
95737,Milstein and Halali (in prep),Milstein and Halali (in prep; Study6),737,2,24,Estimated number of natural sciences and mathematics students in Israel,41094,25000,1,15000,quantity,0,1,1,1,1,1,1,2,0,0
95738,Milstein and Halali (in prep),Milstein and Halali (in prep; Study6),738,2,23,Estimated number of natural sciences and mathematics students in Israel,41094,25000,1,40000,quantity,0,1,1,1,1,1,1,2,0,0
95739,Milstein and Halali (in prep),Milstein and Halali (in prep; Study6),739,2,22,Estimated number of natural sciences and mathematics students in Israel,41094,25000,1,60000,quantity,0,1,1,1,1,1,1,2,0,0
95740,Milstein and Halali (in prep),Milstein and Halali (in prep; Study6),740,2,23,Estimated number of natural sciences and mathematics students in Israel,41094,25000,1,5000,quantity,0,1,1,1,1,1,1,2,0,0
95741,Milstein and Halali (in prep),Milstein and Halali (in prep; Study6),741,2,21,Estimated number of natural sciences and mathematics students in Israel,41094,5000,0,6000,quantity,0,1,1,1,1,1,1,2,0,0
95742,Milstein and Halali (in prep),Milstein and Halali (in prep; Study6),742,2,22,Estimated number of natural sciences and mathematics students in Israel,41094,25000,1,15000,quantity,0,1,1,1,1,1,1,2,0,0
95744,Milstein and Halali (in prep),Milstein and Halali (in prep; Study6),744,2,21,Estimated number of natural sciences and mathematics students in Israel,41094,25000,1,40000,quantity,0,1,1,1,1,1,1,2,0,0
95745,Milstein and Halali (in prep),Milstein and Halali (in prep; Study6),745,1,20,Estimated number of natural sciences and mathematics students in Israel,41094,25000,1,10000,quantity,0,1,1,1,1,1,1,2,0,0
95746,Milstein and Halali (in prep),Milstein and Halali (in prep; Study6),746,2,20.4,Estimated number of natural sciences and mathematics students in Israel,41094,25000,1,20000,quantity,0,1,1,1,1,1,1,2,0,0
95747,Milstein and Halali (in prep),Milstein and Halali (in prep; Study6),747,2,24,Estimated number of natural sciences and mathematics students in Israel,41094,5000,0,2000,quantity,0,1,1,1,1,1,1,2,0,0
95748,Milstein and Halali (in prep),Milstein and Halali (in prep; Study6),748,1,30,Estimated number of natural sciences and mathematics students in Israel,41094,5000,0,9000,quantity,0,1,1,1,1,1,1,2,0,0
95749,Milstein and Halali (in prep),Milstein and Halali (in prep; Study6),749,2,26,Estimated number of natural sciences and mathematics students in Israel,41094,25000,1,35000,quantity,0,1,1,1,1,1,1,2,0,0
95750,Milstein and Halali (in prep),Milstein and Halali (in prep; Study6),750,2,27,Estimated number of natural sciences and mathematics students in Israel,41094,25000,1,20000,quantity,0,1,1,1,1,1,1,2,0,0
95751,Milstein and Halali (in prep),Milstein and Halali (in prep; Study6),751,2,26,Estimated number of natural sciences and mathematics students in Israel,41094,25000,1,15000,quantity,0,1,1,1,1,1,1,2,0,0
95752,Milstein and Halali (in prep),Milstein and Halali (in prep; Study6),752,1,26,Estimated number of natural sciences and mathematics students in Israel,41094,5000,0,2700,quantity,0,1,1,1,1,1,1,2,0,0
95753,Milstein and Halali (in prep),Milstein and Halali (in prep; Study6),753,1,27,Estimated number of natural sciences and mathematics students in Israel,41094,25000,1,5000,quantity,0,1,1,1,1,1,1,2,0,0
95754,Milstein and Halali (in prep),Milstein and Halali (in prep; Study6),754,2,25,Estimated number of natural sciences and mathematics students in Israel,41094,25000,1,2000,quantity,0,1,1,1,1,1,1,2,0,0
95755,Milstein and Halali (in prep),Milstein and Halali (in prep; Study6),755,1,25,Estimated number of natural sciences and mathematics students in Israel,41094,25000,1,30000,quantity,0,1,1,1,1,1,1,2,0,0
95756,Milstein and Halali (in prep),Milstein and Halali (in prep; Study6),756,1,25,Estimated number of natural sciences and mathematics students in Israel,41094,5000,0,7500,quantity,0,1,1,1,1,1,1,2,0,0
95757,Milstein and Halali (in prep),Milstein and Halali (in prep; Study6),757,2,24,Estimated number of natural sciences and mathematics students in Israel,41094,5000,0,7000,quantity,0,1,1,1,1,1,1,2,0,0
95758,Milstein and Halali (in prep),Milstein and Halali (in prep; Study6),758,1,25,Estimated number of natural sciences and mathematics students in Israel,41094,25000,1,30000,quantity,0,1,1,1,1,1,1,2,0,0
95759,Milstein and Halali (in prep),Milstein and Halali (in prep; Study6),759,1,24,Estimated number of natural sciences and mathematics students in Israel,41094,25000,1,20,quantity,0,1,1,1,1,1,1,2,0,0
95760,Milstein and Halali (in prep),Milstein and Halali (in prep; Study6),760,2,26,Estimated number of natural sciences and mathematics students in Israel,41094,5000,0,3000,quantity,0,1,1,1,1,1,1,2,0,0
95761,Milstein and Halali (in prep),Milstein and Halali (in prep; Study6),761,2,23,Estimated number of natural sciences and mathematics students in Israel,41094,5000,0,10000,quantity,0,1,1,1,1,1,1,2,0,0
95762,Milstein and Halali (in prep),Milstein and Halali (in prep; Study6),762,2,20,Estimated number of natural sciences and mathematics students in Israel,41094,5000,0,7000,quantity,0,1,1,1,1,1,1,2,0,0
95763,Milstein and Halali (in prep),Milstein and Halali (in prep; Study6),763,2,21,Estimated number of natural sciences and mathematics students in Israel,41094,25000,1,10000,quantity,0,1,1,1,1,1,1,2,0,0
95764,Milstein and Halali (in prep),Milstein and Halali (in prep; Study6),764,2,24,Estimated number of natural sciences and mathematics students in Israel,41094,25000,1,20000,quantity,0,1,1,1,1,1,1,2,0,0
95765,Milstein and Halali (in prep),Milstein and Halali (in prep; Study6),765,2,21,Estimated number of natural sciences and mathematics students in Israel,41094,25000,1,32000,quantity,0,1,1,1,1,1,1,2,0,0
95766,Milstein and Halali (in prep),Milstein and Halali (in prep; Study6),766,1,24,Estimated number of natural sciences and mathematics students in Israel,41094,25000,1,20000,quantity,0,1,1,1,1,1,1,2,0,0
95767,Milstein and Halali (in prep),Milstein and Halali (in prep; Study6),767,1,25,Estimated number of natural sciences and mathematics students in Israel,41094,5000,0,4000,quantity,0,1,1,1,1,1,1,2,0,0
95768,Milstein and Halali (in prep),Milstein and Halali (in prep; Study6),768,1,24,Estimated number of natural sciences and mathematics students in Israel,41094,5000,0,3000,quantity,0,1,1,1,1,1,1,2,0,0
95769,Milstein and Halali (in prep),Milstein and Halali (in prep; Study6),769,1,24,Estimated number of natural sciences and mathematics students in Israel,41094,5000,0,2500,quantity,0,1,1,1,1,1,1,2,0,0
95770,Milstein and Halali (in prep),Milstein and Halali (in prep; Study6),770,2,24,Estimated number of natural sciences and mathematics students in Israel,41094,5000,0,10000,quantity,0,1,1,1,1,1,1,2,0,0
95771,Milstein and Halali (in prep),Milstein and Halali (in prep; Study6),771,2,24,Estimated number of natural sciences and mathematics students in Israel,41094,25000,1,20000,quantity,0,1,1,1,1,1,1,2,0,0
95772,Milstein and Halali (in prep),Milstein and Halali (in prep; Study6),772,2,24,Estimated number of natural sciences and mathematics students in Israel,41094,25000,1,40000,quantity,0,1,1,1,1,1,1,2,0,0
95773,Milstein and Halali (in prep),Milstein and Halali (in prep; Study6),773,2,25,Estimated number of natural sciences and mathematics students in Israel,41094,25000,1,18000,quantity,0,1,1,1,1,1,1,2,0,0
95774,Milstein and Halali (in prep),Milstein and Halali (in prep; Study6),774,2,23,Estimated number of natural sciences and mathematics students in Israel,41094,5000,0,7000,quantity,0,1,1,1,1,1,1,2,0,0
95775,Milstein and Halali (in prep),Milstein and Halali (in prep; Study6),775,2,23,Estimated number of natural sciences and mathematics students in Israel,41094,25000,1,7000,quantity,0,1,1,1,1,1,1,2,0,0
95776,Milstein and Halali (in prep),Milstein and Halali (in prep; Study6),776,2,25,Estimated number of natural sciences and mathematics students in Israel,41094,5000,0,100000,quantity,0,1,1,1,1,1,1,2,0,0
95777,Milstein and Halali (in prep),Milstein and Halali (in prep; Study6),777,1,23,Estimated number of natural sciences and mathematics students in Israel,41094,25000,1,12000,quantity,0,1,1,1,1,1,1,2,0,0
95778,Milstein and Halali (in prep),Milstein and Halali (in prep; Study6),778,1,23,Estimated number of natural sciences and mathematics students in Israel,41094,5000,0,7700,quantity,0,1,1,1,1,1,1,2,0,0
95779,Milstein and Halali (in prep),Milstein and Halali (in prep; Study6),779,2,23,Estimated number of natural sciences and mathematics students in Israel,41094,25000,1,50000,quantity,0,1,1,1,1,1,1,2,0,0
95780,Milstein and Halali (in prep),Milstein and Halali (in prep; Study6),780,2,23,Estimated number of natural sciences and mathematics students in Israel,41094,25000,1,50000,quantity,0,1,1,1,1,1,1,2,0,0
95781,Milstein and Halali (in prep),Milstein and Halali (in prep; Study6),781,2,23,Estimated number of natural sciences and mathematics students in Israel,41094,25000,1,20000,quantity,0,1,1,1,1,1,1,2,0,0
95782,Milstein and Halali (in prep),Milstein and Halali (in prep; Study6),782,2,22,Estimated number of natural sciences and mathematics students in Israel,41094,5000,0,10000,quantity,0,1,1,1,1,1,1,2,0,0
95783,Milstein and Halali (in prep),Milstein and Halali (in prep; Study6),783,2,22,Estimated number of natural sciences and mathematics students in Israel,41094,25000,1,10000,quantity,0,1,1,1,1,1,1,2,0,0
95784,Milstein and Halali (in prep),Milstein and Halali (in prep; Study6),784,2,23,Estimated number of natural sciences and mathematics students in Israel,41094,25000,1,10000,quantity,0,1,1,1,1,1,1,2,0,0
95785,Milstein and Halali (in prep),Milstein and Halali (in prep; Study6),785,2,23,Estimated number of natural sciences and mathematics students in Israel,41094,5000,0,6000,quantity,0,1,1,1,1,1,1,2,0,0
95786,Milstein and Halali (in prep),Milstein and Halali (in prep; Study6),786,2,22,Estimated number of natural sciences and mathematics students in Israel,41094,5000,0,6500,quantity,0,1,1,1,1,1,1,2,0,0
95787,Milstein and Halali (in prep),Milstein and Halali (in prep; Study6),787,2,22,Estimated number of natural sciences and mathematics students in Israel,41094,25000,1,8000,quantity,0,1,1,1,1,1,1,2,0,0
95789,Milstein and Halali (in prep),Milstein and Halali (in prep; Study6),789,2,22,Estimated number of natural sciences and mathematics students in Israel,41094,25000,1,100000,quantity,0,1,1,1,1,1,1,2,0,0
95790,Milstein and Halali (in prep),Milstein and Halali (in prep; Study6),790,2,22,Estimated number of natural sciences and mathematics students in Israel,41094,25000,1,15000,quantity,0,1,1,1,1,1,1,2,0,0
95791,Milstein and Halali (in prep),Milstein and Halali (in prep; Study6),791,2,24,Estimated number of natural sciences and mathematics students in Israel,41094, , ,8000,quantity,0,1,1,1,1,1,1,2,0,0
95792,Milstein and Halali (in prep),Milstein and Halali (in prep; Study6),792,2,23,Estimated number of natural sciences and mathematics students in Israel,41094,5000,0,3000,quantity,0,1,1,1,1,1,1,2,0,0
95793,Milstein and Halali (in prep),Milstein and Halali (in prep; Study6),793,1,22,Estimated number of natural sciences and mathematics students in Israel,41094,25000,1,150000,quantity,0,1,1,1,1,1,1,2,0,0
95794,Milstein and Halali (in prep),Milstein and Halali (in prep; Study6),794,2,25,Estimated number of natural sciences and mathematics students in Israel,41094,5000,0,3000,quantity,0,1,1,1,1,1,1,2,0,0
95795,Milstein and Halali (in prep),Milstein and Halali (in prep; Study6),795,2,24,Estimated number of natural sciences and mathematics students in Israel,41094,5000,0,2000,quantity,0,1,1,1,1,1,1,2,0,0
95796,Milstein and Halali (in prep),Milstein and Halali (in prep; Study6),796,1,20,Estimated number of natural sciences and mathematics students in Israel,41094,25000,1,23000,quantity,0,1,1,1,1,1,1,2,0,0
95797,Milstein and Halali (in prep),Milstein and Halali (in prep; Study6),797,2,20,Estimated number of natural sciences and mathematics students in Israel,41094, , ,10000,quantity,0,1,1,1,1,1,1,2,0,0
95798,Milstein and Halali (in prep),Milstein and Halali (in prep; Study6),798,2,20,Estimated number of natural sciences and mathematics students in Israel,41094,25000,1,13000,quantity,0,1,1,1,1,1,1,2,0,0
95799,Milstein and Halali (in prep),Milstein and Halali (in prep; Study6),799,2,21,Estimated number of natural sciences and mathematics students in Israel,41094,25000,1,10000,quantity,0,1,1,1,1,1,1,2,0,0
95800,Milstein and Halali (in prep),Milstein and Halali (in prep; Study6),800,1,26,Estimated number of natural sciences and mathematics students in Israel,41094,5000,0,500,quantity,0,1,1,1,1,1,1,2,0,0
95801,Milstein and Halali (in prep),Milstein and Halali (in prep; Study6),801,2,24,Estimated number of natural sciences and mathematics students in Israel,41094,5000,0,10000,quantity,0,1,1,1,1,1,1,2,0,0
95802,Milstein and Halali (in prep),Milstein and Halali (in prep; Study6),802,1,24,Estimated number of natural sciences and mathematics students in Israel,41094,25000,1,15000,quantity,0,1,1,1,1,1,1,2,0,0
95803,Milstein and Halali (in prep),Milstein and Halali (in prep; Study6),803,2,21,Estimated number of natural sciences and mathematics students in Israel,41094,25000,1,15000,quantity,0,1,1,1,1,1,1,2,0,0
95804,Milstein and Halali (in prep),Milstein and Halali (in prep; Study6),804,2,24,Estimated number of natural sciences and mathematics students in Israel,41094,25000,1,40000,quantity,0,1,1,1,1,1,1,2,0,0
95805,Milstein and Halali (in prep),Milstein and Halali (in prep; Study6),805,2,21,Estimated number of natural sciences and mathematics students in Israel,41094,25000,1,7000,quantity,0,1,1,1,1,1,1,2,0,0
95806,Milstein and Halali (in prep),Milstein and Halali (in prep; Study6),806,2,21,Estimated number of natural sciences and mathematics students in Israel,41094,25000,1,40000,quantity,0,1,1,1,1,1,1,2,0,0
95807,Milstein and Halali (in prep),Milstein and Halali (in prep; Study6),807,1,23,Estimated number of natural sciences and mathematics students in Israel,41094,5000,0,10000,quantity,0,1,1,1,1,1,1,2,0,0
95808,Milstein and Halali (in prep),Milstein and Halali (in prep; Study6),808,2,21,Estimated number of natural sciences and mathematics students in Israel,41094,25000,1,40000,quantity,0,1,1,1,1,1,1,2,0,0
95809,Milstein and Halali (in prep),Milstein and Halali (in prep; Study6),809,2,23,Estimated number of natural sciences and mathematics students in Israel,41094,25000,1,20000,quantity,0,1,1,1,1,1,1,2,0,0
95810,Milstein and Halali (in prep),Milstein and Halali (in prep; Study6),810,2,22,Estimated number of natural sciences and mathematics students in Israel,41094,25000,1,10000,quantity,0,1,1,1,1,1,1,2,0,0
95901,Milstein and Halali (in prep),Milstein and Halali (in prep; Study7),901,2,22,Estimated number of natural sciences and mathematics students in Israel,43971,5000,0,55000,quantity,0,1,1,1,1,1,1,2,0,0
95902,Milstein and Halali (in prep),Milstein and Halali (in prep; Study7),902,1,24,Estimated number of natural sciences and mathematics students in Israel,43971,25000,1,33000,quantity,0,1,1,1,1,1,1,2,0,0
95903,Milstein and Halali (in prep),Milstein and Halali (in prep; Study7),903,2,22,Estimated number of natural sciences and mathematics students in Israel,43971,5000,0,4000,quantity,0,1,1,1,1,1,1,2,0,0
95904,Milstein and Halali (in prep),Milstein and Halali (in prep; Study7),904,2,22,Estimated number of natural sciences and mathematics students in Israel,43971,25000,1,40000,quantity,0,1,1,1,1,1,1,2,0,0
95905,Milstein and Halali (in prep),Milstein and Halali (in prep; Study7),905,1,25,Estimated number of natural sciences and mathematics students in Israel,43971,5000,0,30000,quantity,0,1,1,1,1,1,1,2,0,0
95906,Milstein and Halali (in prep),Milstein and Halali (in prep; Study7),906,2,22,Estimated number of natural sciences and mathematics students in Israel,43971,25000,1,4000,quantity,0,1,1,1,1,1,1,2,0,0
95907,Milstein and Halali (in prep),Milstein and Halali (in prep; Study7),907,2,22,Estimated number of natural sciences and mathematics students in Israel,43971,5000,0,15000,quantity,0,1,1,1,1,1,1,2,0,0
95908,Milstein and Halali (in prep),Milstein and Halali (in prep; Study7),908,2,24,Estimated number of natural sciences and mathematics students in Israel,43971,5000,0,8000,quantity,0,1,1,1,1,1,1,2,0,0
95909,Milstein and Halali (in prep),Milstein and Halali (in prep; Study7),909,1,23,Estimated number of natural sciences and mathematics students in Israel,43971,25000,1,65000,quantity,0,1,1,1,1,1,1,2,0,0
95910,Milstein and Halali (in prep),Milstein and Halali (in prep; Study7),910,2,24,Estimated number of natural sciences and mathematics students in Israel,43971,25000,1,36000,quantity,0,1,1,1,1,1,1,2,0,0
95911,Milstein and Halali (in prep),Milstein and Halali (in prep; Study7),911,2,21,Estimated number of natural sciences and mathematics students in Israel,43971,5000,0,70000,quantity,0,1,1,1,1,1,1,2,0,0
95912,Milstein and Halali (in prep),Milstein and Halali (in prep; Study7),912,2,23,Estimated number of natural sciences and mathematics students in Israel,43971,25000,1,25000,quantity,0,1,1,1,1,1,1,2,0,0
95913,Milstein and Halali (in prep),Milstein and Halali (in prep; Study7),913,2,24,Estimated number of natural sciences and mathematics students in Israel,43971,25000,1,10000,quantity,0,1,1,1,1,1,1,2,0,0
95914,Milstein and Halali (in prep),Milstein and Halali (in prep; Study7),914,2,24,Estimated number of natural sciences and mathematics students in Israel,43971,5000,0,4000,quantity,0,1,1,1,1,1,1,2,0,0
95915,Milstein and Halali (in prep),Milstein and Halali (in prep; Study7),915,2,24,Estimated number of natural sciences and mathematics students in Israel,43971,25000,1,35000,quantity,0,1,1,1,1,1,1,2,0,0
95916,Milstein and Halali (in prep),Milstein and Halali (in prep; Study7),916,2,24,Estimated number of natural sciences and mathematics students in Israel,43971,25000,1,15000,quantity,0,1,1,1,1,1,1,2,0,0
95917,Milstein and Halali (in prep),Milstein and Halali (in prep; Study7),917,2,22,Estimated number of natural sciences and mathematics students in Israel,43971,5000,0,7000,quantity,0,1,1,1,1,1,1,2,0,0
95918,Milstein and Halali (in prep),Milstein and Halali (in prep; Study7),918,2,27,Estimated number of natural sciences and mathematics students in Israel,43971,5000,0,3000,quantity,0,1,1,1,1,1,1,2,0,0
95919,Milstein and Halali (in prep),Milstein and Halali (in prep; Study7),919,2,24,Estimated number of natural sciences and mathematics students in Israel,43971,25000,1,50000,quantity,0,1,1,1,1,1,1,2,0,0
95920,Milstein and Halali (in prep),Milstein and Halali (in prep; Study7),920,1,24,Estimated number of natural sciences and mathematics students in Israel,43971,25000,1,7000,quantity,0,1,1,1,1,1,1,2,0,0
95921,Milstein and Halali (in prep),Milstein and Halali (in prep; Study7),921,2,23,Estimated number of natural sciences and mathematics students in Israel,43971,25000,1,5000,quantity,0,1,1,1,1,1,1,2,0,0
95922,Milstein and Halali (in prep),Milstein and Halali (in prep; Study7),922,2,21,Estimated number of natural sciences and mathematics students in Israel,43971,25000,1,20000,quantity,0,1,1,1,1,1,1,2,0,0
95923,Milstein and Halali (in prep),Milstein and Halali (in prep; Study7),923,1,25,Estimated number of natural sciences and mathematics students in Israel,43971,25000,1,30000,quantity,0,1,1,1,1,1,1,2,0,0
95924,Milstein and Halali (in prep),Milstein and Halali (in prep; Study7),924,2,20,Estimated number of natural sciences and mathematics students in Israel,43971,5000,0,6000,quantity,0,1,1,1,1,1,1,2,0,0
95925,Milstein and Halali (in prep),Milstein and Halali (in prep; Study7),925,2,21,Estimated number of natural sciences and mathematics students in Israel,43971,25000,1,30000,quantity,0,1,1,1,1,1,1,2,0,0
95926,Milstein and Halali (in prep),Milstein and Halali (in prep; Study7),926,2,25,Estimated number of natural sciences and mathematics students in Israel,43971,5000,0,1500,quantity,0,1,1,1,1,1,1,2,0,0
95927,Milstein and Halali (in prep),Milstein and Halali (in prep; Study7),927,2,21,Estimated number of natural sciences and mathematics students in Israel,43971,5000,0,8000,quantity,0,1,1,1,1,1,1,2,0,0
95928,Milstein and Halali (in prep),Milstein and Halali (in prep; Study7),928,2,23,Estimated number of natural sciences and mathematics students in Israel,43971,5000,0,3000,quantity,0,1,1,1,1,1,1,2,0,0
95929,Milstein and Halali (in prep),Milstein and Halali (in prep; Study7),929,2,20,Estimated number of natural sciences and mathematics students in Israel,43971,25000,1,15000,quantity,0,1,1,1,1,1,1,2,0,0
95930,Milstein and Halali (in prep),Milstein and Halali (in prep; Study7),930,2,25,Estimated number of natural sciences and mathematics students in Israel,43971,25000,1,30000,quantity,0,1,1,1,1,1,1,2,0,0
95931,Milstein and Halali (in prep),Milstein and Halali (in prep; Study7),931,2,23,Estimated number of natural sciences and mathematics students in Israel,43971,5000,0,7000,quantity,0,1,1,1,1,1,1,2,0,0
95932,Milstein and Halali (in prep),Milstein and Halali (in prep; Study7),932,1,25,Estimated number of natural sciences and mathematics students in Israel,43971,5000,0,6000,quantity,0,1,1,1,1,1,1,2,0,0
95933,Milstein and Halali (in prep),Milstein and Halali (in prep; Study7),933,2,22,Estimated number of natural sciences and mathematics students in Israel,43971,5000,0,3000,quantity,0,1,1,1,1,1,1,2,0,0
95934,Milstein and Halali (in prep),Milstein and Halali (in prep; Study7),934,1,23,Estimated number of natural sciences and mathematics students in Israel,43971,25000,1,10000,quantity,0,1,1,1,1,1,1,2,0,0
95935,Milstein and Halali (in prep),Milstein and Halali (in prep; Study7),935,2,22,Estimated number of natural sciences and mathematics students in Israel,43971,5000,0,3500,quantity,0,1,1,1,1,1,1,2,0,0
95936,Milstein and Halali (in prep),Milstein and Halali (in prep; Study7),936,2,24,Estimated number of natural sciences and mathematics students in Israel,43971,25000,1,18000,quantity,0,1,1,1,1,1,1,2,0,0
95937,Milstein and Halali (in prep),Milstein and Halali (in prep; Study7),937,2,22,Estimated number of natural sciences and mathematics students in Israel,43971,25000,1,24000,quantity,0,1,1,1,1,1,1,2,0,0
95938,Milstein and Halali (in prep),Milstein and Halali (in prep; Study7),938,2,23,Estimated number of natural sciences and mathematics students in Israel,43971,5000,0,20000,quantity,0,1,1,1,1,1,1,2,0,0
95939,Milstein and Halali (in prep),Milstein and Halali (in prep; Study7),939,2,24,Estimated number of natural sciences and mathematics students in Israel,43971,5000,0,12000,quantity,0,1,1,1,1,1,1,2,0,0
95940,Milstein and Halali (in prep),Milstein and Halali (in prep; Study7),940,2,24,Estimated number of natural sciences and mathematics students in Israel,43971,5000,0,3500,quantity,0,1,1,1,1,1,1,2,0,0
95941,Milstein and Halali (in prep),Milstein and Halali (in prep; Study7),941,2,24,Estimated number of natural sciences and mathematics students in Israel,43971,5000,0,3500,quantity,0,1,1,1,1,1,1,2,0,0
95942,Milstein and Halali (in prep),Milstein and Halali (in prep; Study7),942,2,23,Estimated number of natural sciences and mathematics students in Israel,43971,5000,0,8000,quantity,0,1,1,1,1,1,1,2,0,0
95943,Milstein and Halali (in prep),Milstein and Halali (in prep; Study7),943,2,25,Estimated number of natural sciences and mathematics students in Israel,43971,5000,0,7000,quantity,0,1,1,1,1,1,1,2,0,0
95944,Milstein and Halali (in prep),Milstein and Halali (in prep; Study7),944,2,22,Estimated number of natural sciences and mathematics students in Israel,43971,5000,0,6000,quantity,0,1,1,1,1,1,1,2,0,0
95945,Milstein and Halali (in prep),Milstein and Halali (in prep; Study7),945,2,23,Estimated number of natural sciences and mathematics students in Israel,43971,25000,1,5000,quantity,0,1,1,1,1,1,1,2,0,0
95946,Milstein and Halali (in prep),Milstein and Halali (in prep; Study7),946,2,23,Estimated number of natural sciences and mathematics students in Israel,43971,25000,1,50000,quantity,0,1,1,1,1,1,1,2,0,0
95947,Milstein and Halali (in prep),Milstein and Halali (in prep; Study7),947,2,22,Estimated number of natural sciences and mathematics students in Israel,43971,25000,1,100000,quantity,0,1,1,1,1,1,1,2,0,0
95948,Milstein and Halali (in prep),Milstein and Halali (in prep; Study7),948,2,23,Estimated number of natural sciences and mathematics students in Israel,43971,25000,1,10000,quantity,0,1,1,1,1,1,1,2,0,0
95949,Milstein and Halali (in prep),Milstein and Halali (in prep; Study7),949,2,21,Estimated number of natural sciences and mathematics students in Israel,43971,5000,0,20000,quantity,0,1,1,1,1,1,1,2,0,0
95950,Milstein and Halali (in prep),Milstein and Halali (in prep; Study7),950,2,20,Estimated number of natural sciences and mathematics students in Israel,43971,25000,1,10000,quantity,0,1,1,1,1,1,1,2,0,0
95951,Milstein and Halali (in prep),Milstein and Halali (in prep; Study7),951,2,24,Estimated number of natural sciences and mathematics students in Israel,43971,25000,1,30,quantity,0,1,1,1,1,1,1,2,0,0
95952,Milstein and Halali (in prep),Milstein and Halali (in prep; Study7),952,2,21,Estimated number of natural sciences and mathematics students in Israel,43971,5000,0,2500,quantity,0,1,1,1,1,1,1,2,0,0
95953,Milstein and Halali (in prep),Milstein and Halali (in prep; Study7),953,2,23,Estimated number of natural sciences and mathematics students in Israel,43971,5000,0,20000,quantity,0,1,1,1,1,1,1,2,0,0
95954,Milstein and Halali (in prep),Milstein and Halali (in prep; Study7),954,1,35,Estimated number of natural sciences and mathematics students in Israel,43971,5000,0,3000,quantity,0,1,1,1,1,1,1,2,0,0
95955,Milstein and Halali (in prep),Milstein and Halali (in prep; Study7),955,2,22,Estimated number of natural sciences and mathematics students in Israel,43971,25000,1,20000,quantity,0,1,1,1,1,1,1,2,0,0
95956,Milstein and Halali (in prep),Milstein and Halali (in prep; Study7),956,2,21,Estimated number of natural sciences and mathematics students in Israel,43971,5000,0,15000,quantity,0,1,1,1,1,1,1,2,0,0
95957,Milstein and Halali (in prep),Milstein and Halali (in prep; Study7),957,2,23,Estimated number of natural sciences and mathematics students in Israel,43971,25000,1,15000,quantity,0,1,1,1,1,1,1,2,0,0
95958,Milstein and Halali (in prep),Milstein and Halali (in prep; Study7),958,2,23,Estimated number of natural sciences and mathematics students in Israel,43971,25000,1,5000,quantity,0,1,1,1,1,1,1,2,0,0
95959,Milstein and Halali (in prep),Milstein and Halali (in prep; Study7),959,2,24,Estimated number of natural sciences and mathematics students in Israel,43971,5000,0,10000,quantity,0,1,1,1,1,1,1,2,0,0
95960,Milstein and Halali (in prep),Milstein and Halali (in prep; Study7),960,2,27,Estimated number of natural sciences and mathematics students in Israel,43971,25000,1,30000,quantity,0,1,1,1,1,1,1,2,0,0
95961,Milstein and Halali (in prep),Milstein and Halali (in prep; Study7),961,2,21,Estimated number of natural sciences and mathematics students in Israel,43971,25000,1,50000,quantity,0,1,1,1,1,1,1,2,0,0
95962,Milstein and Halali (in prep),Milstein and Halali (in prep; Study7),962,2,23,Estimated number of natural sciences and mathematics students in Israel,43971,5000,0,10000,quantity,0,1,1,1,1,1,1,2,0,0
95963,Milstein and Halali (in prep),Milstein and Halali (in prep; Study7),963,2,22,Estimated number of natural sciences and mathematics students in Israel,43971,25000,1,50000,quantity,0,1,1,1,1,1,1,2,0,0
95964,Milstein and Halali (in prep),Milstein and Halali (in prep; Study7),964,2,21,Estimated number of natural sciences and mathematics students in Israel,43971,5000,0,10000,quantity,0,1,1,1,1,1,1,2,0,0
95965,Milstein and Halali (in prep),Milstein and Halali (in prep; Study7),965,2,21,Estimated number of natural sciences and mathematics students in Israel,43971,25000,1,30000,quantity,0,1,1,1,1,1,1,2,0,0
95966,Milstein and Halali (in prep),Milstein and Halali (in prep; Study7),966,2,23,Estimated number of natural sciences and mathematics students in Israel,43971,5000,0,7500,quantity,0,1,1,1,1,1,1,2,0,0
95967,Milstein and Halali (in prep),Milstein and Halali (in prep; Study7),967,2,20,Estimated number of natural sciences and mathematics students in Israel,43971,5000,0,8000,quantity,0,1,1,1,1,1,1,2,0,0
95969,Milstein and Halali (in prep),Milstein and Halali (in prep; Study7),969,2,21,Estimated number of natural sciences and mathematics students in Israel,43971,5000,0,7000,quantity,0,1,1,1,1,1,1,2,0,0
95970,Milstein and Halali (in prep),Milstein and Halali (in prep; Study7),970,1,23,Estimated number of natural sciences and mathematics students in Israel,43971,5000,0,11000,quantity,0,1,1,1,1,1,1,2,0,0
95971,Milstein and Halali (in prep),Milstein and Halali (in prep; Study7),971,2,21,Estimated number of natural sciences and mathematics students in Israel,43971,25000,1,30000,quantity,0,1,1,1,1,1,1,2,0,0
95972,Milstein and Halali (in prep),Milstein and Halali (in prep; Study7),972,2,24,Estimated number of natural sciences and mathematics students in Israel,43971,25000,1,15000,quantity,0,1,1,1,1,1,1,2,0,0
95973,Milstein and Halali (in prep),Milstein and Halali (in prep; Study7),973,2,23,Estimated number of natural sciences and mathematics students in Israel,43971,5000,0,10000,quantity,0,1,1,1,1,1,1,2,0,0
95974,Milstein and Halali (in prep),Milstein and Halali (in prep; Study7),974,2,25,Estimated number of natural sciences and mathematics students in Israel,43971,5000,0,15000,quantity,0,1,1,1,1,1,1,2,0,0
95975,Milstein and Halali (in prep),Milstein and Halali (in prep; Study7),975,2,23,Estimated number of natural sciences and mathematics students in Israel,43971,25000,1,8000,quantity,0,1,1,1,1,1,1,2,0,0
95976,Milstein and Halali (in prep),Milstein and Halali (in prep; Study7),976,2,25,Estimated number of natural sciences and mathematics students in Israel,43971,25000,1,50000,quantity,0,1,1,1,1,1,1,2,0,0
95977,Milstein and Halali (in prep),Milstein and Halali (in prep; Study7),977,2,24,Estimated number of natural sciences and mathematics students in Israel,43971,25000,1,50000,quantity,0,1,1,1,1,1,1,2,0,0
95978,Milstein and Halali (in prep),Milstein and Halali (in prep; Study7),978,2,22,Estimated number of natural sciences and mathematics students in Israel,43971,25000,1,13000,quantity,0,1,1,1,1,1,1,2,0,0
95979,Milstein and Halali (in prep),Milstein and Halali (in prep; Study7),979,2,24,Estimated number of natural sciences and mathematics students in Israel,43971,25000,1,100000,quantity,0,1,1,1,1,1,1,2,0,0
95980,Milstein and Halali (in prep),Milstein and Halali (in prep; Study7),980,2,23,Estimated number of natural sciences and mathematics students in Israel,43971,5000,0,10000,quantity,0,1,1,1,1,1,1,2,0,0
95981,Milstein and Halali (in prep),Milstein and Halali (in prep; Study7),981,1,27,Estimated number of natural sciences and mathematics students in Israel,43971,25000,1,4000,quantity,0,1,1,1,1,1,1,2,0,0
95982,Milstein and Halali (in prep),Milstein and Halali (in prep; Study7),982,1,23,Estimated number of natural sciences and mathematics students in Israel,43971,25000,1,5000,quantity,0,1,1,1,1,1,1,2,0,0
95983,Milstein and Halali (in prep),Milstein and Halali (in prep; Study7),983,2,21,Estimated number of natural sciences and mathematics students in Israel,43971,25000,1,20000,quantity,0,1,1,1,1,1,1,2,0,0
95984,Milstein and Halali (in prep),Milstein and Halali (in prep; Study7),984,2,23,Estimated number of natural sciences and mathematics students in Israel,43971,25000,1,30000,quantity,0,1,1,1,1,1,1,2,0,0
95985,Milstein and Halali (in prep),Milstein and Halali (in prep; Study7),985,1,24,Estimated number of natural sciences and mathematics students in Israel,43971,25000,1,100000,quantity,0,1,1,1,1,1,1,2,0,0
95987,Milstein and Halali (in prep),Milstein and Halali (in prep; Study7),987,2,24,Estimated number of natural sciences and mathematics students in Israel,43971,5000,0,3000,quantity,0,1,1,1,1,1,1,2,0,0
95988,Milstein and Halali (in prep),Milstein and Halali (in prep; Study7),988,2,23,Estimated number of natural sciences and mathematics students in Israel,43971,25000,1,15000,quantity,0,1,1,1,1,1,1,2,0,0
95989,Milstein and Halali (in prep),Milstein and Halali (in prep; Study7),989,1,26,Estimated number of natural sciences and mathematics students in Israel,43971,25000,1,13000,quantity,0,1,1,1,1,1,1,2,0,0
95990,Milstein and Halali (in prep),Milstein and Halali (in prep; Study7),990,2,22,Estimated number of natural sciences and mathematics students in Israel,43971,25000,1,90000,quantity,0,1,1,1,1,1,1,2,0,0
95991,Milstein and Halali (in prep),Milstein and Halali (in prep; Study7),991,2,21,Estimated number of natural sciences and mathematics students in Israel,43971,5000,0,10000,quantity,0,1,1,1,1,1,1,2,0,0
95992,Milstein and Halali (in prep),Milstein and Halali (in prep; Study7),992,1,23,Estimated number of natural sciences and mathematics students in Israel,43971,5000,0,7000,quantity,0,1,1,1,1,1,1,2,0,0
95993,Milstein and Halali (in prep),Milstein and Halali (in prep; Study7),993,2,25,Estimated number of natural sciences and mathematics students in Israel,43971,5000,0,7000,quantity,0,1,1,1,1,1,1,2,0,0
95994,Milstein and Halali (in prep),Milstein and Halali (in prep; Study7),994,2,23,Estimated number of natural sciences and mathematics students in Israel,43971,5000,0,3,quantity,0,1,1,1,1,1,1,2,0,0
95995,Milstein and Halali (in prep),Milstein and Halali (in prep; Study7),995,2,23,Estimated number of natural sciences and mathematics students in Israel,43971,5000,0,20000,quantity,0,1,1,1,1,1,1,2,0,0
95996,Milstein and Halali (in prep),Milstein and Halali (in prep; Study7),996,2,24,Estimated number of natural sciences and mathematics students in Israel,43971,5000,0,10000,quantity,0,1,1,1,1,1,1,2,0,0
95997,Milstein and Halali (in prep),Milstein and Halali (in prep; Study7),997,1,26,Estimated number of natural sciences and mathematics students in Israel,43971,25000,1,30000,quantity,0,1,1,1,1,1,1,2,0,0
95998,Milstein and Halali (in prep),Milstein and Halali (in prep; Study7),998,2,23,Estimated number of natural sciences and mathematics students in Israel,43971,25000,1,50000,quantity,0,1,1,1,1,1,1,2,0,0
95999,Milstein and Halali (in prep),Milstein and Halali (in prep; Study7),999,2,24,Estimated number of natural sciences and mathematics students in Israel,43971,5000,0,20000,quantity,0,1,1,1,1,1,1,2,0,0
96000,Milstein and Halali (in prep),Milstein and Halali (in prep; Study7),1000,2,21,Estimated number of natural sciences and mathematics students in Israel,43971,5000,0,7000,quantity,0,1,1,1,1,1,1,2,0,0
96001,Milstein and Halali (in prep),Milstein and Halali (in prep; Study7),1001,2,24,Estimated number of natural sciences and mathematics students in Israel,43971,5000,0,34000,quantity,0,1,1,1,1,1,1,2,0,0
96002,Milstein and Halali (in prep),Milstein and Halali (in prep; Study7),1002,2,24,Estimated number of natural sciences and mathematics students in Israel,43971,25000,1,25000,quantity,0,1,1,1,1,1,1,2,0,0
96003,Milstein and Halali (in prep),Milstein and Halali (in prep; Study7),1003,2,23,Estimated number of natural sciences and mathematics students in Israel,43971,5000,0,7000,quantity,0,1,1,1,1,1,1,2,0,0
96004,Milstein and Halali (in prep),Milstein and Halali (in prep; Study7),1004,2,22,Estimated number of natural sciences and mathematics students in Israel,43971,5000,0,7500,quantity,0,1,1,1,1,1,1,2,0,0
96005,Milstein and Halali (in prep),Milstein and Halali (in prep; Study7),1005,2,25,Estimated number of natural sciences and mathematics students in Israel,43971,5000,0,10000,quantity,0,1,1,1,1,1,1,2,0,0
96006,Milstein and Halali (in prep),Milstein and Halali (in prep; Study7),1006,1,23,Estimated number of natural sciences and mathematics students in Israel,43971,25000,1,22000,quantity,0,1,1,1,1,1,1,2,0,0
96007,Milstein and Halali (in prep),Milstein and Halali (in prep; Study7),1007,2,22,Estimated number of natural sciences and mathematics students in Israel,43971,25000,1,50000,quantity,0,1,1,1,1,1,1,2,0,0
96008,Milstein and Halali (in prep),Milstein and Halali (in prep; Study7),1008,2,23,Estimated number of natural sciences and mathematics students in Israel,43971,5000,0,8000,quantity,0,1,1,1,1,1,1,2,0,0
96009,Milstein and Halali (in prep),Milstein and Halali (in prep; Study7),1009,2,26,Estimated number of natural sciences and mathematics students in Israel,43971,5000,0,8000,quantity,0,1,1,1,1,1,1,2,0,0
96010,Milstein and Halali (in prep),Milstein and Halali (in prep; Study7),1010,2,27,Estimated number of natural sciences and mathematics students in Israel,43971,5000,0,1500,quantity,0,1,1,1,1,1,1,2,0,0
96011,Milstein and Halali (in prep),Milstein and Halali (in prep; Study7),1011,2,24,Estimated number of natural sciences and mathematics students in Israel,43971,5000,0,7000,quantity,0,1,1,1,1,1,1,2,0,0
96012,Milstein and Halali (in prep),Milstein and Halali (in prep; Study7),1012,2,23,Estimated number of natural sciences and mathematics students in Israel,43971,25000,1,20000,quantity,0,1,1,1,1,1,1,2,0,0
96013,Milstein and Halali (in prep),Milstein and Halali (in prep; Study7),1013,2,20,Estimated number of natural sciences and mathematics students in Israel,43971,25000,1,30000,quantity,0,1,1,1,1,1,1,2,0,0
96014,Milstein and Halali (in prep),Milstein and Halali (in prep; Study7),1014,2,22,Estimated number of natural sciences and mathematics students in Israel,43971,5000,0,30000,quantity,0,1,1,1,1,1,1,2,0,0
96015,Milstein and Halali (in prep),Milstein and Halali (in prep; Study7),1015,1,25,Estimated number of natural sciences and mathematics students in Israel,43971,5000,0,50000,quantity,0,1,1,1,1,1,1,2,0,0
96016,Milstein and Halali (in prep),Milstein and Halali (in prep; Study7),1016,2,22,Estimated number of natural sciences and mathematics students in Israel,43971,5000,0,8000,quantity,0,1,1,1,1,1,1,2,0,0
96017,Milstein and Halali (in prep),Milstein and Halali (in prep; Study7),1017,2,21,Estimated number of natural sciences and mathematics students in Israel,43971,25000,1,30000,quantity,0,1,1,1,1,1,1,2,0,0
96018,Milstein and Halali (in prep),Milstein and Halali (in prep; Study7),1018,2,21,Estimated number of natural sciences and mathematics students in Israel,43971,5000,0,10000,quantity,0,1,1,1,1,1,1,2,0,0
96019,Milstein and Halali (in prep),Milstein and Halali (in prep; Study7),1019,2,21,Estimated number of natural sciences and mathematics students in Israel,43971,5000,0,4000,quantity,0,1,1,1,1,1,1,2,0,0
96020,Milstein and Halali (in prep),Milstein and Halali (in prep; Study7),1020,2,22,Estimated number of natural sciences and mathematics students in Israel,43971,25000,1,8000,quantity,0,1,1,1,1,1,1,2,0,0
96021,Milstein and Halali (in prep),Milstein and Halali (in prep; Study7),1021,2,22,Estimated number of natural sciences and mathematics students in Israel,43971,25000,1,30000,quantity,0,1,1,1,1,1,1,2,0,0
96022,Milstein and Halali (in prep),Milstein and Halali (in prep; Study7),1022,2,22,Estimated number of natural sciences and mathematics students in Israel,43971,25000,1,10000,quantity,0,1,1,1,1,1,1,2,0,0
96023,Milstein and Halali (in prep),Milstein and Halali (in prep; Study7),1023,2,23,Estimated number of natural sciences and mathematics students in Israel,43971,25000,1,100000,quantity,0,1,1,1,1,1,1,2,0,0
96024,Milstein and Halali (in prep),Milstein and Halali (in prep; Study7),1024,2,24,Estimated number of natural sciences and mathematics students in Israel,43971,5000,0,6000,quantity,0,1,1,1,1,1,1,2,0,0
96025,Milstein and Halali (in prep),Milstein and Halali (in prep; Study7),1025,2,24,Estimated number of natural sciences and mathematics students in Israel,43971,5000,0,3000,quantity,0,1,1,1,1,1,1,2,0,0
96026,Milstein and Halali (in prep),Milstein and Halali (in prep; Study7),1026,2,24,Estimated number of natural sciences and mathematics students in Israel,43971,5000,0,10000,quantity,0,1,1,1,1,1,1,2,0,0
96027,Milstein and Halali (in prep),Milstein and Halali (in prep; Study7),1027,2,26,Estimated number of natural sciences and mathematics students in Israel,43971,25000,1,50000,quantity,0,1,1,1,1,1,1,2,0,0
96028,Milstein and Halali (in prep),Milstein and Halali (in prep; Study7),1028,2,22,Estimated number of natural sciences and mathematics students in Israel,43971,5000,0,6000,quantity,0,1,1,1,1,1,1,2,0,0
96029,Milstein and Halali (in prep),Milstein and Halali (in prep; Study7),1029,2,24,Estimated number of natural sciences and mathematics students in Israel,43971,5000,0,60000,quantity,0,1,1,1,1,1,1,2,0,0
96031,Milstein and Halali (in prep),Milstein and Halali (in prep; Study7),1031,2,22,Estimated number of natural sciences and mathematics students in Israel,43971,25000,1,40000,quantity,0,1,1,1,1,1,1,2,0,0
96032,Milstein and Halali (in prep),Milstein and Halali (in prep; Study7),1032,2,22,Estimated number of natural sciences and mathematics students in Israel,43971,5000,0,10000,quantity,0,1,1,1,1,1,1,2,0,0
96033,Milstein and Halali (in prep),Milstein and Halali (in prep; Study7),1033,2,22,Estimated number of natural sciences and mathematics students in Israel,43971,5000,0,20000,quantity,0,1,1,1,1,1,1,2,0,0
96034,Milstein and Halali (in prep),Milstein and Halali (in prep; Study7),1034,2,20,Estimated number of natural sciences and mathematics students in Israel,43971,25000,1,40000,quantity,0,1,1,1,1,1,1,2,0,0
96035,Milstein and Halali (in prep),Milstein and Halali (in prep; Study7),1035,2,19,Estimated number of natural sciences and mathematics students in Israel,43971,25000,1,2000,quantity,0,1,1,1,1,1,1,2,0,0
96036,Milstein and Halali (in prep),Milstein and Halali (in prep; Study7),1036,2,22,Estimated number of natural sciences and mathematics students in Israel,43971,5000,0,4500,quantity,0,1,1,1,1,1,1,2,0,0
96037,Milstein and Halali (in prep),Milstein and Halali (in prep; Study7),1037,2,19,Estimated number of natural sciences and mathematics students in Israel,43971,5000,0,4000,quantity,0,1,1,1,1,1,1,2,0,0
96038,Milstein and Halali (in prep),Milstein and Halali (in prep; Study7),1038,1,27,Estimated number of natural sciences and mathematics students in Israel,43971,25000,1,28000,quantity,0,1,1,1,1,1,1,2,0,0
96039,Milstein and Halali (in prep),Milstein and Halali (in prep; Study7),1039,2,22,Estimated number of natural sciences and mathematics students in Israel,43971,5000,0,30000,quantity,0,1,1,1,1,1,1,2,0,0
96040,Milstein and Halali (in prep),Milstein and Halali (in prep; Study7),1040,2,20,Estimated number of natural sciences and mathematics students in Israel,43971,5000,0,70000,quantity,0,1,1,1,1,1,1,2,0,0
96041,Milstein and Halali (in prep),Milstein and Halali (in prep; Study7),1041,2,22,Estimated number of natural sciences and mathematics students in Israel,43971,25000,1,40000,quantity,0,1,1,1,1,1,1,2,0,0
96042,Milstein and Halali (in prep),Milstein and Halali (in prep; Study7),1042,2,24,Estimated number of natural sciences and mathematics students in Israel,43971,25000,1,60000,quantity,0,1,1,1,1,1,1,2,0,0
96043,Milstein and Halali (in prep),Milstein and Halali (in prep; Study7),1043,2,25,Estimated number of natural sciences and mathematics students in Israel,43971,25000,1,10000,quantity,0,1,1,1,1,1,1,2,0,0
96044,Milstein and Halali (in prep),Milstein and Halali (in prep; Study7),1044,2,23,Estimated number of natural sciences and mathematics students in Israel,43971,25000,1,20000,quantity,0,1,1,1,1,1,1,2,0,0
96045,Milstein and Halali (in prep),Milstein and Halali (in prep; Study7),1045,2,22,Estimated number of natural sciences and mathematics students in Israel,43971,25000,1,5000,quantity,0,1,1,1,1,1,1,2,0,0
96046,Milstein and Halali (in prep),Milstein and Halali (in prep; Study7),1046,1,25,Estimated number of natural sciences and mathematics students in Israel,43971,5000,0,15000,quantity,0,1,1,1,1,1,1,2,0,0
