"","id","reference","reference_short","participant_id","sex","age","anchoring_item","true_value","anchor","anchorhigh","estimate","tasktype","direction","incentive","comparative_question","experiment_type","stimulitype","sampletype","scaletype","anchortype","published","preregistered"
"1",95001,"Milstein, N. & Halali, E. (2021). [Unpublished data]. Bar-Ilan University, Israel.","Milstein and Halali, 2021, Study 1",1,2,21,"Estimated number of natural sciences and mathematics students in Israel",31260,5000,0,4000,"quantity",0,1,1,1,1,1,1,2,0,"0"
"2",95002,"Milstein, N. & Halali, E. (2021). [Unpublished data]. Bar-Ilan University, Israel.","Milstein and Halali, 2021, Study 1",2,2,28,"Estimated number of natural sciences and mathematics students in Israel",31260,5000,0,15000,"quantity",0,1,1,1,1,1,1,2,0,"0"
"3",95003,"Milstein, N. & Halali, E. (2021). [Unpublished data]. Bar-Ilan University, Israel.","Milstein and Halali, 2021, Study 1",3,1,27,"Estimated number of natural sciences and mathematics students in Israel",31260,5000,0,8000,"quantity",0,1,1,1,1,1,1,2,0,"0"
"4",95004,"Milstein, N. & Halali, E. (2021). [Unpublished data]. Bar-Ilan University, Israel.","Milstein and Halali, 2021, Study 1",4,2,22,"Estimated number of natural sciences and mathematics students in Israel",31260,5000,0,10000,"quantity",0,1,1,1,1,1,1,2,0,"0"
"5",95005,"Milstein, N. & Halali, E. (2021). [Unpublished data]. Bar-Ilan University, Israel.","Milstein and Halali, 2021, Study 1",5,2,22,"Estimated number of natural sciences and mathematics students in Israel",31260,5000,0,8000,"quantity",0,1,1,1,1,1,1,2,0,"0"
"6",95006,"Milstein, N. & Halali, E. (2021). [Unpublished data]. Bar-Ilan University, Israel.","Milstein and Halali, 2021, Study 1",6,2,22,"Estimated number of natural sciences and mathematics students in Israel",31260,5000,0,40000,"quantity",0,1,1,1,1,1,1,2,0,"0"
"7",95007,"Milstein, N. & Halali, E. (2021). [Unpublished data]. Bar-Ilan University, Israel.","Milstein and Halali, 2021, Study 1",7,2,24,"Estimated number of natural sciences and mathematics students in Israel",31260,5000,0,35000,"quantity",0,1,1,1,1,1,1,2,0,"0"
"8",95008,"Milstein, N. & Halali, E. (2021). [Unpublished data]. Bar-Ilan University, Israel.","Milstein and Halali, 2021, Study 1",8,2,24,"Estimated number of natural sciences and mathematics students in Israel",31260,5000,0,20000,"quantity",0,1,1,1,1,1,1,2,0,"0"
"9",95009,"Milstein, N. & Halali, E. (2021). [Unpublished data]. Bar-Ilan University, Israel.","Milstein and Halali, 2021, Study 1",9,2,21,"Estimated number of natural sciences and mathematics students in Israel",31260,5000,0,10000,"quantity",0,1,1,1,1,1,1,2,0,"0"
"10",95010,"Milstein, N. & Halali, E. (2021). [Unpublished data]. Bar-Ilan University, Israel.","Milstein and Halali, 2021, Study 1",10,2,22,"Estimated number of natural sciences and mathematics students in Israel",31260,5000,0,10000,"quantity",0,1,1,1,1,1,1,2,0,"0"
"11",95011,"Milstein, N. & Halali, E. (2021). [Unpublished data]. Bar-Ilan University, Israel.","Milstein and Halali, 2021, Study 1",11,1,26,"Estimated number of natural sciences and mathematics students in Israel",31260,5000,0,8000,"quantity",0,1,1,1,1,1,1,2,0,"0"
"12",95012,"Milstein, N. & Halali, E. (2021). [Unpublished data]. Bar-Ilan University, Israel.","Milstein and Halali, 2021, Study 1",12,1,27,"Estimated number of natural sciences and mathematics students in Israel",31260,5000,0,7000,"quantity",0,1,1,1,1,1,1,2,0,"0"
"13",95013,"Milstein, N. & Halali, E. (2021). [Unpublished data]. Bar-Ilan University, Israel.","Milstein and Halali, 2021, Study 1",13,2,21,"Estimated number of natural sciences and mathematics students in Israel",31260,5000,0,7000,"quantity",0,1,1,1,1,1,1,2,0,"0"
"14",95014,"Milstein, N. & Halali, E. (2021). [Unpublished data]. Bar-Ilan University, Israel.","Milstein and Halali, 2021, Study 1",14,2,22,"Estimated number of natural sciences and mathematics students in Israel",31260,5000,0,100000,"quantity",0,1,1,1,1,1,1,2,0,"0"
"15",95015,"Milstein, N. & Halali, E. (2021). [Unpublished data]. Bar-Ilan University, Israel.","Milstein and Halali, 2021, Study 1",15,2,23,"Estimated number of natural sciences and mathematics students in Israel",31260,5000,0,10000,"quantity",0,1,1,1,1,1,1,2,0,"0"
"16",95017,"Milstein, N. & Halali, E. (2021). [Unpublished data]. Bar-Ilan University, Israel.","Milstein and Halali, 2021, Study 1",17,2,23,"Estimated number of natural sciences and mathematics students in Israel",31260,5000,0,10000,"quantity",0,1,1,1,1,1,1,2,0,"0"
"17",95018,"Milstein, N. & Halali, E. (2021). [Unpublished data]. Bar-Ilan University, Israel.","Milstein and Halali, 2021, Study 1",18,1,26,"Estimated number of natural sciences and mathematics students in Israel",31260,5000,0,8000,"quantity",0,1,1,1,1,1,1,2,0,"0"
"18",95019,"Milstein, N. & Halali, E. (2021). [Unpublished data]. Bar-Ilan University, Israel.","Milstein and Halali, 2021, Study 1",19,2,21,"Estimated number of natural sciences and mathematics students in Israel",31260,5000,0,6000,"quantity",0,1,1,1,1,1,1,2,0,"0"
"19",95020,"Milstein, N. & Halali, E. (2021). [Unpublished data]. Bar-Ilan University, Israel.","Milstein and Halali, 2021, Study 1",20,1,25,"Estimated number of natural sciences and mathematics students in Israel",31260,5000,0,13000,"quantity",0,1,1,1,1,1,1,2,0,"0"
"20",95021,"Milstein, N. & Halali, E. (2021). [Unpublished data]. Bar-Ilan University, Israel.","Milstein and Halali, 2021, Study 1",21,1,26,"Estimated number of natural sciences and mathematics students in Israel",31260,5000,0,7000,"quantity",0,1,1,1,1,1,1,2,0,"0"
"21",95022,"Milstein, N. & Halali, E. (2021). [Unpublished data]. Bar-Ilan University, Israel.","Milstein and Halali, 2021, Study 1",22,2,43,"Estimated number of natural sciences and mathematics students in Israel",31260,5000,0,10000,"quantity",0,1,1,1,1,1,1,2,0,"0"
"22",95023,"Milstein, N. & Halali, E. (2021). [Unpublished data]. Bar-Ilan University, Israel.","Milstein and Halali, 2021, Study 1",23,2,24,"Estimated number of natural sciences and mathematics students in Israel",31260,5000,0,20000,"quantity",0,1,1,1,1,1,1,2,0,"0"
"23",95024,"Milstein, N. & Halali, E. (2021). [Unpublished data]. Bar-Ilan University, Israel.","Milstein and Halali, 2021, Study 1",24,2,22,"Estimated number of natural sciences and mathematics students in Israel",31260,5000,0,40000,"quantity",0,1,1,1,1,1,1,2,0,"0"
"24",95025,"Milstein, N. & Halali, E. (2021). [Unpublished data]. Bar-Ilan University, Israel.","Milstein and Halali, 2021, Study 1",25,1,27,"Estimated number of natural sciences and mathematics students in Israel",31260,5000,0,20000,"quantity",0,1,1,1,1,1,1,2,0,"0"
"25",95026,"Milstein, N. & Halali, E. (2021). [Unpublished data]. Bar-Ilan University, Israel.","Milstein and Halali, 2021, Study 1",26,2,28,"Estimated number of natural sciences and mathematics students in Israel",31260,5000,0,2000,"quantity",0,1,1,1,1,1,1,2,0,"0"
"26",95027,"Milstein, N. & Halali, E. (2021). [Unpublished data]. Bar-Ilan University, Israel.","Milstein and Halali, 2021, Study 1",27,1,26,"Estimated number of natural sciences and mathematics students in Israel",31260,5000,0,4000,"quantity",0,1,1,1,1,1,1,2,0,"0"
"27",95028,"Milstein, N. & Halali, E. (2021). [Unpublished data]. Bar-Ilan University, Israel.","Milstein and Halali, 2021, Study 1",28,2,22,"Estimated number of natural sciences and mathematics students in Israel",31260,5000,0,4000,"quantity",0,1,1,1,1,1,1,2,0,"0"
"28",95029,"Milstein, N. & Halali, E. (2021). [Unpublished data]. Bar-Ilan University, Israel.","Milstein and Halali, 2021, Study 1",29,2,33,"Estimated number of natural sciences and mathematics students in Israel",31260,5000,0,2500,"quantity",0,1,1,1,1,1,1,2,0,"0"
"29",95030,"Milstein, N. & Halali, E. (2021). [Unpublished data]. Bar-Ilan University, Israel.","Milstein and Halali, 2021, Study 1",30,2,25,"Estimated number of natural sciences and mathematics students in Israel",31260,5000,0,2500,"quantity",0,1,1,1,1,1,1,2,0,"0"
"30",95031,"Milstein, N. & Halali, E. (2021). [Unpublished data]. Bar-Ilan University, Israel.","Milstein and Halali, 2021, Study 1",31,2,22,"Estimated number of natural sciences and mathematics students in Israel",31260,5000,0,3800,"quantity",0,1,1,1,1,1,1,2,0,"0"
"31",95032,"Milstein, N. & Halali, E. (2021). [Unpublished data]. Bar-Ilan University, Israel.","Milstein and Halali, 2021, Study 1",32,2,29,"Estimated number of natural sciences and mathematics students in Israel",31260,5000,0,4500,"quantity",0,1,1,1,1,1,1,2,0,"0"
"32",95033,"Milstein, N. & Halali, E. (2021). [Unpublished data]. Bar-Ilan University, Israel.","Milstein and Halali, 2021, Study 1",33,2,25,"Estimated number of natural sciences and mathematics students in Israel",31260,25000,1,15000,"quantity",0,1,1,1,1,1,1,2,0,"0"
"33",95034,"Milstein, N. & Halali, E. (2021). [Unpublished data]. Bar-Ilan University, Israel.","Milstein and Halali, 2021, Study 1",34,2,22,"Estimated number of natural sciences and mathematics students in Israel",31260,25000,1,20000,"quantity",0,1,1,1,1,1,1,2,0,"0"
"34",95035,"Milstein, N. & Halali, E. (2021). [Unpublished data]. Bar-Ilan University, Israel.","Milstein and Halali, 2021, Study 1",35,2,22,"Estimated number of natural sciences and mathematics students in Israel",31260,25000,1,50000,"quantity",0,1,1,1,1,1,1,2,0,"0"
"35",95036,"Milstein, N. & Halali, E. (2021). [Unpublished data]. Bar-Ilan University, Israel.","Milstein and Halali, 2021, Study 1",36,1,26,"Estimated number of natural sciences and mathematics students in Israel",31260,25000,1,26000,"quantity",0,1,1,1,1,1,1,2,0,"0"
"36",95037,"Milstein, N. & Halali, E. (2021). [Unpublished data]. Bar-Ilan University, Israel.","Milstein and Halali, 2021, Study 1",37,2,22,"Estimated number of natural sciences and mathematics students in Israel",31260,25000,1,20000,"quantity",0,1,1,1,1,1,1,2,0,"0"
"37",95038,"Milstein, N. & Halali, E. (2021). [Unpublished data]. Bar-Ilan University, Israel.","Milstein and Halali, 2021, Study 1",38,2,21,"Estimated number of natural sciences and mathematics students in Israel",31260,25000,1,20000,"quantity",0,1,1,1,1,1,1,2,0,"0"
"38",95039,"Milstein, N. & Halali, E. (2021). [Unpublished data]. Bar-Ilan University, Israel.","Milstein and Halali, 2021, Study 1",39,2,21,"Estimated number of natural sciences and mathematics students in Israel",31260,25000,1,15000,"quantity",0,1,1,1,1,1,1,2,0,"0"
"39",95040,"Milstein, N. & Halali, E. (2021). [Unpublished data]. Bar-Ilan University, Israel.","Milstein and Halali, 2021, Study 1",40,1,25,"Estimated number of natural sciences and mathematics students in Israel",31260,25000,1,15000,"quantity",0,1,1,1,1,1,1,2,0,"0"
"40",95042,"Milstein, N. & Halali, E. (2021). [Unpublished data]. Bar-Ilan University, Israel.","Milstein and Halali, 2021, Study 1",42,2,21,"Estimated number of natural sciences and mathematics students in Israel",31260,25000,1,30000,"quantity",0,1,1,1,1,1,1,2,0,"0"
"41",95043,"Milstein, N. & Halali, E. (2021). [Unpublished data]. Bar-Ilan University, Israel.","Milstein and Halali, 2021, Study 1",43,2,24,"Estimated number of natural sciences and mathematics students in Israel",31260,25000,1,42000,"quantity",0,1,1,1,1,1,1,2,0,"0"
"42",95044,"Milstein, N. & Halali, E. (2021). [Unpublished data]. Bar-Ilan University, Israel.","Milstein and Halali, 2021, Study 1",44,1,23,"Estimated number of natural sciences and mathematics students in Israel",31260,25000,1,10000,"quantity",0,1,1,1,1,1,1,2,0,"0"
"43",95045,"Milstein, N. & Halali, E. (2021). [Unpublished data]. Bar-Ilan University, Israel.","Milstein and Halali, 2021, Study 1",45,2,23,"Estimated number of natural sciences and mathematics students in Israel",31260,25000,1,50000,"quantity",0,1,1,1,1,1,1,2,0,"0"
"44",95046,"Milstein, N. & Halali, E. (2021). [Unpublished data]. Bar-Ilan University, Israel.","Milstein and Halali, 2021, Study 1",46,2,23,"Estimated number of natural sciences and mathematics students in Israel",31260,25000,1,45000,"quantity",0,1,1,1,1,1,1,2,0,"0"
"45",95047,"Milstein, N. & Halali, E. (2021). [Unpublished data]. Bar-Ilan University, Israel.","Milstein and Halali, 2021, Study 1",47,2,21,"Estimated number of natural sciences and mathematics students in Israel",31260,25000,1,19000,"quantity",0,1,1,1,1,1,1,2,0,"0"
"46",95048,"Milstein, N. & Halali, E. (2021). [Unpublished data]. Bar-Ilan University, Israel.","Milstein and Halali, 2021, Study 1",48,2,36,"Estimated number of natural sciences and mathematics students in Israel",31260,25000,1,50000,"quantity",0,1,1,1,1,1,1,2,0,"0"
"47",95049,"Milstein, N. & Halali, E. (2021). [Unpublished data]. Bar-Ilan University, Israel.","Milstein and Halali, 2021, Study 1",49,2,21,"Estimated number of natural sciences and mathematics students in Israel",31260,25000,1,300,"quantity",0,1,1,1,1,1,1,2,0,"0"
"48",95050,"Milstein, N. & Halali, E. (2021). [Unpublished data]. Bar-Ilan University, Israel.","Milstein and Halali, 2021, Study 1",50,2,21,"Estimated number of natural sciences and mathematics students in Israel",31260,25000,1,30000,"quantity",0,1,1,1,1,1,1,2,0,"0"
"49",95051,"Milstein, N. & Halali, E. (2021). [Unpublished data]. Bar-Ilan University, Israel.","Milstein and Halali, 2021, Study 1",51,2,23,"Estimated number of natural sciences and mathematics students in Israel",31260,25000,1,15000,"quantity",0,1,1,1,1,1,1,2,0,"0"
"50",95052,"Milstein, N. & Halali, E. (2021). [Unpublished data]. Bar-Ilan University, Israel.","Milstein and Halali, 2021, Study 1",52,2,21,"Estimated number of natural sciences and mathematics students in Israel",31260,25000,1,18000,"quantity",0,1,1,1,1,1,1,2,0,"0"
"51",95054,"Milstein, N. & Halali, E. (2021). [Unpublished data]. Bar-Ilan University, Israel.","Milstein and Halali, 2021, Study 1",54,1,22,"Estimated number of natural sciences and mathematics students in Israel",31260,25000,1,20000,"quantity",0,1,1,1,1,1,1,2,0,"0"
"52",95055,"Milstein, N. & Halali, E. (2021). [Unpublished data]. Bar-Ilan University, Israel.","Milstein and Halali, 2021, Study 1",55,2,22,"Estimated number of natural sciences and mathematics students in Israel",31260,25000,1,35000,"quantity",0,1,1,1,1,1,1,2,0,"0"
"53",95056,"Milstein, N. & Halali, E. (2021). [Unpublished data]. Bar-Ilan University, Israel.","Milstein and Halali, 2021, Study 1",56,2,19,"Estimated number of natural sciences and mathematics students in Israel",31260,25000,1,40000,"quantity",0,1,1,1,1,1,1,2,0,"0"
"54",95057,"Milstein, N. & Halali, E. (2021). [Unpublished data]. Bar-Ilan University, Israel.","Milstein and Halali, 2021, Study 1",57,1,23,"Estimated number of natural sciences and mathematics students in Israel",31260,25000,1,20000,"quantity",0,1,1,1,1,1,1,2,0,"0"
"55",95058,"Milstein, N. & Halali, E. (2021). [Unpublished data]. Bar-Ilan University, Israel.","Milstein and Halali, 2021, Study 1",58,2,21,"Estimated number of natural sciences and mathematics students in Israel",31260,25000,1,30000,"quantity",0,1,1,1,1,1,1,2,0,"0"
"56",95059,"Milstein, N. & Halali, E. (2021). [Unpublished data]. Bar-Ilan University, Israel.","Milstein and Halali, 2021, Study 1",59,2,21,"Estimated number of natural sciences and mathematics students in Israel",31260,25000,1,30000,"quantity",0,1,1,1,1,1,1,2,0,"0"
"57",95060,"Milstein, N. & Halali, E. (2021). [Unpublished data]. Bar-Ilan University, Israel.","Milstein and Halali, 2021, Study 1",60,2,21,"Estimated number of natural sciences and mathematics students in Israel",31260,25000,1,20000,"quantity",0,1,1,1,1,1,1,2,0,"0"
"58",95061,"Milstein, N. & Halali, E. (2021). [Unpublished data]. Bar-Ilan University, Israel.","Milstein and Halali, 2021, Study 1",61,1,24.5,"Estimated number of natural sciences and mathematics students in Israel",31260,25000,1,15000,"quantity",0,1,1,1,1,1,1,2,0,"0"
"59",95062,"Milstein, N. & Halali, E. (2021). [Unpublished data]. Bar-Ilan University, Israel.","Milstein and Halali, 2021, Study 1",62,1,25,"Estimated number of natural sciences and mathematics students in Israel",31260,25000,1,40000,"quantity",0,1,1,1,1,1,1,2,0,"0"
"60",95063,"Milstein, N. & Halali, E. (2021). [Unpublished data]. Bar-Ilan University, Israel.","Milstein and Halali, 2021, Study 1",63,1,26,"Estimated number of natural sciences and mathematics students in Israel",31260,25000,1,18000,"quantity",0,1,1,1,1,1,1,2,0,"0"
"61",95064,"Milstein, N. & Halali, E. (2021). [Unpublished data]. Bar-Ilan University, Israel.","Milstein and Halali, 2021, Study 1",64,2,23,"Estimated number of natural sciences and mathematics students in Israel",31260,25000,1,19000,"quantity",0,1,1,1,1,1,1,2,0,"0"
"62",95065,"Milstein, N. & Halali, E. (2021). [Unpublished data]. Bar-Ilan University, Israel.","Milstein and Halali, 2021, Study 1",65,2,22,"Estimated number of natural sciences and mathematics students in Israel",31260,25000,1,4000,"quantity",0,1,1,1,1,1,1,2,0,"0"
"63",95066,"Milstein, N. & Halali, E. (2021). [Unpublished data]. Bar-Ilan University, Israel.","Milstein and Halali, 2021, Study 1",66,1,26,"Estimated number of natural sciences and mathematics students in Israel",31260,25000,1,15000,"quantity",0,1,1,1,1,1,1,2,0,"0"
"64",95067,"Milstein, N. & Halali, E. (2021). [Unpublished data]. Bar-Ilan University, Israel.","Milstein and Halali, 2021, Study 1",67,2,24,"Estimated number of natural sciences and mathematics students in Israel",31260,25000,1,30000,"quantity",0,1,1,1,1,1,1,2,0,"0"
"65",95068,"Milstein, N. & Halali, E. (2021). [Unpublished data]. Bar-Ilan University, Israel.","Milstein and Halali, 2021, Study 1",68,2,21,"Estimated number of natural sciences and mathematics students in Israel",31260,25000,1,20000,"quantity",0,1,1,1,1,1,1,2,0,"0"
"66",95069,"Milstein, N. & Halali, E. (2021). [Unpublished data]. Bar-Ilan University, Israel.","Milstein and Halali, 2021, Study 1",69,2,21,"Estimated number of natural sciences and mathematics students in Israel",31260,25000,1,50000,"quantity",0,1,1,1,1,1,1,2,0,"0"
"67",95070,"Milstein, N. & Halali, E. (2021). [Unpublished data]. Bar-Ilan University, Israel.","Milstein and Halali, 2021, Study 1",70,2,21,"Estimated number of natural sciences and mathematics students in Israel",31260,25000,1,15000,"quantity",0,1,1,1,1,1,1,2,0,"0"
"68",95071,"Milstein, N. & Halali, E. (2021). [Unpublished data]. Bar-Ilan University, Israel.","Milstein and Halali, 2021, Study 1",71,2,21,"Estimated number of natural sciences and mathematics students in Israel",31260,25000,1,10000,"quantity",0,1,1,1,1,1,1,2,0,"0"
"69",95072,"Milstein, N. & Halali, E. (2021). [Unpublished data]. Bar-Ilan University, Israel.","Milstein and Halali, 2021, Study 1",72,1,26,"Estimated number of natural sciences and mathematics students in Israel",31260,25000,1,10000,"quantity",0,1,1,1,1,1,1,2,0,"0"
"70",95073,"Milstein, N. & Halali, E. (2021). [Unpublished data]. Bar-Ilan University, Israel.","Milstein and Halali, 2021, Study 1",73,2,23,"Estimated number of natural sciences and mathematics students in Israel",31260,25000,1,35000,"quantity",0,1,1,1,1,1,1,2,0,"0"
"71",95074,"Milstein, N. & Halali, E. (2021). [Unpublished data]. Bar-Ilan University, Israel.","Milstein and Halali, 2021, Study 1",74,1,24,"Estimated number of natural sciences and mathematics students in Israel",31260,25000,1,30000,"quantity",0,1,1,1,1,1,1,2,0,"0"
"72",95075,"Milstein, N. & Halali, E. (2021). [Unpublished data]. Bar-Ilan University, Israel.","Milstein and Halali, 2021, Study 1",75,2,22,"Estimated number of natural sciences and mathematics students in Israel",31260,25000,1,15000,"quantity",0,1,1,1,1,1,1,2,0,"0"
"73",95076,"Milstein, N. & Halali, E. (2021). [Unpublished data]. Bar-Ilan University, Israel.","Milstein and Halali, 2021, Study 1",76,2,20,"Estimated number of natural sciences and mathematics students in Israel",31260,25000,1,50000,"quantity",0,1,1,1,1,1,1,2,0,"0"
"74",95077,"Milstein, N. & Halali, E. (2021). [Unpublished data]. Bar-Ilan University, Israel.","Milstein and Halali, 2021, Study 1",77,2,24,"Estimated number of natural sciences and mathematics students in Israel",31260,25000,1,15000,"quantity",0,1,1,1,1,1,1,2,0,"0"
"75",95078,"Milstein, N. & Halali, E. (2021). [Unpublished data]. Bar-Ilan University, Israel.","Milstein and Halali, 2021, Study 1",78,2,23,"Estimated number of natural sciences and mathematics students in Israel",31260,25000,1,40000,"quantity",0,1,1,1,1,1,1,2,0,"0"
"76",95079,"Milstein, N. & Halali, E. (2021). [Unpublished data]. Bar-Ilan University, Israel.","Milstein and Halali, 2021, Study 1",79,2,22,"Estimated number of natural sciences and mathematics students in Israel",31260,25000,1,40000,"quantity",0,1,1,1,1,1,1,2,0,"0"
"77",95080,"Milstein, N. & Halali, E. (2021). [Unpublished data]. Bar-Ilan University, Israel.","Milstein and Halali, 2021, Study 1",80,2,24,"Estimated number of natural sciences and mathematics students in Israel",31260,25000,1,15000,"quantity",0,1,1,1,1,1,1,2,0,"0"
"78",95081,"Milstein, N. & Halali, E. (2021). [Unpublished data]. Bar-Ilan University, Israel.","Milstein and Halali, 2021, Study 1",81,1,27,"Estimated number of natural sciences and mathematics students in Israel",31260,25000,1,27800,"quantity",0,1,1,1,1,1,1,2,0,"0"
"79",95082,"Milstein, N. & Halali, E. (2021). [Unpublished data]. Bar-Ilan University, Israel.","Milstein and Halali, 2021, Study 1",82,2,24,"Estimated number of natural sciences and mathematics students in Israel",31260,25000,1,40000,"quantity",0,1,1,1,1,1,1,2,0,"0"
"80",95083,"Milstein, N. & Halali, E. (2021). [Unpublished data]. Bar-Ilan University, Israel.","Milstein and Halali, 2021, Study 1",83,1,24,"Estimated number of natural sciences and mathematics students in Israel",31260,25000,1,35000,"quantity",0,1,1,1,1,1,1,2,0,"0"
"81",95084,"Milstein, N. & Halali, E. (2021). [Unpublished data]. Bar-Ilan University, Israel.","Milstein and Halali, 2021, Study 1",84,2,21,"Estimated number of natural sciences and mathematics students in Israel",31260,25000,1,5000,"quantity",0,1,1,1,1,1,1,2,0,"0"
"82",95085,"Milstein, N. & Halali, E. (2021). [Unpublished data]. Bar-Ilan University, Israel.","Milstein and Halali, 2021, Study 1",85,2,23,"Estimated number of natural sciences and mathematics students in Israel",31260,25000,1,10000,"quantity",0,1,1,1,1,1,1,2,0,"0"
"83",95086,"Milstein, N. & Halali, E. (2021). [Unpublished data]. Bar-Ilan University, Israel.","Milstein and Halali, 2021, Study 1",86,2,25,"Estimated number of natural sciences and mathematics students in Israel",31260,25000,1,15000,"quantity",0,1,1,1,1,1,1,2,0,"0"
"84",95087,"Milstein, N. & Halali, E. (2021). [Unpublished data]. Bar-Ilan University, Israel.","Milstein and Halali, 2021, Study 1",87,2,22,"Estimated number of natural sciences and mathematics students in Israel",31260,25000,1,80000,"quantity",0,1,1,1,1,1,1,2,0,"0"
"85",95088,"Milstein, N. & Halali, E. (2021). [Unpublished data]. Bar-Ilan University, Israel.","Milstein and Halali, 2021, Study 1",88,1,26,"Estimated number of natural sciences and mathematics students in Israel",31260,25000,1,15000,"quantity",0,1,1,1,1,1,1,2,0,"0"
"86",95089,"Milstein, N. & Halali, E. (2021). [Unpublished data]. Bar-Ilan University, Israel.","Milstein and Halali, 2021, Study 1",89,2,21,"Estimated number of natural sciences and mathematics students in Israel",31260,25000,1,40000,"quantity",0,1,1,1,1,1,1,2,0,"0"
"87",95090,"Milstein, N. & Halali, E. (2021). [Unpublished data]. Bar-Ilan University, Israel.","Milstein and Halali, 2021, Study 1",90,2,23,"Estimated number of natural sciences and mathematics students in Israel",31260,25000,1,17000,"quantity",0,1,1,1,1,1,1,2,0,"0"
"88",95091,"Milstein, N. & Halali, E. (2021). [Unpublished data]. Bar-Ilan University, Israel.","Milstein and Halali, 2021, Study 1",91,2,21,"Estimated number of natural sciences and mathematics students in Israel",31260,25000,1,50000,"quantity",0,1,1,1,1,1,1,2,0,"0"
"89",95092,"Milstein, N. & Halali, E. (2021). [Unpublished data]. Bar-Ilan University, Israel.","Milstein and Halali, 2021, Study 1",92,2,19,"Estimated number of natural sciences and mathematics students in Israel",31260,25000,1,50000,"quantity",0,1,1,1,1,1,1,2,0,"0"
"90",95093,"Milstein, N. & Halali, E. (2021). [Unpublished data]. Bar-Ilan University, Israel.","Milstein and Halali, 2021, Study 1",93,1,25,"Estimated number of natural sciences and mathematics students in Israel",31260,25000,1,18000,"quantity",0,1,1,1,1,1,1,2,0,"0"
"91",95094,"Milstein, N. & Halali, E. (2021). [Unpublished data]. Bar-Ilan University, Israel.","Milstein and Halali, 2021, Study 1",94,2,25,"Estimated number of natural sciences and mathematics students in Israel",31260,25000,1,20000,"quantity",0,1,1,1,1,1,1,2,0,"0"
"92",95101,"Milstein, N. & Halali, E. (2021). [Unpublished data]. Bar-Ilan University, Israel.","Milstein and Halali, 2021, Study 2",101,2,23,"Estimated number of natural sciences and mathematics students in Israel",32281,5000,0,3500,"quantity",0,1,1,1,1,1,1,2,0,"0"
"93",95102,"Milstein, N. & Halali, E. (2021). [Unpublished data]. Bar-Ilan University, Israel.","Milstein and Halali, 2021, Study 2",102,2,25,"Estimated number of natural sciences and mathematics students in Israel",32281,5000,0,7000,"quantity",0,1,1,1,1,1,1,2,0,"0"
"94",95103,"Milstein, N. & Halali, E. (2021). [Unpublished data]. Bar-Ilan University, Israel.","Milstein and Halali, 2021, Study 2",103,2,21,"Estimated number of natural sciences and mathematics students in Israel",32281,5000,0,6000,"quantity",0,1,1,1,1,1,1,2,0,"0"
"95",95104,"Milstein, N. & Halali, E. (2021). [Unpublished data]. Bar-Ilan University, Israel.","Milstein and Halali, 2021, Study 2",104,1,26,"Estimated number of natural sciences and mathematics students in Israel",32281,5000,0,7000,"quantity",0,1,1,1,1,1,1,2,0,"0"
"96",95105,"Milstein, N. & Halali, E. (2021). [Unpublished data]. Bar-Ilan University, Israel.","Milstein and Halali, 2021, Study 2",105,2,23,"Estimated number of natural sciences and mathematics students in Israel",32281,5000,0,10000,"quantity",0,1,1,1,1,1,1,2,0,"0"
"97",95106,"Milstein, N. & Halali, E. (2021). [Unpublished data]. Bar-Ilan University, Israel.","Milstein and Halali, 2021, Study 2",106,2,24,"Estimated number of natural sciences and mathematics students in Israel",32281,5000,0,10000,"quantity",0,1,1,1,1,1,1,2,0,"0"
"98",95107,"Milstein, N. & Halali, E. (2021). [Unpublished data]. Bar-Ilan University, Israel.","Milstein and Halali, 2021, Study 2",107,2,24,"Estimated number of natural sciences and mathematics students in Israel",32281,5000,0,7000,"quantity",0,1,1,1,1,1,1,2,0,"0"
"99",95108,"Milstein, N. & Halali, E. (2021). [Unpublished data]. Bar-Ilan University, Israel.","Milstein and Halali, 2021, Study 2",108,1,25,"Estimated number of natural sciences and mathematics students in Israel",32281,5000,0,10000,"quantity",0,1,1,1,1,1,1,2,0,"0"
"100",95109,"Milstein, N. & Halali, E. (2021). [Unpublished data]. Bar-Ilan University, Israel.","Milstein and Halali, 2021, Study 2",109,2,22,"Estimated number of natural sciences and mathematics students in Israel",32281,5000,0,7000,"quantity",0,1,1,1,1,1,1,2,0,"0"
"101",95110,"Milstein, N. & Halali, E. (2021). [Unpublished data]. Bar-Ilan University, Israel.","Milstein and Halali, 2021, Study 2",110,2,23,"Estimated number of natural sciences and mathematics students in Israel",32281,5000,0,10000,"quantity",0,1,1,1,1,1,1,2,0,"0"
"102",95111,"Milstein, N. & Halali, E. (2021). [Unpublished data]. Bar-Ilan University, Israel.","Milstein and Halali, 2021, Study 2",111,2,24,"Estimated number of natural sciences and mathematics students in Israel",32281,5000,0,20000,"quantity",0,1,1,1,1,1,1,2,0,"0"
"103",95112,"Milstein, N. & Halali, E. (2021). [Unpublished data]. Bar-Ilan University, Israel.","Milstein and Halali, 2021, Study 2",112,1,24,"Estimated number of natural sciences and mathematics students in Israel",32281,5000,0,50000,"quantity",0,1,1,1,1,1,1,2,0,"0"
"104",95113,"Milstein, N. & Halali, E. (2021). [Unpublished data]. Bar-Ilan University, Israel.","Milstein and Halali, 2021, Study 2",113,2,24,"Estimated number of natural sciences and mathematics students in Israel",32281,5000,0,7000,"quantity",0,1,1,1,1,1,1,2,0,"0"
"105",95114,"Milstein, N. & Halali, E. (2021). [Unpublished data]. Bar-Ilan University, Israel.","Milstein and Halali, 2021, Study 2",114,2,25,"Estimated number of natural sciences and mathematics students in Israel",32281,5000,0,20000,"quantity",0,1,1,1,1,1,1,2,0,"0"
"106",95115,"Milstein, N. & Halali, E. (2021). [Unpublished data]. Bar-Ilan University, Israel.","Milstein and Halali, 2021, Study 2",115,2,28,"Estimated number of natural sciences and mathematics students in Israel",32281,5000,0,10000,"quantity",0,1,1,1,1,1,1,2,0,"0"
"107",95116,"Milstein, N. & Halali, E. (2021). [Unpublished data]. Bar-Ilan University, Israel.","Milstein and Halali, 2021, Study 2",116,1,25,"Estimated number of natural sciences and mathematics students in Israel",32281,5000,0,30000,"quantity",0,1,1,1,1,1,1,2,0,"0"
"108",95117,"Milstein, N. & Halali, E. (2021). [Unpublished data]. Bar-Ilan University, Israel.","Milstein and Halali, 2021, Study 2",117,1,25,"Estimated number of natural sciences and mathematics students in Israel",32281,5000,0,8000,"quantity",0,1,1,1,1,1,1,2,0,"0"
"109",95118,"Milstein, N. & Halali, E. (2021). [Unpublished data]. Bar-Ilan University, Israel.","Milstein and Halali, 2021, Study 2",118,2,23,"Estimated number of natural sciences and mathematics students in Israel",32281,5000,0,10000,"quantity",0,1,1,1,1,1,1,2,0,"0"
"110",95119,"Milstein, N. & Halali, E. (2021). [Unpublished data]. Bar-Ilan University, Israel.","Milstein and Halali, 2021, Study 2",119,2,21,"Estimated number of natural sciences and mathematics students in Israel",32281,5000,0,5600,"quantity",0,1,1,1,1,1,1,2,0,"0"
"111",95120,"Milstein, N. & Halali, E. (2021). [Unpublished data]. Bar-Ilan University, Israel.","Milstein and Halali, 2021, Study 2",120,2,22,"Estimated number of natural sciences and mathematics students in Israel",32281,5000,0,18000,"quantity",0,1,1,1,1,1,1,2,0,"0"
"112",95121,"Milstein, N. & Halali, E. (2021). [Unpublished data]. Bar-Ilan University, Israel.","Milstein and Halali, 2021, Study 2",121,2,22,"Estimated number of natural sciences and mathematics students in Israel",32281,5000,0,7000,"quantity",0,1,1,1,1,1,1,2,0,"0"
"113",95122,"Milstein, N. & Halali, E. (2021). [Unpublished data]. Bar-Ilan University, Israel.","Milstein and Halali, 2021, Study 2",122,2,24,"Estimated number of natural sciences and mathematics students in Israel",32281,5000,0,6000,"quantity",0,1,1,1,1,1,1,2,0,"0"
"114",95123,"Milstein, N. & Halali, E. (2021). [Unpublished data]. Bar-Ilan University, Israel.","Milstein and Halali, 2021, Study 2",123,2,22,"Estimated number of natural sciences and mathematics students in Israel",32281,5000,0,50000,"quantity",0,1,1,1,1,1,1,2,0,"0"
"115",95125,"Milstein, N. & Halali, E. (2021). [Unpublished data]. Bar-Ilan University, Israel.","Milstein and Halali, 2021, Study 2",125,2,32,"Estimated number of natural sciences and mathematics students in Israel",32281,5000,0,3000,"quantity",0,1,1,1,1,1,1,2,0,"0"
"116",95126,"Milstein, N. & Halali, E. (2021). [Unpublished data]. Bar-Ilan University, Israel.","Milstein and Halali, 2021, Study 2",126,2,21,"Estimated number of natural sciences and mathematics students in Israel",32281,5000,0,5000,"quantity",0,1,1,1,1,1,1,2,0,"0"
"117",95127,"Milstein, N. & Halali, E. (2021). [Unpublished data]. Bar-Ilan University, Israel.","Milstein and Halali, 2021, Study 2",127,2,29,"Estimated number of natural sciences and mathematics students in Israel",32281,5000,0,2500,"quantity",0,1,1,1,1,1,1,2,0,"0"
"118",95128,"Milstein, N. & Halali, E. (2021). [Unpublished data]. Bar-Ilan University, Israel.","Milstein and Halali, 2021, Study 2",128,2,20,"Estimated number of natural sciences and mathematics students in Israel",32281,5000,0,1500,"quantity",0,1,1,1,1,1,1,2,0,"0"
"119",95129,"Milstein, N. & Halali, E. (2021). [Unpublished data]. Bar-Ilan University, Israel.","Milstein and Halali, 2021, Study 2",129,2,24,"Estimated number of natural sciences and mathematics students in Israel",32281,5000,0,1500,"quantity",0,1,1,1,1,1,1,2,0,"0"
"120",95130,"Milstein, N. & Halali, E. (2021). [Unpublished data]. Bar-Ilan University, Israel.","Milstein and Halali, 2021, Study 2",130,2,23,"Estimated number of natural sciences and mathematics students in Israel",32281,5000,0,2000,"quantity",0,1,1,1,1,1,1,2,0,"0"
"121",95131,"Milstein, N. & Halali, E. (2021). [Unpublished data]. Bar-Ilan University, Israel.","Milstein and Halali, 2021, Study 2",131,1,25,"Estimated number of natural sciences and mathematics students in Israel",32281,5000,0,1400,"quantity",0,1,1,1,1,1,1,2,0,"0"
"122",95132,"Milstein, N. & Halali, E. (2021). [Unpublished data]. Bar-Ilan University, Israel.","Milstein and Halali, 2021, Study 2",132,2,24,"Estimated number of natural sciences and mathematics students in Israel",32281,5000,0,1000,"quantity",0,1,1,1,1,1,1,2,0,"0"
"123",95133,"Milstein, N. & Halali, E. (2021). [Unpublished data]. Bar-Ilan University, Israel.","Milstein and Halali, 2021, Study 2",133,2,22,"Estimated number of natural sciences and mathematics students in Israel",32281,5000,0,3000,"quantity",0,1,1,1,1,1,1,2,0,"0"
"124",95134,"Milstein, N. & Halali, E. (2021). [Unpublished data]. Bar-Ilan University, Israel.","Milstein and Halali, 2021, Study 2",134,1,23,"Estimated number of natural sciences and mathematics students in Israel",32281,5000,0,3500,"quantity",0,1,1,1,1,1,1,2,0,"0"
"125",95135,"Milstein, N. & Halali, E. (2021). [Unpublished data]. Bar-Ilan University, Israel.","Milstein and Halali, 2021, Study 2",135,2,21,"Estimated number of natural sciences and mathematics students in Israel",32281,5000,0,2000,"quantity",0,1,1,1,1,1,1,2,0,"0"
"126",95136,"Milstein, N. & Halali, E. (2021). [Unpublished data]. Bar-Ilan University, Israel.","Milstein and Halali, 2021, Study 2",136,2,23,"Estimated number of natural sciences and mathematics students in Israel",32281,5000,0,2000,"quantity",0,1,1,1,1,1,1,2,0,"0"
"127",95137,"Milstein, N. & Halali, E. (2021). [Unpublished data]. Bar-Ilan University, Israel.","Milstein and Halali, 2021, Study 2",137,2,24,"Estimated number of natural sciences and mathematics students in Israel",32281,5000,0,4500,"quantity",0,1,1,1,1,1,1,2,0,"0"
"128",95138,"Milstein, N. & Halali, E. (2021). [Unpublished data]. Bar-Ilan University, Israel.","Milstein and Halali, 2021, Study 2",138,2,22,"Estimated number of natural sciences and mathematics students in Israel",32281,5000,0,4000,"quantity",0,1,1,1,1,1,1,2,0,"0"
"129",95139,"Milstein, N. & Halali, E. (2021). [Unpublished data]. Bar-Ilan University, Israel.","Milstein and Halali, 2021, Study 2",139,1,28,"Estimated number of natural sciences and mathematics students in Israel",32281,5000,0,3000,"quantity",0,1,1,1,1,1,1,2,0,"0"
"130",95140,"Milstein, N. & Halali, E. (2021). [Unpublished data]. Bar-Ilan University, Israel.","Milstein and Halali, 2021, Study 2",140,2,19,"Estimated number of natural sciences and mathematics students in Israel",32281,5000,0,2000,"quantity",0,1,1,1,1,1,1,2,0,"0"
"131",95141,"Milstein, N. & Halali, E. (2021). [Unpublished data]. Bar-Ilan University, Israel.","Milstein and Halali, 2021, Study 2",141,2,22,"Estimated number of natural sciences and mathematics students in Israel",32281,25000,1,50000,"quantity",0,1,1,1,1,1,1,2,0,"0"
"132",95142,"Milstein, N. & Halali, E. (2021). [Unpublished data]. Bar-Ilan University, Israel.","Milstein and Halali, 2021, Study 2",142,1,25,"Estimated number of natural sciences and mathematics students in Israel",32281,25000,1,50000,"quantity",0,1,1,1,1,1,1,2,0,"0"
"133",95143,"Milstein, N. & Halali, E. (2021). [Unpublished data]. Bar-Ilan University, Israel.","Milstein and Halali, 2021, Study 2",143,2,20,"Estimated number of natural sciences and mathematics students in Israel",32281,25000,1,35000,"quantity",0,1,1,1,1,1,1,2,0,"0"
"134",95144,"Milstein, N. & Halali, E. (2021). [Unpublished data]. Bar-Ilan University, Israel.","Milstein and Halali, 2021, Study 2",144,2,20,"Estimated number of natural sciences and mathematics students in Israel",32281,25000,1,50000,"quantity",0,1,1,1,1,1,1,2,0,"0"
"135",95145,"Milstein, N. & Halali, E. (2021). [Unpublished data]. Bar-Ilan University, Israel.","Milstein and Halali, 2021, Study 2",145,2,22,"Estimated number of natural sciences and mathematics students in Israel",32281,25000,1,5000,"quantity",0,1,1,1,1,1,1,2,0,"0"
"136",95146,"Milstein, N. & Halali, E. (2021). [Unpublished data]. Bar-Ilan University, Israel.","Milstein and Halali, 2021, Study 2",146,2,23,"Estimated number of natural sciences and mathematics students in Israel",32281,25000,1,10000,"quantity",0,1,1,1,1,1,1,2,0,"0"
"137",95147,"Milstein, N. & Halali, E. (2021). [Unpublished data]. Bar-Ilan University, Israel.","Milstein and Halali, 2021, Study 2",147,2,24,"Estimated number of natural sciences and mathematics students in Israel",32281,25000,1,1000,"quantity",0,1,1,1,1,1,1,2,0,"0"
"138",95148,"Milstein, N. & Halali, E. (2021). [Unpublished data]. Bar-Ilan University, Israel.","Milstein and Halali, 2021, Study 2",148,2,20,"Estimated number of natural sciences and mathematics students in Israel",32281,25000,1,15000,"quantity",0,1,1,1,1,1,1,2,0,"0"
"139",95149,"Milstein, N. & Halali, E. (2021). [Unpublished data]. Bar-Ilan University, Israel.","Milstein and Halali, 2021, Study 2",149,2,22,"Estimated number of natural sciences and mathematics students in Israel",32281,25000,1,30000,"quantity",0,1,1,1,1,1,1,2,0,"0"
"140",95150,"Milstein, N. & Halali, E. (2021). [Unpublished data]. Bar-Ilan University, Israel.","Milstein and Halali, 2021, Study 2",150,2,21,"Estimated number of natural sciences and mathematics students in Israel",32281,25000,1,40000,"quantity",0,1,1,1,1,1,1,2,0,"0"
"141",95152,"Milstein, N. & Halali, E. (2021). [Unpublished data]. Bar-Ilan University, Israel.","Milstein and Halali, 2021, Study 2",152,1,25,"Estimated number of natural sciences and mathematics students in Israel",32281,25000,1,27000,"quantity",0,1,1,1,1,1,1,2,0,"0"
"142",95153,"Milstein, N. & Halali, E. (2021). [Unpublished data]. Bar-Ilan University, Israel.","Milstein and Halali, 2021, Study 2",153,2,24,"Estimated number of natural sciences and mathematics students in Israel",32281,25000,1,20000,"quantity",0,1,1,1,1,1,1,2,0,"0"
"143",95154,"Milstein, N. & Halali, E. (2021). [Unpublished data]. Bar-Ilan University, Israel.","Milstein and Halali, 2021, Study 2",154,2,22,"Estimated number of natural sciences and mathematics students in Israel",32281,25000,1,15000,"quantity",0,1,1,1,1,1,1,2,0,"0"
"144",95155,"Milstein, N. & Halali, E. (2021). [Unpublished data]. Bar-Ilan University, Israel.","Milstein and Halali, 2021, Study 2",155,2,28,"Estimated number of natural sciences and mathematics students in Israel",32281,25000,1,35000,"quantity",0,1,1,1,1,1,1,2,0,"0"
"145",95156,"Milstein, N. & Halali, E. (2021). [Unpublished data]. Bar-Ilan University, Israel.","Milstein and Halali, 2021, Study 2",156,2,22,"Estimated number of natural sciences and mathematics students in Israel",32281,25000,1,6000,"quantity",0,1,1,1,1,1,1,2,0,"0"
"146",95157,"Milstein, N. & Halali, E. (2021). [Unpublished data]. Bar-Ilan University, Israel.","Milstein and Halali, 2021, Study 2",157,2,22,"Estimated number of natural sciences and mathematics students in Israel",32281,25000,1,10000,"quantity",0,1,1,1,1,1,1,2,0,"0"
"147",95158,"Milstein, N. & Halali, E. (2021). [Unpublished data]. Bar-Ilan University, Israel.","Milstein and Halali, 2021, Study 2",158,2,21,"Estimated number of natural sciences and mathematics students in Israel",32281,25000,1,5200,"quantity",0,1,1,1,1,1,1,2,0,"0"
"148",95159,"Milstein, N. & Halali, E. (2021). [Unpublished data]. Bar-Ilan University, Israel.","Milstein and Halali, 2021, Study 2",159,2,22,"Estimated number of natural sciences and mathematics students in Israel",32281,25000,1,10000,"quantity",0,1,1,1,1,1,1,2,0,"0"
"149",95160,"Milstein, N. & Halali, E. (2021). [Unpublished data]. Bar-Ilan University, Israel.","Milstein and Halali, 2021, Study 2",160,2,24,"Estimated number of natural sciences and mathematics students in Israel",32281,25000,1,30000,"quantity",0,1,1,1,1,1,1,2,0,"0"
"150",95161,"Milstein, N. & Halali, E. (2021). [Unpublished data]. Bar-Ilan University, Israel.","Milstein and Halali, 2021, Study 2",161,2,27,"Estimated number of natural sciences and mathematics students in Israel",32281,25000,1,18000,"quantity",0,1,1,1,1,1,1,2,0,"0"
"151",95162,"Milstein, N. & Halali, E. (2021). [Unpublished data]. Bar-Ilan University, Israel.","Milstein and Halali, 2021, Study 2",162,1,25,"Estimated number of natural sciences and mathematics students in Israel",32281,25000,1,40000,"quantity",0,1,1,1,1,1,1,2,0,"0"
"152",95163,"Milstein, N. & Halali, E. (2021). [Unpublished data]. Bar-Ilan University, Israel.","Milstein and Halali, 2021, Study 2",163,2,22,"Estimated number of natural sciences and mathematics students in Israel",32281,25000,1,4000,"quantity",0,1,1,1,1,1,1,2,0,"0"
"153",95164,"Milstein, N. & Halali, E. (2021). [Unpublished data]. Bar-Ilan University, Israel.","Milstein and Halali, 2021, Study 2",164,1,28,"Estimated number of natural sciences and mathematics students in Israel",32281,25000,1,5468,"quantity",0,1,1,1,1,1,1,2,0,"0"
"154",95165,"Milstein, N. & Halali, E. (2021). [Unpublished data]. Bar-Ilan University, Israel.","Milstein and Halali, 2021, Study 2",165,2,21,"Estimated number of natural sciences and mathematics students in Israel",32281,25000,1,50000,"quantity",0,1,1,1,1,1,1,2,0,"0"
"155",95166,"Milstein, N. & Halali, E. (2021). [Unpublished data]. Bar-Ilan University, Israel.","Milstein and Halali, 2021, Study 2",166,2,21,"Estimated number of natural sciences and mathematics students in Israel",32281,25000,1,30000,"quantity",0,1,1,1,1,1,1,2,0,"0"
"156",95167,"Milstein, N. & Halali, E. (2021). [Unpublished data]. Bar-Ilan University, Israel.","Milstein and Halali, 2021, Study 2",167,1,24,"Estimated number of natural sciences and mathematics students in Israel",32281,25000,1,50000,"quantity",0,1,1,1,1,1,1,2,0,"0"
"157",95168,"Milstein, N. & Halali, E. (2021). [Unpublished data]. Bar-Ilan University, Israel.","Milstein and Halali, 2021, Study 2",168,2,25,"Estimated number of natural sciences and mathematics students in Israel",32281,25000,1,2000,"quantity",0,1,1,1,1,1,1,2,0,"0"
"158",95169,"Milstein, N. & Halali, E. (2021). [Unpublished data]. Bar-Ilan University, Israel.","Milstein and Halali, 2021, Study 2",169,2,22,"Estimated number of natural sciences and mathematics students in Israel",32281,25000,1,20000,"quantity",0,1,1,1,1,1,1,2,0,"0"
"159",95170,"Milstein, N. & Halali, E. (2021). [Unpublished data]. Bar-Ilan University, Israel.","Milstein and Halali, 2021, Study 2",170,1,24,"Estimated number of natural sciences and mathematics students in Israel",32281,25000,1,15000,"quantity",0,1,1,1,1,1,1,2,0,"0"
"160",95171,"Milstein, N. & Halali, E. (2021). [Unpublished data]. Bar-Ilan University, Israel.","Milstein and Halali, 2021, Study 2",171,2,22,"Estimated number of natural sciences and mathematics students in Israel",32281,25000,1,27000,"quantity",0,1,1,1,1,1,1,2,0,"0"
"161",95172,"Milstein, N. & Halali, E. (2021). [Unpublished data]. Bar-Ilan University, Israel.","Milstein and Halali, 2021, Study 2",172,2,24,"Estimated number of natural sciences and mathematics students in Israel",32281,25000,1,50000,"quantity",0,1,1,1,1,1,1,2,0,"0"
"162",95173,"Milstein, N. & Halali, E. (2021). [Unpublished data]. Bar-Ilan University, Israel.","Milstein and Halali, 2021, Study 2",173,2,22,"Estimated number of natural sciences and mathematics students in Israel",32281,25000,1,35000,"quantity",0,1,1,1,1,1,1,2,0,"0"
"163",95174,"Milstein, N. & Halali, E. (2021). [Unpublished data]. Bar-Ilan University, Israel.","Milstein and Halali, 2021, Study 2",174,1,28,"Estimated number of natural sciences and mathematics students in Israel",32281,25000,1,12000,"quantity",0,1,1,1,1,1,1,2,0,"0"
"164",95175,"Milstein, N. & Halali, E. (2021). [Unpublished data]. Bar-Ilan University, Israel.","Milstein and Halali, 2021, Study 2",175,2,23,"Estimated number of natural sciences and mathematics students in Israel",32281,25000,1,40000,"quantity",0,1,1,1,1,1,1,2,0,"0"
"165",95177,"Milstein, N. & Halali, E. (2021). [Unpublished data]. Bar-Ilan University, Israel.","Milstein and Halali, 2021, Study 2",177,2,23,"Estimated number of natural sciences and mathematics students in Israel",32281,25000,1,1000,"quantity",0,1,1,1,1,1,1,2,0,"0"
"166",95178,"Milstein, N. & Halali, E. (2021). [Unpublished data]. Bar-Ilan University, Israel.","Milstein and Halali, 2021, Study 2",178,1,21,"Estimated number of natural sciences and mathematics students in Israel",32281,25000,1,5000,"quantity",0,1,1,1,1,1,1,2,0,"0"
"167",95179,"Milstein, N. & Halali, E. (2021). [Unpublished data]. Bar-Ilan University, Israel.","Milstein and Halali, 2021, Study 2",179,1,23,"Estimated number of natural sciences and mathematics students in Israel",32281,25000,1,10000,"quantity",0,1,1,1,1,1,1,2,0,"0"
"168",95180,"Milstein, N. & Halali, E. (2021). [Unpublished data]. Bar-Ilan University, Israel.","Milstein and Halali, 2021, Study 2",180,2,23,"Estimated number of natural sciences and mathematics students in Israel",32281,25000,1,25001,"quantity",0,1,1,1,1,1,1,2,0,"0"
"169",95181,"Milstein, N. & Halali, E. (2021). [Unpublished data]. Bar-Ilan University, Israel.","Milstein and Halali, 2021, Study 2",181,2,23,"Estimated number of natural sciences and mathematics students in Israel",32281,25000,1,35000,"quantity",0,1,1,1,1,1,1,2,0,"0"
"170",95201,"Milstein, N. & Halali, E. (2021). [Unpublished data]. Bar-Ilan University, Israel.","Milstein and Halali, 2021, Study 3",201,2,22,"Estimated number of natural sciences and mathematics students in Israel",33728,5000,0,60000,"quantity",0,1,1,1,1,1,1,2,0,"0"
"171",95202,"Milstein, N. & Halali, E. (2021). [Unpublished data]. Bar-Ilan University, Israel.","Milstein and Halali, 2021, Study 3",202,2,22,"Estimated number of natural sciences and mathematics students in Israel",33728,25000,1,35000,"quantity",0,1,1,1,1,1,1,2,0,"0"
"172",95204,"Milstein, N. & Halali, E. (2021). [Unpublished data]. Bar-Ilan University, Israel.","Milstein and Halali, 2021, Study 3",204,2,25,"Estimated number of natural sciences and mathematics students in Israel",33728,25000,1,50000,"quantity",0,1,1,1,1,1,1,2,0,"0"
"173",95205,"Milstein, N. & Halali, E. (2021). [Unpublished data]. Bar-Ilan University, Israel.","Milstein and Halali, 2021, Study 3",205,1,24,"Estimated number of natural sciences and mathematics students in Israel",33728,25000,1,15000,"quantity",0,1,1,1,1,1,1,2,0,"0"
"174",95206,"Milstein, N. & Halali, E. (2021). [Unpublished data]. Bar-Ilan University, Israel.","Milstein and Halali, 2021, Study 3",206,2,21,"Estimated number of natural sciences and mathematics students in Israel",33728,25000,1,30000,"quantity",0,1,1,1,1,1,1,2,0,"0"
"175",95207,"Milstein, N. & Halali, E. (2021). [Unpublished data]. Bar-Ilan University, Israel.","Milstein and Halali, 2021, Study 3",207,2,23,"Estimated number of natural sciences and mathematics students in Israel",33728,25000,1,50000,"quantity",0,1,1,1,1,1,1,2,0,"0"
"176",95208,"Milstein, N. & Halali, E. (2021). [Unpublished data]. Bar-Ilan University, Israel.","Milstein and Halali, 2021, Study 3",208,2,22,"Estimated number of natural sciences and mathematics students in Israel",33728,5000,0,10000,"quantity",0,1,1,1,1,1,1,2,0,"0"
"177",95209,"Milstein, N. & Halali, E. (2021). [Unpublished data]. Bar-Ilan University, Israel.","Milstein and Halali, 2021, Study 3",209,2,22,"Estimated number of natural sciences and mathematics students in Israel",33728,5000,0,3000,"quantity",0,1,1,1,1,1,1,2,0,"0"
"178",95210,"Milstein, N. & Halali, E. (2021). [Unpublished data]. Bar-Ilan University, Israel.","Milstein and Halali, 2021, Study 3",210,2,23,"Estimated number of natural sciences and mathematics students in Israel",33728,5000,0,10000,"quantity",0,1,1,1,1,1,1,2,0,"0"
"179",95211,"Milstein, N. & Halali, E. (2021). [Unpublished data]. Bar-Ilan University, Israel.","Milstein and Halali, 2021, Study 3",211,1,28,"Estimated number of natural sciences and mathematics students in Israel",33728,25000,1,35000,"quantity",0,1,1,1,1,1,1,2,0,"0"
"180",95212,"Milstein, N. & Halali, E. (2021). [Unpublished data]. Bar-Ilan University, Israel.","Milstein and Halali, 2021, Study 3",212,2,22,"Estimated number of natural sciences and mathematics students in Israel",33728,5000,0,6000,"quantity",0,1,1,1,1,1,1,2,0,"0"
"181",95213,"Milstein, N. & Halali, E. (2021). [Unpublished data]. Bar-Ilan University, Israel.","Milstein and Halali, 2021, Study 3",213,2,26,"Estimated number of natural sciences and mathematics students in Israel",33728,5000,0,10000,"quantity",0,1,1,1,1,1,1,2,0,"0"
"182",95214,"Milstein, N. & Halali, E. (2021). [Unpublished data]. Bar-Ilan University, Israel.","Milstein and Halali, 2021, Study 3",214,2,22,"Estimated number of natural sciences and mathematics students in Israel",33728,25000,1,20000,"quantity",0,1,1,1,1,1,1,2,0,"0"
"183",95215,"Milstein, N. & Halali, E. (2021). [Unpublished data]. Bar-Ilan University, Israel.","Milstein and Halali, 2021, Study 3",215,1,25,"Estimated number of natural sciences and mathematics students in Israel",33728,25000,1,40000,"quantity",0,1,1,1,1,1,1,2,0,"0"
"184",95216,"Milstein, N. & Halali, E. (2021). [Unpublished data]. Bar-Ilan University, Israel.","Milstein and Halali, 2021, Study 3",216,2,22,"Estimated number of natural sciences and mathematics students in Israel",33728,25000,1,40000,"quantity",0,1,1,1,1,1,1,2,0,"0"
"185",95217,"Milstein, N. & Halali, E. (2021). [Unpublished data]. Bar-Ilan University, Israel.","Milstein and Halali, 2021, Study 3",217,2,22,"Estimated number of natural sciences and mathematics students in Israel",33728,25000,1,40000,"quantity",0,1,1,1,1,1,1,2,0,"0"
"186",95218,"Milstein, N. & Halali, E. (2021). [Unpublished data]. Bar-Ilan University, Israel.","Milstein and Halali, 2021, Study 3",218,1,32,"Estimated number of natural sciences and mathematics students in Israel",33728,5000,0,12500,"quantity",0,1,1,1,1,1,1,2,0,"0"
"187",95219,"Milstein, N. & Halali, E. (2021). [Unpublished data]. Bar-Ilan University, Israel.","Milstein and Halali, 2021, Study 3",219,1,23,"Estimated number of natural sciences and mathematics students in Israel",33728,5000,0,2000,"quantity",0,1,1,1,1,1,1,2,0,"0"
"188",95220,"Milstein, N. & Halali, E. (2021). [Unpublished data]. Bar-Ilan University, Israel.","Milstein and Halali, 2021, Study 3",220,2,22,"Estimated number of natural sciences and mathematics students in Israel",33728,5000,0,3000,"quantity",0,1,1,1,1,1,1,2,0,"0"
"189",95221,"Milstein, N. & Halali, E. (2021). [Unpublished data]. Bar-Ilan University, Israel.","Milstein and Halali, 2021, Study 3",221,2,21,"Estimated number of natural sciences and mathematics students in Israel",33728,25000,1,40000,"quantity",0,1,1,1,1,1,1,2,0,"0"
"190",95222,"Milstein, N. & Halali, E. (2021). [Unpublished data]. Bar-Ilan University, Israel.","Milstein and Halali, 2021, Study 3",222,1,30,"Estimated number of natural sciences and mathematics students in Israel",33728,25000,1,20000,"quantity",0,1,1,1,1,1,1,2,0,"0"
"191",95223,"Milstein, N. & Halali, E. (2021). [Unpublished data]. Bar-Ilan University, Israel.","Milstein and Halali, 2021, Study 3",223,2,24,"Estimated number of natural sciences and mathematics students in Israel",33728,25000,1,70000,"quantity",0,1,1,1,1,1,1,2,0,"0"
"192",95224,"Milstein, N. & Halali, E. (2021). [Unpublished data]. Bar-Ilan University, Israel.","Milstein and Halali, 2021, Study 3",224,2,23,"Estimated number of natural sciences and mathematics students in Israel",33728,5000,0,9000,"quantity",0,1,1,1,1,1,1,2,0,"0"
"193",95225,"Milstein, N. & Halali, E. (2021). [Unpublished data]. Bar-Ilan University, Israel.","Milstein and Halali, 2021, Study 3",225,1,40,"Estimated number of natural sciences and mathematics students in Israel",33728,25000,1,10000,"quantity",0,1,1,1,1,1,1,2,0,"0"
"194",95226,"Milstein, N. & Halali, E. (2021). [Unpublished data]. Bar-Ilan University, Israel.","Milstein and Halali, 2021, Study 3",226,2,24,"Estimated number of natural sciences and mathematics students in Israel",33728,5000,0,8000,"quantity",0,1,1,1,1,1,1,2,0,"0"
"195",95227,"Milstein, N. & Halali, E. (2021). [Unpublished data]. Bar-Ilan University, Israel.","Milstein and Halali, 2021, Study 3",227,2,23,"Estimated number of natural sciences and mathematics students in Israel",33728,25000,1,100000,"quantity",0,1,1,1,1,1,1,2,0,"0"
"196",95228,"Milstein, N. & Halali, E. (2021). [Unpublished data]. Bar-Ilan University, Israel.","Milstein and Halali, 2021, Study 3",228,2,24,"Estimated number of natural sciences and mathematics students in Israel",33728,25000,1,100000,"quantity",0,1,1,1,1,1,1,2,0,"0"
"197",95229,"Milstein, N. & Halali, E. (2021). [Unpublished data]. Bar-Ilan University, Israel.","Milstein and Halali, 2021, Study 3",229,2,26,"Estimated number of natural sciences and mathematics students in Israel",33728,5000,0,5000,"quantity",0,1,1,1,1,1,1,2,0,"0"
"198",95230,"Milstein, N. & Halali, E. (2021). [Unpublished data]. Bar-Ilan University, Israel.","Milstein and Halali, 2021, Study 3",230,2,23,"Estimated number of natural sciences and mathematics students in Israel",33728,5000,0,25000,"quantity",0,1,1,1,1,1,1,2,0,"0"
"199",95231,"Milstein, N. & Halali, E. (2021). [Unpublished data]. Bar-Ilan University, Israel.","Milstein and Halali, 2021, Study 3",231,1,24,"Estimated number of natural sciences and mathematics students in Israel",33728,5000,0,10000,"quantity",0,1,1,1,1,1,1,2,0,"0"
"200",95232,"Milstein, N. & Halali, E. (2021). [Unpublished data]. Bar-Ilan University, Israel.","Milstein and Halali, 2021, Study 3",232,1,27,"Estimated number of natural sciences and mathematics students in Israel",33728,25000,1,5000,"quantity",0,1,1,1,1,1,1,2,0,"0"
"201",95233,"Milstein, N. & Halali, E. (2021). [Unpublished data]. Bar-Ilan University, Israel.","Milstein and Halali, 2021, Study 3",233,2,25,"Estimated number of natural sciences and mathematics students in Israel",33728,5000,0,3000,"quantity",0,1,1,1,1,1,1,2,0,"0"
"202",95234,"Milstein, N. & Halali, E. (2021). [Unpublished data]. Bar-Ilan University, Israel.","Milstein and Halali, 2021, Study 3",234,1,23,"Estimated number of natural sciences and mathematics students in Israel",33728,25000,1,18000,"quantity",0,1,1,1,1,1,1,2,0,"0"
"203",95235,"Milstein, N. & Halali, E. (2021). [Unpublished data]. Bar-Ilan University, Israel.","Milstein and Halali, 2021, Study 3",235,2,23,"Estimated number of natural sciences and mathematics students in Israel",33728,25000,1,10000,"quantity",0,1,1,1,1,1,1,2,0,"0"
"204",95236,"Milstein, N. & Halali, E. (2021). [Unpublished data]. Bar-Ilan University, Israel.","Milstein and Halali, 2021, Study 3",236,1,25,"Estimated number of natural sciences and mathematics students in Israel",33728,25000,1,8000,"quantity",0,1,1,1,1,1,1,2,0,"0"
"205",95237,"Milstein, N. & Halali, E. (2021). [Unpublished data]. Bar-Ilan University, Israel.","Milstein and Halali, 2021, Study 3",237,1,29,"Estimated number of natural sciences and mathematics students in Israel",33728,5000,0,15000,"quantity",0,1,1,1,1,1,1,2,0,"0"
"206",95238,"Milstein, N. & Halali, E. (2021). [Unpublished data]. Bar-Ilan University, Israel.","Milstein and Halali, 2021, Study 3",238,2,26,"Estimated number of natural sciences and mathematics students in Israel",33728,25000,1,30000,"quantity",0,1,1,1,1,1,1,2,0,"0"
"207",95239,"Milstein, N. & Halali, E. (2021). [Unpublished data]. Bar-Ilan University, Israel.","Milstein and Halali, 2021, Study 3",239,1,35,"Estimated number of natural sciences and mathematics students in Israel",33728,5000,0,20000,"quantity",0,1,1,1,1,1,1,2,0,"0"
"208",95240,"Milstein, N. & Halali, E. (2021). [Unpublished data]. Bar-Ilan University, Israel.","Milstein and Halali, 2021, Study 3",240,2,22,"Estimated number of natural sciences and mathematics students in Israel",33728,25000,1,12000,"quantity",0,1,1,1,1,1,1,2,0,"0"
"209",95241,"Milstein, N. & Halali, E. (2021). [Unpublished data]. Bar-Ilan University, Israel.","Milstein and Halali, 2021, Study 3",241,2,29,"Estimated number of natural sciences and mathematics students in Israel",33728,5000,0,16000,"quantity",0,1,1,1,1,1,1,2,0,"0"
"210",95242,"Milstein, N. & Halali, E. (2021). [Unpublished data]. Bar-Ilan University, Israel.","Milstein and Halali, 2021, Study 3",242,2,25,"Estimated number of natural sciences and mathematics students in Israel",33728,25000,1,50000,"quantity",0,1,1,1,1,1,1,2,0,"0"
"211",95243,"Milstein, N. & Halali, E. (2021). [Unpublished data]. Bar-Ilan University, Israel.","Milstein and Halali, 2021, Study 3",243,2,23,"Estimated number of natural sciences and mathematics students in Israel",33728,5000,0,10000,"quantity",0,1,1,1,1,1,1,2,0,"0"
"212",95244,"Milstein, N. & Halali, E. (2021). [Unpublished data]. Bar-Ilan University, Israel.","Milstein and Halali, 2021, Study 3",244,2,21,"Estimated number of natural sciences and mathematics students in Israel",33728,5000,0,30000,"quantity",0,1,1,1,1,1,1,2,0,"0"
"213",95245,"Milstein, N. & Halali, E. (2021). [Unpublished data]. Bar-Ilan University, Israel.","Milstein and Halali, 2021, Study 3",245,2,21,"Estimated number of natural sciences and mathematics students in Israel",33728,25000,1,30000,"quantity",0,1,1,1,1,1,1,2,0,"0"
"214",95246,"Milstein, N. & Halali, E. (2021). [Unpublished data]. Bar-Ilan University, Israel.","Milstein and Halali, 2021, Study 3",246,2,23,"Estimated number of natural sciences and mathematics students in Israel",33728,25000,1,35000,"quantity",0,1,1,1,1,1,1,2,0,"0"
"215",95247,"Milstein, N. & Halali, E. (2021). [Unpublished data]. Bar-Ilan University, Israel.","Milstein and Halali, 2021, Study 3",247,2,23,"Estimated number of natural sciences and mathematics students in Israel",33728,5000,0,9000,"quantity",0,1,1,1,1,1,1,2,0,"0"
"216",95248,"Milstein, N. & Halali, E. (2021). [Unpublished data]. Bar-Ilan University, Israel.","Milstein and Halali, 2021, Study 3",248,2,21,"Estimated number of natural sciences and mathematics students in Israel",33728,25000,1,50000,"quantity",0,1,1,1,1,1,1,2,0,"0"
"217",95249,"Milstein, N. & Halali, E. (2021). [Unpublished data]. Bar-Ilan University, Israel.","Milstein and Halali, 2021, Study 3",249,2,26,"Estimated number of natural sciences and mathematics students in Israel",33728,5000,0,10000,"quantity",0,1,1,1,1,1,1,2,0,"0"
"218",95250,"Milstein, N. & Halali, E. (2021). [Unpublished data]. Bar-Ilan University, Israel.","Milstein and Halali, 2021, Study 3",250,2,24,"Estimated number of natural sciences and mathematics students in Israel",33728,5000,0,30000,"quantity",0,1,1,1,1,1,1,2,0,"0"
"219",95251,"Milstein, N. & Halali, E. (2021). [Unpublished data]. Bar-Ilan University, Israel.","Milstein and Halali, 2021, Study 3",251,2,21,"Estimated number of natural sciences and mathematics students in Israel",33728,5000,0,5500,"quantity",0,1,1,1,1,1,1,2,0,"0"
"220",95252,"Milstein, N. & Halali, E. (2021). [Unpublished data]. Bar-Ilan University, Israel.","Milstein and Halali, 2021, Study 3",252,2,22,"Estimated number of natural sciences and mathematics students in Israel",33728,25000,1,30000,"quantity",0,1,1,1,1,1,1,2,0,"0"
"221",95253,"Milstein, N. & Halali, E. (2021). [Unpublished data]. Bar-Ilan University, Israel.","Milstein and Halali, 2021, Study 3",253,1,25,"Estimated number of natural sciences and mathematics students in Israel",33728,5000,0,8000,"quantity",0,1,1,1,1,1,1,2,0,"0"
"222",95254,"Milstein, N. & Halali, E. (2021). [Unpublished data]. Bar-Ilan University, Israel.","Milstein and Halali, 2021, Study 3",254,2,22,"Estimated number of natural sciences and mathematics students in Israel",33728,5000,0,6000,"quantity",0,1,1,1,1,1,1,2,0,"0"
"223",95255,"Milstein, N. & Halali, E. (2021). [Unpublished data]. Bar-Ilan University, Israel.","Milstein and Halali, 2021, Study 3",255,2,23,"Estimated number of natural sciences and mathematics students in Israel",33728,5000,0,3000,"quantity",0,1,1,1,1,1,1,2,0,"0"
"224",95256,"Milstein, N. & Halali, E. (2021). [Unpublished data]. Bar-Ilan University, Israel.","Milstein and Halali, 2021, Study 3",256,2,42,"Estimated number of natural sciences and mathematics students in Israel",33728,5000,0,10000,"quantity",0,1,1,1,1,1,1,2,0,"0"
"225",95257,"Milstein, N. & Halali, E. (2021). [Unpublished data]. Bar-Ilan University, Israel.","Milstein and Halali, 2021, Study 3",257,2,21,"Estimated number of natural sciences and mathematics students in Israel",33728,25000,1,24000,"quantity",0,1,1,1,1,1,1,2,0,"0"
"226",95258,"Milstein, N. & Halali, E. (2021). [Unpublished data]. Bar-Ilan University, Israel.","Milstein and Halali, 2021, Study 3",258,1,25,"Estimated number of natural sciences and mathematics students in Israel",33728,25000,1,50000,"quantity",0,1,1,1,1,1,1,2,0,"0"
"227",95259,"Milstein, N. & Halali, E. (2021). [Unpublished data]. Bar-Ilan University, Israel.","Milstein and Halali, 2021, Study 3",259,1,25,"Estimated number of natural sciences and mathematics students in Israel",33728,25000,1,10000,"quantity",0,1,1,1,1,1,1,2,0,"0"
"228",95260,"Milstein, N. & Halali, E. (2021). [Unpublished data]. Bar-Ilan University, Israel.","Milstein and Halali, 2021, Study 3",260,1,25,"Estimated number of natural sciences and mathematics students in Israel",33728,25000,1,20000,"quantity",0,1,1,1,1,1,1,2,0,"0"
"229",95261,"Milstein, N. & Halali, E. (2021). [Unpublished data]. Bar-Ilan University, Israel.","Milstein and Halali, 2021, Study 3",261,2,22,"Estimated number of natural sciences and mathematics students in Israel",33728,5000,0,10000,"quantity",0,1,1,1,1,1,1,2,0,"0"
"230",95262,"Milstein, N. & Halali, E. (2021). [Unpublished data]. Bar-Ilan University, Israel.","Milstein and Halali, 2021, Study 3",262,2,23,"Estimated number of natural sciences and mathematics students in Israel",33728,25000,1,10000,"quantity",0,1,1,1,1,1,1,2,0,"0"
"231",95263,"Milstein, N. & Halali, E. (2021). [Unpublished data]. Bar-Ilan University, Israel.","Milstein and Halali, 2021, Study 3",263,2,23,"Estimated number of natural sciences and mathematics students in Israel",33728,25000,1,70000,"quantity",0,1,1,1,1,1,1,2,0,"0"
"232",95264,"Milstein, N. & Halali, E. (2021). [Unpublished data]. Bar-Ilan University, Israel.","Milstein and Halali, 2021, Study 3",264,2,23,"Estimated number of natural sciences and mathematics students in Israel",33728,5000,0,20000,"quantity",0,1,1,1,1,1,1,2,0,"0"
"233",95265,"Milstein, N. & Halali, E. (2021). [Unpublished data]. Bar-Ilan University, Israel.","Milstein and Halali, 2021, Study 3",265,2,23,"Estimated number of natural sciences and mathematics students in Israel",33728,25000,1,40000,"quantity",0,1,1,1,1,1,1,2,0,"0"
"234",95266,"Milstein, N. & Halali, E. (2021). [Unpublished data]. Bar-Ilan University, Israel.","Milstein and Halali, 2021, Study 3",266,2,24,"Estimated number of natural sciences and mathematics students in Israel",33728,5000,0,15000,"quantity",0,1,1,1,1,1,1,2,0,"0"
"235",95269,"Milstein, N. & Halali, E. (2021). [Unpublished data]. Bar-Ilan University, Israel.","Milstein and Halali, 2021, Study 3",269,2,22,"Estimated number of natural sciences and mathematics students in Israel",33728,25000,1,35000,"quantity",0,1,1,1,1,1,1,2,0,"0"
"236",95270,"Milstein, N. & Halali, E. (2021). [Unpublished data]. Bar-Ilan University, Israel.","Milstein and Halali, 2021, Study 3",270,2,21,"Estimated number of natural sciences and mathematics students in Israel",33728,25000,1,50000,"quantity",0,1,1,1,1,1,1,2,0,"0"
"237",95271,"Milstein, N. & Halali, E. (2021). [Unpublished data]. Bar-Ilan University, Israel.","Milstein and Halali, 2021, Study 3",271,2,24,"Estimated number of natural sciences and mathematics students in Israel",33728,5000,0,7000,"quantity",0,1,1,1,1,1,1,2,0,"0"
"238",95272,"Milstein, N. & Halali, E. (2021). [Unpublished data]. Bar-Ilan University, Israel.","Milstein and Halali, 2021, Study 3",272,2,21,"Estimated number of natural sciences and mathematics students in Israel",33728,5000,0,10000,"quantity",0,1,1,1,1,1,1,2,0,"0"
"239",95273,"Milstein, N. & Halali, E. (2021). [Unpublished data]. Bar-Ilan University, Israel.","Milstein and Halali, 2021, Study 3",273,2,22,"Estimated number of natural sciences and mathematics students in Israel",33728,5000,0,3400,"quantity",0,1,1,1,1,1,1,2,0,"0"
"240",95274,"Milstein, N. & Halali, E. (2021). [Unpublished data]. Bar-Ilan University, Israel.","Milstein and Halali, 2021, Study 3",274,2,22,"Estimated number of natural sciences and mathematics students in Israel",33728,5000,0,15000,"quantity",0,1,1,1,1,1,1,2,0,"0"
"241",95275,"Milstein, N. & Halali, E. (2021). [Unpublished data]. Bar-Ilan University, Israel.","Milstein and Halali, 2021, Study 3",275,2,21,"Estimated number of natural sciences and mathematics students in Israel",33728,5000,0,8000,"quantity",0,1,1,1,1,1,1,2,0,"0"
"242",95276,"Milstein, N. & Halali, E. (2021). [Unpublished data]. Bar-Ilan University, Israel.","Milstein and Halali, 2021, Study 3",276,1,25,"Estimated number of natural sciences and mathematics students in Israel",33728,25000,1,35000,"quantity",0,1,1,1,1,1,1,2,0,"0"
"243",95277,"Milstein, N. & Halali, E. (2021). [Unpublished data]. Bar-Ilan University, Israel.","Milstein and Halali, 2021, Study 3",277,2,20,"Estimated number of natural sciences and mathematics students in Israel",33728,25000,1,20000,"quantity",0,1,1,1,1,1,1,2,0,"0"
"244",95278,"Milstein, N. & Halali, E. (2021). [Unpublished data]. Bar-Ilan University, Israel.","Milstein and Halali, 2021, Study 3",278,2,27,"Estimated number of natural sciences and mathematics students in Israel",33728,25000,1,20000,"quantity",0,1,1,1,1,1,1,2,0,"0"
"245",95279,"Milstein, N. & Halali, E. (2021). [Unpublished data]. Bar-Ilan University, Israel.","Milstein and Halali, 2021, Study 3",279,2,26,"Estimated number of natural sciences and mathematics students in Israel",33728,25000,1,100000,"quantity",0,1,1,1,1,1,1,2,0,"0"
"246",95280,"Milstein, N. & Halali, E. (2021). [Unpublished data]. Bar-Ilan University, Israel.","Milstein and Halali, 2021, Study 3",280,2,25,"Estimated number of natural sciences and mathematics students in Israel",33728,5000,0,5000,"quantity",0,1,1,1,1,1,1,2,0,"0"
"247",95281,"Milstein, N. & Halali, E. (2021). [Unpublished data]. Bar-Ilan University, Israel.","Milstein and Halali, 2021, Study 3",281,2,21,"Estimated number of natural sciences and mathematics students in Israel",33728,25000,1,20000,"quantity",0,1,1,1,1,1,1,2,0,"0"
"248",95282,"Milstein, N. & Halali, E. (2021). [Unpublished data]. Bar-Ilan University, Israel.","Milstein and Halali, 2021, Study 3",282,2,22,"Estimated number of natural sciences and mathematics students in Israel",33728,5000,0,25000,"quantity",0,1,1,1,1,1,1,2,0,"0"
"249",95283,"Milstein, N. & Halali, E. (2021). [Unpublished data]. Bar-Ilan University, Israel.","Milstein and Halali, 2021, Study 3",283,2,22,"Estimated number of natural sciences and mathematics students in Israel",33728,25000,1,50000,"quantity",0,1,1,1,1,1,1,2,0,"0"
"250",95284,"Milstein, N. & Halali, E. (2021). [Unpublished data]. Bar-Ilan University, Israel.","Milstein and Halali, 2021, Study 3",284,2,22,"Estimated number of natural sciences and mathematics students in Israel",33728,25000,1,50000,"quantity",0,1,1,1,1,1,1,2,0,"0"
"251",95285,"Milstein, N. & Halali, E. (2021). [Unpublished data]. Bar-Ilan University, Israel.","Milstein and Halali, 2021, Study 3",285,2,20,"Estimated number of natural sciences and mathematics students in Israel",33728,25000,1,23000,"quantity",0,1,1,1,1,1,1,2,0,"0"
"252",95286,"Milstein, N. & Halali, E. (2021). [Unpublished data]. Bar-Ilan University, Israel.","Milstein and Halali, 2021, Study 3",286,2,24,"Estimated number of natural sciences and mathematics students in Israel",33728,25000,1,80000,"quantity",0,1,1,1,1,1,1,2,0,"0"
"253",95287,"Milstein, N. & Halali, E. (2021). [Unpublished data]. Bar-Ilan University, Israel.","Milstein and Halali, 2021, Study 3",287,2,21,"Estimated number of natural sciences and mathematics students in Israel",33728,5000,0,7000,"quantity",0,1,1,1,1,1,1,2,0,"0"
"254",95288,"Milstein, N. & Halali, E. (2021). [Unpublished data]. Bar-Ilan University, Israel.","Milstein and Halali, 2021, Study 3",288,2,23,"Estimated number of natural sciences and mathematics students in Israel",33728,25000,1,40000,"quantity",0,1,1,1,1,1,1,2,0,"0"
"255",95289,"Milstein, N. & Halali, E. (2021). [Unpublished data]. Bar-Ilan University, Israel.","Milstein and Halali, 2021, Study 3",289,2,21,"Estimated number of natural sciences and mathematics students in Israel",33728,25000,1,30000,"quantity",0,1,1,1,1,1,1,2,0,"0"
"256",95290,"Milstein, N. & Halali, E. (2021). [Unpublished data]. Bar-Ilan University, Israel.","Milstein and Halali, 2021, Study 3",290,2,21,"Estimated number of natural sciences and mathematics students in Israel",33728,25000,1,25000,"quantity",0,1,1,1,1,1,1,2,0,"0"
"257",95291,"Milstein, N. & Halali, E. (2021). [Unpublished data]. Bar-Ilan University, Israel.","Milstein and Halali, 2021, Study 3",291,2,22,"Estimated number of natural sciences and mathematics students in Israel",33728,5000,0,12000,"quantity",0,1,1,1,1,1,1,2,0,"0"
"258",95292,"Milstein, N. & Halali, E. (2021). [Unpublished data]. Bar-Ilan University, Israel.","Milstein and Halali, 2021, Study 3",292,2,23,"Estimated number of natural sciences and mathematics students in Israel",33728,5000,0,60000,"quantity",0,1,1,1,1,1,1,2,0,"0"
"259",95301,"Milstein, N. & Halali, E. (2021). [Unpublished data]. Bar-Ilan University, Israel.","Milstein and Halali, 2021, Study 4",301,2,23,"Estimated number of natural sciences and mathematics students in Israel",35512,5000,0,30000,"quantity",0,1,1,1,1,1,1,2,0,"0"
"260",95302,"Milstein, N. & Halali, E. (2021). [Unpublished data]. Bar-Ilan University, Israel.","Milstein and Halali, 2021, Study 4",302,1,25,"Estimated number of natural sciences and mathematics students in Israel",35512,5000,0,15000,"quantity",0,1,1,1,1,1,1,2,0,"0"
"261",95303,"Milstein, N. & Halali, E. (2021). [Unpublished data]. Bar-Ilan University, Israel.","Milstein and Halali, 2021, Study 4",303,2,23,"Estimated number of natural sciences and mathematics students in Israel",35512,5000,0,8000,"quantity",0,1,1,1,1,1,1,2,0,"0"
"262",95304,"Milstein, N. & Halali, E. (2021). [Unpublished data]. Bar-Ilan University, Israel.","Milstein and Halali, 2021, Study 4",304,2,26,"Estimated number of natural sciences and mathematics students in Israel",35512,25000,1,20000,"quantity",0,1,1,1,1,1,1,2,0,"0"
"263",95305,"Milstein, N. & Halali, E. (2021). [Unpublished data]. Bar-Ilan University, Israel.","Milstein and Halali, 2021, Study 4",305,2,22,"Estimated number of natural sciences and mathematics students in Israel",35512,25000,1,30000,"quantity",0,1,1,1,1,1,1,2,0,"0"
"264",95306,"Milstein, N. & Halali, E. (2021). [Unpublished data]. Bar-Ilan University, Israel.","Milstein and Halali, 2021, Study 4",306,2,21,"Estimated number of natural sciences and mathematics students in Israel",35512,5000,0,40000,"quantity",0,1,1,1,1,1,1,2,0,"0"
"265",95307,"Milstein, N. & Halali, E. (2021). [Unpublished data]. Bar-Ilan University, Israel.","Milstein and Halali, 2021, Study 4",307,2,23,"Estimated number of natural sciences and mathematics students in Israel",35512,25000,1,38000,"quantity",0,1,1,1,1,1,1,2,0,"0"
"266",95309,"Milstein, N. & Halali, E. (2021). [Unpublished data]. Bar-Ilan University, Israel.","Milstein and Halali, 2021, Study 4",309,2,24,"Estimated number of natural sciences and mathematics students in Israel",35512,25000,1,40000,"quantity",0,1,1,1,1,1,1,2,0,"0"
"267",95310,"Milstein, N. & Halali, E. (2021). [Unpublished data]. Bar-Ilan University, Israel.","Milstein and Halali, 2021, Study 4",310,2,22,"Estimated number of natural sciences and mathematics students in Israel",35512,5000,0,20000,"quantity",0,1,1,1,1,1,1,2,0,"0"
"268",95311,"Milstein, N. & Halali, E. (2021). [Unpublished data]. Bar-Ilan University, Israel.","Milstein and Halali, 2021, Study 4",311,2,24,"Estimated number of natural sciences and mathematics students in Israel",35512,5000,0,10000,"quantity",0,1,1,1,1,1,1,2,0,"0"
"269",95312,"Milstein, N. & Halali, E. (2021). [Unpublished data]. Bar-Ilan University, Israel.","Milstein and Halali, 2021, Study 4",312,1,24,"Estimated number of natural sciences and mathematics students in Israel",35512,25000,1,10000,"quantity",0,1,1,1,1,1,1,2,0,"0"
"270",95313,"Milstein, N. & Halali, E. (2021). [Unpublished data]. Bar-Ilan University, Israel.","Milstein and Halali, 2021, Study 4",313,1,24,"Estimated number of natural sciences and mathematics students in Israel",35512,25000,1,40000,"quantity",0,1,1,1,1,1,1,2,0,"0"
"271",95314,"Milstein, N. & Halali, E. (2021). [Unpublished data]. Bar-Ilan University, Israel.","Milstein and Halali, 2021, Study 4",314,1,26,"Estimated number of natural sciences and mathematics students in Israel",35512,25000,1,9000,"quantity",0,1,1,1,1,1,1,2,0,"0"
"272",95315,"Milstein, N. & Halali, E. (2021). [Unpublished data]. Bar-Ilan University, Israel.","Milstein and Halali, 2021, Study 4",315,2,23,"Estimated number of natural sciences and mathematics students in Israel",35512,25000,1,30000,"quantity",0,1,1,1,1,1,1,2,0,"0"
"273",95316,"Milstein, N. & Halali, E. (2021). [Unpublished data]. Bar-Ilan University, Israel.","Milstein and Halali, 2021, Study 4",316,2,24,"Estimated number of natural sciences and mathematics students in Israel",35512,25000,1,100000,"quantity",0,1,1,1,1,1,1,2,0,"0"
"274",95317,"Milstein, N. & Halali, E. (2021). [Unpublished data]. Bar-Ilan University, Israel.","Milstein and Halali, 2021, Study 4",317,2,27,"Estimated number of natural sciences and mathematics students in Israel",35512,5000,0,13000,"quantity",0,1,1,1,1,1,1,2,0,"0"
"275",95318,"Milstein, N. & Halali, E. (2021). [Unpublished data]. Bar-Ilan University, Israel.","Milstein and Halali, 2021, Study 4",318,2,24,"Estimated number of natural sciences and mathematics students in Israel",35512,5000,0,7000,"quantity",0,1,1,1,1,1,1,2,0,"0"
"276",95319,"Milstein, N. & Halali, E. (2021). [Unpublished data]. Bar-Ilan University, Israel.","Milstein and Halali, 2021, Study 4",319,2,24,"Estimated number of natural sciences and mathematics students in Israel",35512,NA,NA,7000,"quantity",0,1,1,1,1,1,1,2,0,"0"
"277",95320,"Milstein, N. & Halali, E. (2021). [Unpublished data]. Bar-Ilan University, Israel.","Milstein and Halali, 2021, Study 4",320,2,24,"Estimated number of natural sciences and mathematics students in Israel",35512,5000,0,10000,"quantity",0,1,1,1,1,1,1,2,0,"0"
"278",95321,"Milstein, N. & Halali, E. (2021). [Unpublished data]. Bar-Ilan University, Israel.","Milstein and Halali, 2021, Study 4",321,2,22,"Estimated number of natural sciences and mathematics students in Israel",35512,5000,0,70000,"quantity",0,1,1,1,1,1,1,2,0,"0"
"279",95322,"Milstein, N. & Halali, E. (2021). [Unpublished data]. Bar-Ilan University, Israel.","Milstein and Halali, 2021, Study 4",322,1,24,"Estimated number of natural sciences and mathematics students in Israel",35512,5000,0,6000,"quantity",0,1,1,1,1,1,1,2,0,"0"
"280",95323,"Milstein, N. & Halali, E. (2021). [Unpublished data]. Bar-Ilan University, Israel.","Milstein and Halali, 2021, Study 4",323,2,24,"Estimated number of natural sciences and mathematics students in Israel",35512,25000,1,15000,"quantity",0,1,1,1,1,1,1,2,0,"0"
"281",95324,"Milstein, N. & Halali, E. (2021). [Unpublished data]. Bar-Ilan University, Israel.","Milstein and Halali, 2021, Study 4",324,1,24,"Estimated number of natural sciences and mathematics students in Israel",35512,5000,0,2500,"quantity",0,1,1,1,1,1,1,2,0,"0"
"282",95325,"Milstein, N. & Halali, E. (2021). [Unpublished data]. Bar-Ilan University, Israel.","Milstein and Halali, 2021, Study 4",325,2,23,"Estimated number of natural sciences and mathematics students in Israel",35512,25000,1,20000,"quantity",0,1,1,1,1,1,1,2,0,"0"
"283",95326,"Milstein, N. & Halali, E. (2021). [Unpublished data]. Bar-Ilan University, Israel.","Milstein and Halali, 2021, Study 4",326,2,24,"Estimated number of natural sciences and mathematics students in Israel",35512,25000,1,30000,"quantity",0,1,1,1,1,1,1,2,0,"0"
"284",95327,"Milstein, N. & Halali, E. (2021). [Unpublished data]. Bar-Ilan University, Israel.","Milstein and Halali, 2021, Study 4",327,2,24,"Estimated number of natural sciences and mathematics students in Israel",35512,5000,0,40000,"quantity",0,1,1,1,1,1,1,2,0,"0"
"285",95328,"Milstein, N. & Halali, E. (2021). [Unpublished data]. Bar-Ilan University, Israel.","Milstein and Halali, 2021, Study 4",328,1,26,"Estimated number of natural sciences and mathematics students in Israel",35512,5000,0,1500,"quantity",0,1,1,1,1,1,1,2,0,"0"
"286",95329,"Milstein, N. & Halali, E. (2021). [Unpublished data]. Bar-Ilan University, Israel.","Milstein and Halali, 2021, Study 4",329,1,30,"Estimated number of natural sciences and mathematics students in Israel",35512,25000,1,32000,"quantity",0,1,1,1,1,1,1,2,0,"0"
"287",95330,"Milstein, N. & Halali, E. (2021). [Unpublished data]. Bar-Ilan University, Israel.","Milstein and Halali, 2021, Study 4",330,2,24,"Estimated number of natural sciences and mathematics students in Israel",35512,5000,0,6500,"quantity",0,1,1,1,1,1,1,2,0,"0"
"288",95331,"Milstein, N. & Halali, E. (2021). [Unpublished data]. Bar-Ilan University, Israel.","Milstein and Halali, 2021, Study 4",331,1,28,"Estimated number of natural sciences and mathematics students in Israel",35512,25000,1,5000,"quantity",0,1,1,1,1,1,1,2,0,"0"
"289",95332,"Milstein, N. & Halali, E. (2021). [Unpublished data]. Bar-Ilan University, Israel.","Milstein and Halali, 2021, Study 4",332,2,26,"Estimated number of natural sciences and mathematics students in Israel",35512,25000,1,50000,"quantity",0,1,1,1,1,1,1,2,0,"0"
"290",95333,"Milstein, N. & Halali, E. (2021). [Unpublished data]. Bar-Ilan University, Israel.","Milstein and Halali, 2021, Study 4",333,2,23,"Estimated number of natural sciences and mathematics students in Israel",35512,25000,1,20000,"quantity",0,1,1,1,1,1,1,2,0,"0"
"291",95335,"Milstein, N. & Halali, E. (2021). [Unpublished data]. Bar-Ilan University, Israel.","Milstein and Halali, 2021, Study 4",335,2,23,"Estimated number of natural sciences and mathematics students in Israel",35512,25000,1,10000,"quantity",0,1,1,1,1,1,1,2,0,"0"
"292",95336,"Milstein, N. & Halali, E. (2021). [Unpublished data]. Bar-Ilan University, Israel.","Milstein and Halali, 2021, Study 4",336,2,23,"Estimated number of natural sciences and mathematics students in Israel",35512,25000,1,20000,"quantity",0,1,1,1,1,1,1,2,0,"0"
"293",95337,"Milstein, N. & Halali, E. (2021). [Unpublished data]. Bar-Ilan University, Israel.","Milstein and Halali, 2021, Study 4",337,1,28,"Estimated number of natural sciences and mathematics students in Israel",35512,25000,1,40000,"quantity",0,1,1,1,1,1,1,2,0,"0"
"294",95338,"Milstein, N. & Halali, E. (2021). [Unpublished data]. Bar-Ilan University, Israel.","Milstein and Halali, 2021, Study 4",338,2,24,"Estimated number of natural sciences and mathematics students in Israel",35512,5000,0,7000,"quantity",0,1,1,1,1,1,1,2,0,"0"
"295",95339,"Milstein, N. & Halali, E. (2021). [Unpublished data]. Bar-Ilan University, Israel.","Milstein and Halali, 2021, Study 4",339,2,25,"Estimated number of natural sciences and mathematics students in Israel",35512,5000,0,15000,"quantity",0,1,1,1,1,1,1,2,0,"0"
"296",95340,"Milstein, N. & Halali, E. (2021). [Unpublished data]. Bar-Ilan University, Israel.","Milstein and Halali, 2021, Study 4",340,2,23,"Estimated number of natural sciences and mathematics students in Israel",35512,5000,0,7000,"quantity",0,1,1,1,1,1,1,2,0,"0"
"297",95341,"Milstein, N. & Halali, E. (2021). [Unpublished data]. Bar-Ilan University, Israel.","Milstein and Halali, 2021, Study 4",341,1,26,"Estimated number of natural sciences and mathematics students in Israel",35512,25000,1,40000,"quantity",0,1,1,1,1,1,1,2,0,"0"
"298",95342,"Milstein, N. & Halali, E. (2021). [Unpublished data]. Bar-Ilan University, Israel.","Milstein and Halali, 2021, Study 4",342,2,22,"Estimated number of natural sciences and mathematics students in Israel",35512,25000,1,4000,"quantity",0,1,1,1,1,1,1,2,0,"0"
"299",95343,"Milstein, N. & Halali, E. (2021). [Unpublished data]. Bar-Ilan University, Israel.","Milstein and Halali, 2021, Study 4",343,2,22,"Estimated number of natural sciences and mathematics students in Israel",35512,5000,0,20,"quantity",0,1,1,1,1,1,1,2,0,"0"
"300",95344,"Milstein, N. & Halali, E. (2021). [Unpublished data]. Bar-Ilan University, Israel.","Milstein and Halali, 2021, Study 4",344,2,26,"Estimated number of natural sciences and mathematics students in Israel",35512,5000,0,80000,"quantity",0,1,1,1,1,1,1,2,0,"0"
"301",95345,"Milstein, N. & Halali, E. (2021). [Unpublished data]. Bar-Ilan University, Israel.","Milstein and Halali, 2021, Study 4",345,2,24,"Estimated number of natural sciences and mathematics students in Israel",35512,25000,1,7000,"quantity",0,1,1,1,1,1,1,2,0,"0"
"302",95346,"Milstein, N. & Halali, E. (2021). [Unpublished data]. Bar-Ilan University, Israel.","Milstein and Halali, 2021, Study 4",346,2,23,"Estimated number of natural sciences and mathematics students in Israel",35512,5000,0,2600,"quantity",0,1,1,1,1,1,1,2,0,"0"
"303",95347,"Milstein, N. & Halali, E. (2021). [Unpublished data]. Bar-Ilan University, Israel.","Milstein and Halali, 2021, Study 4",347,2,21,"Estimated number of natural sciences and mathematics students in Israel",35512,25000,1,15000,"quantity",0,1,1,1,1,1,1,2,0,"0"
"304",95348,"Milstein, N. & Halali, E. (2021). [Unpublished data]. Bar-Ilan University, Israel.","Milstein and Halali, 2021, Study 4",348,2,23,"Estimated number of natural sciences and mathematics students in Israel",35512,25000,1,5000,"quantity",0,1,1,1,1,1,1,2,0,"0"
"305",95349,"Milstein, N. & Halali, E. (2021). [Unpublished data]. Bar-Ilan University, Israel.","Milstein and Halali, 2021, Study 4",349,2,23,"Estimated number of natural sciences and mathematics students in Israel",35512,25000,1,70000,"quantity",0,1,1,1,1,1,1,2,0,"0"
"306",95350,"Milstein, N. & Halali, E. (2021). [Unpublished data]. Bar-Ilan University, Israel.","Milstein and Halali, 2021, Study 4",350,2,24,"Estimated number of natural sciences and mathematics students in Israel",35512,25000,1,32000,"quantity",0,1,1,1,1,1,1,2,0,"0"
"307",95351,"Milstein, N. & Halali, E. (2021). [Unpublished data]. Bar-Ilan University, Israel.","Milstein and Halali, 2021, Study 4",351,2,23,"Estimated number of natural sciences and mathematics students in Israel",35512,25000,1,5000,"quantity",0,1,1,1,1,1,1,2,0,"0"
"308",95352,"Milstein, N. & Halali, E. (2021). [Unpublished data]. Bar-Ilan University, Israel.","Milstein and Halali, 2021, Study 4",352,2,23,"Estimated number of natural sciences and mathematics students in Israel",35512,25000,1,80000,"quantity",0,1,1,1,1,1,1,2,0,"0"
"309",95353,"Milstein, N. & Halali, E. (2021). [Unpublished data]. Bar-Ilan University, Israel.","Milstein and Halali, 2021, Study 4",353,2,22,"Estimated number of natural sciences and mathematics students in Israel",35512,5000,0,3000,"quantity",0,1,1,1,1,1,1,2,0,"0"
"310",95354,"Milstein, N. & Halali, E. (2021). [Unpublished data]. Bar-Ilan University, Israel.","Milstein and Halali, 2021, Study 4",354,2,23,"Estimated number of natural sciences and mathematics students in Israel",35512,5000,0,20000,"quantity",0,1,1,1,1,1,1,2,0,"0"
"311",95355,"Milstein, N. & Halali, E. (2021). [Unpublished data]. Bar-Ilan University, Israel.","Milstein and Halali, 2021, Study 4",355,2,25,"Estimated number of natural sciences and mathematics students in Israel",35512,25000,1,30000,"quantity",0,1,1,1,1,1,1,2,0,"0"
"312",95356,"Milstein, N. & Halali, E. (2021). [Unpublished data]. Bar-Ilan University, Israel.","Milstein and Halali, 2021, Study 4",356,2,23,"Estimated number of natural sciences and mathematics students in Israel",35512,25000,1,26000,"quantity",0,1,1,1,1,1,1,2,0,"0"
"313",95357,"Milstein, N. & Halali, E. (2021). [Unpublished data]. Bar-Ilan University, Israel.","Milstein and Halali, 2021, Study 4",357,2,26,"Estimated number of natural sciences and mathematics students in Israel",35512,25000,1,30000,"quantity",0,1,1,1,1,1,1,2,0,"0"
"314",95358,"Milstein, N. & Halali, E. (2021). [Unpublished data]. Bar-Ilan University, Israel.","Milstein and Halali, 2021, Study 4",358,2,21,"Estimated number of natural sciences and mathematics students in Israel",35512,5000,0,20000,"quantity",0,1,1,1,1,1,1,2,0,"0"
"315",95359,"Milstein, N. & Halali, E. (2021). [Unpublished data]. Bar-Ilan University, Israel.","Milstein and Halali, 2021, Study 4",359,2,27,"Estimated number of natural sciences and mathematics students in Israel",35512,5000,0,10000,"quantity",0,1,1,1,1,1,1,2,0,"0"
"316",95360,"Milstein, N. & Halali, E. (2021). [Unpublished data]. Bar-Ilan University, Israel.","Milstein and Halali, 2021, Study 4",360,2,21,"Estimated number of natural sciences and mathematics students in Israel",35512,25000,1,60000,"quantity",0,1,1,1,1,1,1,2,0,"0"
"317",95361,"Milstein, N. & Halali, E. (2021). [Unpublished data]. Bar-Ilan University, Israel.","Milstein and Halali, 2021, Study 4",361,2,24,"Estimated number of natural sciences and mathematics students in Israel",35512,5000,0,7000,"quantity",0,1,1,1,1,1,1,2,0,"0"
"318",95362,"Milstein, N. & Halali, E. (2021). [Unpublished data]. Bar-Ilan University, Israel.","Milstein and Halali, 2021, Study 4",362,2,23,"Estimated number of natural sciences and mathematics students in Israel",35512,5000,0,15000,"quantity",0,1,1,1,1,1,1,2,0,"0"
"319",95363,"Milstein, N. & Halali, E. (2021). [Unpublished data]. Bar-Ilan University, Israel.","Milstein and Halali, 2021, Study 4",363,2,25,"Estimated number of natural sciences and mathematics students in Israel",35512,5000,0,7000,"quantity",0,1,1,1,1,1,1,2,0,"0"
"320",95364,"Milstein, N. & Halali, E. (2021). [Unpublished data]. Bar-Ilan University, Israel.","Milstein and Halali, 2021, Study 4",364,1,35,"Estimated number of natural sciences and mathematics students in Israel",35512,25000,1,30000,"quantity",0,1,1,1,1,1,1,2,0,"0"
"321",95365,"Milstein, N. & Halali, E. (2021). [Unpublished data]. Bar-Ilan University, Israel.","Milstein and Halali, 2021, Study 4",365,1,27,"Estimated number of natural sciences and mathematics students in Israel",35512,25000,1,15000,"quantity",0,1,1,1,1,1,1,2,0,"0"
"322",95366,"Milstein, N. & Halali, E. (2021). [Unpublished data]. Bar-Ilan University, Israel.","Milstein and Halali, 2021, Study 4",366,1,26,"Estimated number of natural sciences and mathematics students in Israel",35512,25000,1,8000,"quantity",0,1,1,1,1,1,1,2,0,"0"
"323",95367,"Milstein, N. & Halali, E. (2021). [Unpublished data]. Bar-Ilan University, Israel.","Milstein and Halali, 2021, Study 4",367,2,21,"Estimated number of natural sciences and mathematics students in Israel",35512,5000,0,1000,"quantity",0,1,1,1,1,1,1,2,0,"0"
"324",95368,"Milstein, N. & Halali, E. (2021). [Unpublished data]. Bar-Ilan University, Israel.","Milstein and Halali, 2021, Study 4",368,2,22,"Estimated number of natural sciences and mathematics students in Israel",35512,NA,NA,7000,"quantity",0,1,1,1,1,1,1,2,0,"0"
"325",95369,"Milstein, N. & Halali, E. (2021). [Unpublished data]. Bar-Ilan University, Israel.","Milstein and Halali, 2021, Study 4",369,2,22,"Estimated number of natural sciences and mathematics students in Israel",35512,25000,1,10000,"quantity",0,1,1,1,1,1,1,2,0,"0"
"326",95370,"Milstein, N. & Halali, E. (2021). [Unpublished data]. Bar-Ilan University, Israel.","Milstein and Halali, 2021, Study 4",370,1,25,"Estimated number of natural sciences and mathematics students in Israel",35512,25000,1,5000,"quantity",0,1,1,1,1,1,1,2,0,"0"
"327",95371,"Milstein, N. & Halali, E. (2021). [Unpublished data]. Bar-Ilan University, Israel.","Milstein and Halali, 2021, Study 4",371,2,22,"Estimated number of natural sciences and mathematics students in Israel",35512,25000,1,35000,"quantity",0,1,1,1,1,1,1,2,0,"0"
"328",95372,"Milstein, N. & Halali, E. (2021). [Unpublished data]. Bar-Ilan University, Israel.","Milstein and Halali, 2021, Study 4",372,2,23,"Estimated number of natural sciences and mathematics students in Israel",35512,25000,1,60000,"quantity",0,1,1,1,1,1,1,2,0,"0"
"329",95373,"Milstein, N. & Halali, E. (2021). [Unpublished data]. Bar-Ilan University, Israel.","Milstein and Halali, 2021, Study 4",373,2,24,"Estimated number of natural sciences and mathematics students in Israel",35512,5000,0,2000,"quantity",0,1,1,1,1,1,1,2,0,"0"
"330",95374,"Milstein, N. & Halali, E. (2021). [Unpublished data]. Bar-Ilan University, Israel.","Milstein and Halali, 2021, Study 4",374,2,21,"Estimated number of natural sciences and mathematics students in Israel",35512,5000,0,2500,"quantity",0,1,1,1,1,1,1,2,0,"0"
"331",95375,"Milstein, N. & Halali, E. (2021). [Unpublished data]. Bar-Ilan University, Israel.","Milstein and Halali, 2021, Study 4",375,2,25,"Estimated number of natural sciences and mathematics students in Israel",35512,5000,0,6000,"quantity",0,1,1,1,1,1,1,2,0,"0"
"332",95376,"Milstein, N. & Halali, E. (2021). [Unpublished data]. Bar-Ilan University, Israel.","Milstein and Halali, 2021, Study 4",376,2,23,"Estimated number of natural sciences and mathematics students in Israel",35512,25000,1,20000,"quantity",0,1,1,1,1,1,1,2,0,"0"
"333",95377,"Milstein, N. & Halali, E. (2021). [Unpublished data]. Bar-Ilan University, Israel.","Milstein and Halali, 2021, Study 4",377,2,19,"Estimated number of natural sciences and mathematics students in Israel",35512,5000,0,8000,"quantity",0,1,1,1,1,1,1,2,0,"0"
"334",95378,"Milstein, N. & Halali, E. (2021). [Unpublished data]. Bar-Ilan University, Israel.","Milstein and Halali, 2021, Study 4",378,2,29,"Estimated number of natural sciences and mathematics students in Israel",35512,25000,1,15,"quantity",0,1,1,1,1,1,1,2,0,"0"
"335",95379,"Milstein, N. & Halali, E. (2021). [Unpublished data]. Bar-Ilan University, Israel.","Milstein and Halali, 2021, Study 4",379,2,21,"Estimated number of natural sciences and mathematics students in Israel",35512,5000,0,8000,"quantity",0,1,1,1,1,1,1,2,0,"0"
"336",95380,"Milstein, N. & Halali, E. (2021). [Unpublished data]. Bar-Ilan University, Israel.","Milstein and Halali, 2021, Study 4",380,2,22,"Estimated number of natural sciences and mathematics students in Israel",35512,25000,1,50000,"quantity",0,1,1,1,1,1,1,2,0,"0"
"337",95381,"Milstein, N. & Halali, E. (2021). [Unpublished data]. Bar-Ilan University, Israel.","Milstein and Halali, 2021, Study 4",381,2,23.5,"Estimated number of natural sciences and mathematics students in Israel",35512,25000,1,20000,"quantity",0,1,1,1,1,1,1,2,0,"0"
"338",95382,"Milstein, N. & Halali, E. (2021). [Unpublished data]. Bar-Ilan University, Israel.","Milstein and Halali, 2021, Study 4",382,2,21,"Estimated number of natural sciences and mathematics students in Israel",35512,25000,1,40000,"quantity",0,1,1,1,1,1,1,2,0,"0"
"339",95383,"Milstein, N. & Halali, E. (2021). [Unpublished data]. Bar-Ilan University, Israel.","Milstein and Halali, 2021, Study 4",383,2,22,"Estimated number of natural sciences and mathematics students in Israel",35512,25000,1,10000,"quantity",0,1,1,1,1,1,1,2,0,"0"
"340",95384,"Milstein, N. & Halali, E. (2021). [Unpublished data]. Bar-Ilan University, Israel.","Milstein and Halali, 2021, Study 4",384,2,24,"Estimated number of natural sciences and mathematics students in Israel",35512,5000,0,10000,"quantity",0,1,1,1,1,1,1,2,0,"0"
"341",95385,"Milstein, N. & Halali, E. (2021). [Unpublished data]. Bar-Ilan University, Israel.","Milstein and Halali, 2021, Study 4",385,2,22,"Estimated number of natural sciences and mathematics students in Israel",35512,5000,0,7000,"quantity",0,1,1,1,1,1,1,2,0,"0"
"342",95386,"Milstein, N. & Halali, E. (2021). [Unpublished data]. Bar-Ilan University, Israel.","Milstein and Halali, 2021, Study 4",386,2,24,"Estimated number of natural sciences and mathematics students in Israel",35512,25000,1,30000,"quantity",0,1,1,1,1,1,1,2,0,"0"
"343",95387,"Milstein, N. & Halali, E. (2021). [Unpublished data]. Bar-Ilan University, Israel.","Milstein and Halali, 2021, Study 4",387,2,25,"Estimated number of natural sciences and mathematics students in Israel",35512,5000,0,10000,"quantity",0,1,1,1,1,1,1,2,0,"0"
"344",95388,"Milstein, N. & Halali, E. (2021). [Unpublished data]. Bar-Ilan University, Israel.","Milstein and Halali, 2021, Study 4",388,2,24,"Estimated number of natural sciences and mathematics students in Israel",35512,5000,0,3000,"quantity",0,1,1,1,1,1,1,2,0,"0"
"345",95389,"Milstein, N. & Halali, E. (2021). [Unpublished data]. Bar-Ilan University, Israel.","Milstein and Halali, 2021, Study 4",389,2,25.5,"Estimated number of natural sciences and mathematics students in Israel",35512,25000,1,7500,"quantity",0,1,1,1,1,1,1,2,0,"0"
"346",95390,"Milstein, N. & Halali, E. (2021). [Unpublished data]. Bar-Ilan University, Israel.","Milstein and Halali, 2021, Study 4",390,2,23,"Estimated number of natural sciences and mathematics students in Israel",35512,5000,0,6000,"quantity",0,1,1,1,1,1,1,2,0,"0"
"347",95391,"Milstein, N. & Halali, E. (2021). [Unpublished data]. Bar-Ilan University, Israel.","Milstein and Halali, 2021, Study 4",391,2,22,"Estimated number of natural sciences and mathematics students in Israel",35512,5000,0,9000,"quantity",0,1,1,1,1,1,1,2,0,"0"
"348",95392,"Milstein, N. & Halali, E. (2021). [Unpublished data]. Bar-Ilan University, Israel.","Milstein and Halali, 2021, Study 4",392,2,22,"Estimated number of natural sciences and mathematics students in Israel",35512,25000,1,14500,"quantity",0,1,1,1,1,1,1,2,0,"0"
"349",95393,"Milstein, N. & Halali, E. (2021). [Unpublished data]. Bar-Ilan University, Israel.","Milstein and Halali, 2021, Study 4",393,2,24,"Estimated number of natural sciences and mathematics students in Israel",35512,5000,0,30000,"quantity",0,1,1,1,1,1,1,2,0,"0"
"350",95394,"Milstein, N. & Halali, E. (2021). [Unpublished data]. Bar-Ilan University, Israel.","Milstein and Halali, 2021, Study 4",394,2,20,"Estimated number of natural sciences and mathematics students in Israel",35512,5000,0,14000,"quantity",0,1,1,1,1,1,1,2,0,"0"
"351",95395,"Milstein, N. & Halali, E. (2021). [Unpublished data]. Bar-Ilan University, Israel.","Milstein and Halali, 2021, Study 4",395,2,21,"Estimated number of natural sciences and mathematics students in Israel",35512,25000,1,30000,"quantity",0,1,1,1,1,1,1,2,0,"0"
"352",95396,"Milstein, N. & Halali, E. (2021). [Unpublished data]. Bar-Ilan University, Israel.","Milstein and Halali, 2021, Study 4",396,1,25,"Estimated number of natural sciences and mathematics students in Israel",35512,25000,1,10000,"quantity",0,1,1,1,1,1,1,2,0,"0"
"353",95397,"Milstein, N. & Halali, E. (2021). [Unpublished data]. Bar-Ilan University, Israel.","Milstein and Halali, 2021, Study 4",397,2,23,"Estimated number of natural sciences and mathematics students in Israel",35512,5000,0,11000,"quantity",0,1,1,1,1,1,1,2,0,"0"
"354",95398,"Milstein, N. & Halali, E. (2021). [Unpublished data]. Bar-Ilan University, Israel.","Milstein and Halali, 2021, Study 4",398,2,22,"Estimated number of natural sciences and mathematics students in Israel",35512,25000,1,20000,"quantity",0,1,1,1,1,1,1,2,0,"0"
"355",95400,"Milstein, N. & Halali, E. (2021). [Unpublished data]. Bar-Ilan University, Israel.","Milstein and Halali, 2021, Study 4",400,2,22,"Estimated number of natural sciences and mathematics students in Israel",35512,5000,0,8000,"quantity",0,1,1,1,1,1,1,2,0,"0"
"356",95401,"Milstein, N. & Halali, E. (2021). [Unpublished data]. Bar-Ilan University, Israel.","Milstein and Halali, 2021, Study 4",401,2,22,"Estimated number of natural sciences and mathematics students in Israel",35512,25000,1,10000,"quantity",0,1,1,1,1,1,1,2,0,"0"
"357",95402,"Milstein, N. & Halali, E. (2021). [Unpublished data]. Bar-Ilan University, Israel.","Milstein and Halali, 2021, Study 4",402,2,22,"Estimated number of natural sciences and mathematics students in Israel",35512,5000,0,6000,"quantity",0,1,1,1,1,1,1,2,0,"0"
"358",95403,"Milstein, N. & Halali, E. (2021). [Unpublished data]. Bar-Ilan University, Israel.","Milstein and Halali, 2021, Study 4",403,2,21,"Estimated number of natural sciences and mathematics students in Israel",35512,25000,1,30000,"quantity",0,1,1,1,1,1,1,2,0,"0"
"359",95404,"Milstein, N. & Halali, E. (2021). [Unpublished data]. Bar-Ilan University, Israel.","Milstein and Halali, 2021, Study 4",404,2,24,"Estimated number of natural sciences and mathematics students in Israel",35512,5000,0,8000,"quantity",0,1,1,1,1,1,1,2,0,"0"
"360",95405,"Milstein, N. & Halali, E. (2021). [Unpublished data]. Bar-Ilan University, Israel.","Milstein and Halali, 2021, Study 4",405,1,25,"Estimated number of natural sciences and mathematics students in Israel",35512,5000,0,12000,"quantity",0,1,1,1,1,1,1,2,0,"0"
"361",95406,"Milstein, N. & Halali, E. (2021). [Unpublished data]. Bar-Ilan University, Israel.","Milstein and Halali, 2021, Study 4",406,2,23,"Estimated number of natural sciences and mathematics students in Israel",35512,25000,1,15000,"quantity",0,1,1,1,1,1,1,2,0,"0"
"362",95407,"Milstein, N. & Halali, E. (2021). [Unpublished data]. Bar-Ilan University, Israel.","Milstein and Halali, 2021, Study 4",407,2,23,"Estimated number of natural sciences and mathematics students in Israel",35512,5000,0,15000,"quantity",0,1,1,1,1,1,1,2,0,"0"
"363",95408,"Milstein, N. & Halali, E. (2021). [Unpublished data]. Bar-Ilan University, Israel.","Milstein and Halali, 2021, Study 4",408,2,22,"Estimated number of natural sciences and mathematics students in Israel",35512,5000,0,10000,"quantity",0,1,1,1,1,1,1,2,0,"0"
"364",95409,"Milstein, N. & Halali, E. (2021). [Unpublished data]. Bar-Ilan University, Israel.","Milstein and Halali, 2021, Study 4",409,2,23,"Estimated number of natural sciences and mathematics students in Israel",35512,25000,1,700,"quantity",0,1,1,1,1,1,1,2,0,"0"
"365",95410,"Milstein, N. & Halali, E. (2021). [Unpublished data]. Bar-Ilan University, Israel.","Milstein and Halali, 2021, Study 4",410,2,24,"Estimated number of natural sciences and mathematics students in Israel",35512,5000,0,6000,"quantity",0,1,1,1,1,1,1,2,0,"0"
"366",95411,"Milstein, N. & Halali, E. (2021). [Unpublished data]. Bar-Ilan University, Israel.","Milstein and Halali, 2021, Study 4",411,2,22,"Estimated number of natural sciences and mathematics students in Israel",35512,25000,1,40000,"quantity",0,1,1,1,1,1,1,2,0,"0"
"367",95412,"Milstein, N. & Halali, E. (2021). [Unpublished data]. Bar-Ilan University, Israel.","Milstein and Halali, 2021, Study 4",412,2,22,"Estimated number of natural sciences and mathematics students in Israel",35512,5000,0,7000,"quantity",0,1,1,1,1,1,1,2,0,"0"
"368",95413,"Milstein, N. & Halali, E. (2021). [Unpublished data]. Bar-Ilan University, Israel.","Milstein and Halali, 2021, Study 4",413,2,22,"Estimated number of natural sciences and mathematics students in Israel",35512,5000,0,2000,"quantity",0,1,1,1,1,1,1,2,0,"0"
"369",95414,"Milstein, N. & Halali, E. (2021). [Unpublished data]. Bar-Ilan University, Israel.","Milstein and Halali, 2021, Study 4",414,2,25,"Estimated number of natural sciences and mathematics students in Israel",35512,25000,1,30000,"quantity",0,1,1,1,1,1,1,2,0,"0"
"370",95415,"Milstein, N. & Halali, E. (2021). [Unpublished data]. Bar-Ilan University, Israel.","Milstein and Halali, 2021, Study 4",415,1,23,"Estimated number of natural sciences and mathematics students in Israel",35512,5000,0,1500,"quantity",0,1,1,1,1,1,1,2,0,"0"
"371",95416,"Milstein, N. & Halali, E. (2021). [Unpublished data]. Bar-Ilan University, Israel.","Milstein and Halali, 2021, Study 4",416,2,22,"Estimated number of natural sciences and mathematics students in Israel",35512,25000,1,20000,"quantity",0,1,1,1,1,1,1,2,0,"0"
"372",95417,"Milstein, N. & Halali, E. (2021). [Unpublished data]. Bar-Ilan University, Israel.","Milstein and Halali, 2021, Study 4",417,2,24,"Estimated number of natural sciences and mathematics students in Israel",35512,5000,0,80000,"quantity",0,1,1,1,1,1,1,2,0,"0"
"373",95501,"Milstein, N. & Halali, E. (2021). [Unpublished data]. Bar-Ilan University, Israel.","Milstein and Halali, 2021, Study 5",501,2,21,"Estimated number of natural sciences and mathematics students in Israel",38406,5000,0,20000,"quantity",0,1,1,1,1,1,1,2,0,"0"
"374",95502,"Milstein, N. & Halali, E. (2021). [Unpublished data]. Bar-Ilan University, Israel.","Milstein and Halali, 2021, Study 5",502,1,26,"Estimated number of natural sciences and mathematics students in Israel",38406,25000,1,30000,"quantity",0,1,1,1,1,1,1,2,0,"0"
"375",95503,"Milstein, N. & Halali, E. (2021). [Unpublished data]. Bar-Ilan University, Israel.","Milstein and Halali, 2021, Study 5",503,2,23,"Estimated number of natural sciences and mathematics students in Israel",38406,25000,1,40000,"quantity",0,1,1,1,1,1,1,2,0,"0"
"376",95504,"Milstein, N. & Halali, E. (2021). [Unpublished data]. Bar-Ilan University, Israel.","Milstein and Halali, 2021, Study 5",504,2,23,"Estimated number of natural sciences and mathematics students in Israel",38406,5000,0,20000,"quantity",0,1,1,1,1,1,1,2,0,"0"
"377",95505,"Milstein, N. & Halali, E. (2021). [Unpublished data]. Bar-Ilan University, Israel.","Milstein and Halali, 2021, Study 5",505,2,23,"Estimated number of natural sciences and mathematics students in Israel",38406,25000,1,20000,"quantity",0,1,1,1,1,1,1,2,0,"0"
"378",95506,"Milstein, N. & Halali, E. (2021). [Unpublished data]. Bar-Ilan University, Israel.","Milstein and Halali, 2021, Study 5",506,2,22,"Estimated number of natural sciences and mathematics students in Israel",38406,5000,0,8000,"quantity",0,1,1,1,1,1,1,2,0,"0"
"379",95507,"Milstein, N. & Halali, E. (2021). [Unpublished data]. Bar-Ilan University, Israel.","Milstein and Halali, 2021, Study 5",507,2,25,"Estimated number of natural sciences and mathematics students in Israel",38406,5000,0,15000,"quantity",0,1,1,1,1,1,1,2,0,"0"
"380",95508,"Milstein, N. & Halali, E. (2021). [Unpublished data]. Bar-Ilan University, Israel.","Milstein and Halali, 2021, Study 5",508,1,26,"Estimated number of natural sciences and mathematics students in Israel",38406,25000,1,75000,"quantity",0,1,1,1,1,1,1,2,0,"0"
"381",95509,"Milstein, N. & Halali, E. (2021). [Unpublished data]. Bar-Ilan University, Israel.","Milstein and Halali, 2021, Study 5",509,2,23,"Estimated number of natural sciences and mathematics students in Israel",38406,5000,0,20000,"quantity",0,1,1,1,1,1,1,2,0,"0"
"382",95510,"Milstein, N. & Halali, E. (2021). [Unpublished data]. Bar-Ilan University, Israel.","Milstein and Halali, 2021, Study 5",510,2,22,"Estimated number of natural sciences and mathematics students in Israel",38406,5000,0,7000,"quantity",0,1,1,1,1,1,1,2,0,"0"
"383",95511,"Milstein, N. & Halali, E. (2021). [Unpublished data]. Bar-Ilan University, Israel.","Milstein and Halali, 2021, Study 5",511,1,25,"Estimated number of natural sciences and mathematics students in Israel",38406,5000,0,7000,"quantity",0,1,1,1,1,1,1,2,0,"0"
"384",95512,"Milstein, N. & Halali, E. (2021). [Unpublished data]. Bar-Ilan University, Israel.","Milstein and Halali, 2021, Study 5",512,1,25,"Estimated number of natural sciences and mathematics students in Israel",38406,25000,1,5000,"quantity",0,1,1,1,1,1,1,2,0,"0"
"385",95513,"Milstein, N. & Halali, E. (2021). [Unpublished data]. Bar-Ilan University, Israel.","Milstein and Halali, 2021, Study 5",513,2,23,"Estimated number of natural sciences and mathematics students in Israel",38406,25000,1,5111,"quantity",0,1,1,1,1,1,1,2,0,"0"
"386",95514,"Milstein, N. & Halali, E. (2021). [Unpublished data]. Bar-Ilan University, Israel.","Milstein and Halali, 2021, Study 5",514,2,24,"Estimated number of natural sciences and mathematics students in Israel",38406,5000,0,83000,"quantity",0,1,1,1,1,1,1,2,0,"0"
"387",95515,"Milstein, N. & Halali, E. (2021). [Unpublished data]. Bar-Ilan University, Israel.","Milstein and Halali, 2021, Study 5",515,2,22,"Estimated number of natural sciences and mathematics students in Israel",38406,5000,0,7000,"quantity",0,1,1,1,1,1,1,2,0,"0"
"388",95516,"Milstein, N. & Halali, E. (2021). [Unpublished data]. Bar-Ilan University, Israel.","Milstein and Halali, 2021, Study 5",516,2,25,"Estimated number of natural sciences and mathematics students in Israel",38406,5000,0,3000,"quantity",0,1,1,1,1,1,1,2,0,"0"
"389",95517,"Milstein, N. & Halali, E. (2021). [Unpublished data]. Bar-Ilan University, Israel.","Milstein and Halali, 2021, Study 5",517,1,27,"Estimated number of natural sciences and mathematics students in Israel",38406,5000,0,10000,"quantity",0,1,1,1,1,1,1,2,0,"0"
"390",95518,"Milstein, N. & Halali, E. (2021). [Unpublished data]. Bar-Ilan University, Israel.","Milstein and Halali, 2021, Study 5",518,2,23,"Estimated number of natural sciences and mathematics students in Israel",38406,5000,0,20000,"quantity",0,1,1,1,1,1,1,2,0,"0"
"391",95519,"Milstein, N. & Halali, E. (2021). [Unpublished data]. Bar-Ilan University, Israel.","Milstein and Halali, 2021, Study 5",519,1,23,"Estimated number of natural sciences and mathematics students in Israel",38406,25000,1,20000,"quantity",0,1,1,1,1,1,1,2,0,"0"
"392",95520,"Milstein, N. & Halali, E. (2021). [Unpublished data]. Bar-Ilan University, Israel.","Milstein and Halali, 2021, Study 5",520,2,30,"Estimated number of natural sciences and mathematics students in Israel",38406,5000,0,2000,"quantity",0,1,1,1,1,1,1,2,0,"0"
"393",95521,"Milstein, N. & Halali, E. (2021). [Unpublished data]. Bar-Ilan University, Israel.","Milstein and Halali, 2021, Study 5",521,2,22,"Estimated number of natural sciences and mathematics students in Israel",38406,5000,0,10000,"quantity",0,1,1,1,1,1,1,2,0,"0"
"394",95522,"Milstein, N. & Halali, E. (2021). [Unpublished data]. Bar-Ilan University, Israel.","Milstein and Halali, 2021, Study 5",522,2,26,"Estimated number of natural sciences and mathematics students in Israel",38406,25000,1,15000,"quantity",0,1,1,1,1,1,1,2,0,"0"
"395",95523,"Milstein, N. & Halali, E. (2021). [Unpublished data]. Bar-Ilan University, Israel.","Milstein and Halali, 2021, Study 5",523,1,24,"Estimated number of natural sciences and mathematics students in Israel",38406,25000,1,20000,"quantity",0,1,1,1,1,1,1,2,0,"0"
"396",95524,"Milstein, N. & Halali, E. (2021). [Unpublished data]. Bar-Ilan University, Israel.","Milstein and Halali, 2021, Study 5",524,2,25,"Estimated number of natural sciences and mathematics students in Israel",38406,25000,1,15000,"quantity",0,1,1,1,1,1,1,2,0,"0"
"397",95525,"Milstein, N. & Halali, E. (2021). [Unpublished data]. Bar-Ilan University, Israel.","Milstein and Halali, 2021, Study 5",525,2,24,"Estimated number of natural sciences and mathematics students in Israel",38406,25000,1,30000,"quantity",0,1,1,1,1,1,1,2,0,"0"
"398",95526,"Milstein, N. & Halali, E. (2021). [Unpublished data]. Bar-Ilan University, Israel.","Milstein and Halali, 2021, Study 5",526,2,26,"Estimated number of natural sciences and mathematics students in Israel",38406,5000,0,6000,"quantity",0,1,1,1,1,1,1,2,0,"0"
"399",95527,"Milstein, N. & Halali, E. (2021). [Unpublished data]. Bar-Ilan University, Israel.","Milstein and Halali, 2021, Study 5",527,1,25,"Estimated number of natural sciences and mathematics students in Israel",38406,5000,0,7000,"quantity",0,1,1,1,1,1,1,2,0,"0"
"400",95528,"Milstein, N. & Halali, E. (2021). [Unpublished data]. Bar-Ilan University, Israel.","Milstein and Halali, 2021, Study 5",528,2,25,"Estimated number of natural sciences and mathematics students in Israel",38406,25000,1,12000,"quantity",0,1,1,1,1,1,1,2,0,"0"
"401",95529,"Milstein, N. & Halali, E. (2021). [Unpublished data]. Bar-Ilan University, Israel.","Milstein and Halali, 2021, Study 5",529,1,27,"Estimated number of natural sciences and mathematics students in Israel",38406,25000,1,15000,"quantity",0,1,1,1,1,1,1,2,0,"0"
"402",95530,"Milstein, N. & Halali, E. (2021). [Unpublished data]. Bar-Ilan University, Israel.","Milstein and Halali, 2021, Study 5",530,2,25,"Estimated number of natural sciences and mathematics students in Israel",38406,25000,1,50000,"quantity",0,1,1,1,1,1,1,2,0,"0"
"403",95531,"Milstein, N. & Halali, E. (2021). [Unpublished data]. Bar-Ilan University, Israel.","Milstein and Halali, 2021, Study 5",531,2,23,"Estimated number of natural sciences and mathematics students in Israel",38406,5000,0,100000,"quantity",0,1,1,1,1,1,1,2,0,"0"
"404",95532,"Milstein, N. & Halali, E. (2021). [Unpublished data]. Bar-Ilan University, Israel.","Milstein and Halali, 2021, Study 5",532,2,24,"Estimated number of natural sciences and mathematics students in Israel",38406,25000,1,20000,"quantity",0,1,1,1,1,1,1,2,0,"0"
"405",95533,"Milstein, N. & Halali, E. (2021). [Unpublished data]. Bar-Ilan University, Israel.","Milstein and Halali, 2021, Study 5",533,2,23,"Estimated number of natural sciences and mathematics students in Israel",38406,25000,1,20000,"quantity",0,1,1,1,1,1,1,2,0,"0"
"406",95534,"Milstein, N. & Halali, E. (2021). [Unpublished data]. Bar-Ilan University, Israel.","Milstein and Halali, 2021, Study 5",534,2,23,"Estimated number of natural sciences and mathematics students in Israel",38406,5000,0,8000,"quantity",0,1,1,1,1,1,1,2,0,"0"
"407",95535,"Milstein, N. & Halali, E. (2021). [Unpublished data]. Bar-Ilan University, Israel.","Milstein and Halali, 2021, Study 5",535,2,25,"Estimated number of natural sciences and mathematics students in Israel",38406,25000,1,70000,"quantity",0,1,1,1,1,1,1,2,0,"0"
"408",95536,"Milstein, N. & Halali, E. (2021). [Unpublished data]. Bar-Ilan University, Israel.","Milstein and Halali, 2021, Study 5",536,2,22,"Estimated number of natural sciences and mathematics students in Israel",38406,25000,1,50000,"quantity",0,1,1,1,1,1,1,2,0,"0"
"409",95537,"Milstein, N. & Halali, E. (2021). [Unpublished data]. Bar-Ilan University, Israel.","Milstein and Halali, 2021, Study 5",537,2,23,"Estimated number of natural sciences and mathematics students in Israel",38406,25000,1,30000,"quantity",0,1,1,1,1,1,1,2,0,"0"
"410",95538,"Milstein, N. & Halali, E. (2021). [Unpublished data]. Bar-Ilan University, Israel.","Milstein and Halali, 2021, Study 5",538,2,21,"Estimated number of natural sciences and mathematics students in Israel",38406,5000,0,30,"quantity",0,1,1,1,1,1,1,2,0,"0"
"411",95539,"Milstein, N. & Halali, E. (2021). [Unpublished data]. Bar-Ilan University, Israel.","Milstein and Halali, 2021, Study 5",539,2,24,"Estimated number of natural sciences and mathematics students in Israel",38406,5000,0,4000,"quantity",0,1,1,1,1,1,1,2,0,"0"
"412",95540,"Milstein, N. & Halali, E. (2021). [Unpublished data]. Bar-Ilan University, Israel.","Milstein and Halali, 2021, Study 5",540,2,23,"Estimated number of natural sciences and mathematics students in Israel",38406,25000,1,40000,"quantity",0,1,1,1,1,1,1,2,0,"0"
"413",95541,"Milstein, N. & Halali, E. (2021). [Unpublished data]. Bar-Ilan University, Israel.","Milstein and Halali, 2021, Study 5",541,2,22,"Estimated number of natural sciences and mathematics students in Israel",38406,5000,0,7000,"quantity",0,1,1,1,1,1,1,2,0,"0"
"414",95543,"Milstein, N. & Halali, E. (2021). [Unpublished data]. Bar-Ilan University, Israel.","Milstein and Halali, 2021, Study 5",543,2,19,"Estimated number of natural sciences and mathematics students in Israel",38406,5000,0,10000,"quantity",0,1,1,1,1,1,1,2,0,"0"
"415",95544,"Milstein, N. & Halali, E. (2021). [Unpublished data]. Bar-Ilan University, Israel.","Milstein and Halali, 2021, Study 5",544,2,23,"Estimated number of natural sciences and mathematics students in Israel",38406,25000,1,12000,"quantity",0,1,1,1,1,1,1,2,0,"0"
"416",95545,"Milstein, N. & Halali, E. (2021). [Unpublished data]. Bar-Ilan University, Israel.","Milstein and Halali, 2021, Study 5",545,2,22,"Estimated number of natural sciences and mathematics students in Israel",38406,5000,0,6000,"quantity",0,1,1,1,1,1,1,2,0,"0"
"417",95546,"Milstein, N. & Halali, E. (2021). [Unpublished data]. Bar-Ilan University, Israel.","Milstein and Halali, 2021, Study 5",546,2,24,"Estimated number of natural sciences and mathematics students in Israel",38406,5000,0,10000,"quantity",0,1,1,1,1,1,1,2,0,"0"
"418",95547,"Milstein, N. & Halali, E. (2021). [Unpublished data]. Bar-Ilan University, Israel.","Milstein and Halali, 2021, Study 5",547,2,28,"Estimated number of natural sciences and mathematics students in Israel",38406,25000,1,35000,"quantity",0,1,1,1,1,1,1,2,0,"0"
"419",95548,"Milstein, N. & Halali, E. (2021). [Unpublished data]. Bar-Ilan University, Israel.","Milstein and Halali, 2021, Study 5",548,2,22,"Estimated number of natural sciences and mathematics students in Israel",38406,5000,0,30000,"quantity",0,1,1,1,1,1,1,2,0,"0"
"420",95549,"Milstein, N. & Halali, E. (2021). [Unpublished data]. Bar-Ilan University, Israel.","Milstein and Halali, 2021, Study 5",549,2,20,"Estimated number of natural sciences and mathematics students in Israel",38406,25000,1,10000,"quantity",0,1,1,1,1,1,1,2,0,"0"
"421",95550,"Milstein, N. & Halali, E. (2021). [Unpublished data]. Bar-Ilan University, Israel.","Milstein and Halali, 2021, Study 5",550,1,24,"Estimated number of natural sciences and mathematics students in Israel",38406,5000,0,20000,"quantity",0,1,1,1,1,1,1,2,0,"0"
"422",95551,"Milstein, N. & Halali, E. (2021). [Unpublished data]. Bar-Ilan University, Israel.","Milstein and Halali, 2021, Study 5",551,1,26,"Estimated number of natural sciences and mathematics students in Israel",38406,25000,1,13000,"quantity",0,1,1,1,1,1,1,2,0,"0"
"423",95552,"Milstein, N. & Halali, E. (2021). [Unpublished data]. Bar-Ilan University, Israel.","Milstein and Halali, 2021, Study 5",552,1,24,"Estimated number of natural sciences and mathematics students in Israel",38406,25000,1,40000,"quantity",0,1,1,1,1,1,1,2,0,"0"
"424",95553,"Milstein, N. & Halali, E. (2021). [Unpublished data]. Bar-Ilan University, Israel.","Milstein and Halali, 2021, Study 5",553,2,21,"Estimated number of natural sciences and mathematics students in Israel",38406,5000,0,7500,"quantity",0,1,1,1,1,1,1,2,0,"0"
"425",95554,"Milstein, N. & Halali, E. (2021). [Unpublished data]. Bar-Ilan University, Israel.","Milstein and Halali, 2021, Study 5",554,2,25,"Estimated number of natural sciences and mathematics students in Israel",38406,25000,1,40000,"quantity",0,1,1,1,1,1,1,2,0,"0"
"426",95555,"Milstein, N. & Halali, E. (2021). [Unpublished data]. Bar-Ilan University, Israel.","Milstein and Halali, 2021, Study 5",555,2,23,"Estimated number of natural sciences and mathematics students in Israel",38406,5000,0,16000,"quantity",0,1,1,1,1,1,1,2,0,"0"
"427",95556,"Milstein, N. & Halali, E. (2021). [Unpublished data]. Bar-Ilan University, Israel.","Milstein and Halali, 2021, Study 5",556,2,24,"Estimated number of natural sciences and mathematics students in Israel",38406,25000,1,50000,"quantity",0,1,1,1,1,1,1,2,0,"0"
"428",95557,"Milstein, N. & Halali, E. (2021). [Unpublished data]. Bar-Ilan University, Israel.","Milstein and Halali, 2021, Study 5",557,2,23,"Estimated number of natural sciences and mathematics students in Israel",38406,5000,0,10000,"quantity",0,1,1,1,1,1,1,2,0,"0"
"429",95558,"Milstein, N. & Halali, E. (2021). [Unpublished data]. Bar-Ilan University, Israel.","Milstein and Halali, 2021, Study 5",558,2,22,"Estimated number of natural sciences and mathematics students in Israel",38406,25000,1,15000,"quantity",0,1,1,1,1,1,1,2,0,"0"
"430",95559,"Milstein, N. & Halali, E. (2021). [Unpublished data]. Bar-Ilan University, Israel.","Milstein and Halali, 2021, Study 5",559,1,24,"Estimated number of natural sciences and mathematics students in Israel",38406,25000,1,35000,"quantity",0,1,1,1,1,1,1,2,0,"0"
"431",95560,"Milstein, N. & Halali, E. (2021). [Unpublished data]. Bar-Ilan University, Israel.","Milstein and Halali, 2021, Study 5",560,2,23,"Estimated number of natural sciences and mathematics students in Israel",38406,5000,0,6000,"quantity",0,1,1,1,1,1,1,2,0,"0"
"432",95561,"Milstein, N. & Halali, E. (2021). [Unpublished data]. Bar-Ilan University, Israel.","Milstein and Halali, 2021, Study 5",561,2,23,"Estimated number of natural sciences and mathematics students in Israel",38406,5000,0,8000,"quantity",0,1,1,1,1,1,1,2,0,"0"
"433",95562,"Milstein, N. & Halali, E. (2021). [Unpublished data]. Bar-Ilan University, Israel.","Milstein and Halali, 2021, Study 5",562,2,22,"Estimated number of natural sciences and mathematics students in Israel",38406,25000,1,15000,"quantity",0,1,1,1,1,1,1,2,0,"0"
"434",95563,"Milstein, N. & Halali, E. (2021). [Unpublished data]. Bar-Ilan University, Israel.","Milstein and Halali, 2021, Study 5",563,2,23,"Estimated number of natural sciences and mathematics students in Israel",38406,5000,0,13000,"quantity",0,1,1,1,1,1,1,2,0,"0"
"435",95565,"Milstein, N. & Halali, E. (2021). [Unpublished data]. Bar-Ilan University, Israel.","Milstein and Halali, 2021, Study 5",565,2,23,"Estimated number of natural sciences and mathematics students in Israel",38406,5000,0,12000,"quantity",0,1,1,1,1,1,1,2,0,"0"
"436",95566,"Milstein, N. & Halali, E. (2021). [Unpublished data]. Bar-Ilan University, Israel.","Milstein and Halali, 2021, Study 5",566,2,23,"Estimated number of natural sciences and mathematics students in Israel",38406,25000,1,35000,"quantity",0,1,1,1,1,1,1,2,0,"0"
"437",95567,"Milstein, N. & Halali, E. (2021). [Unpublished data]. Bar-Ilan University, Israel.","Milstein and Halali, 2021, Study 5",567,2,24,"Estimated number of natural sciences and mathematics students in Israel",38406,25000,1,15000,"quantity",0,1,1,1,1,1,1,2,0,"0"
"438",95568,"Milstein, N. & Halali, E. (2021). [Unpublished data]. Bar-Ilan University, Israel.","Milstein and Halali, 2021, Study 5",568,2,21,"Estimated number of natural sciences and mathematics students in Israel",38406,25000,1,26000,"quantity",0,1,1,1,1,1,1,2,0,"0"
"439",95569,"Milstein, N. & Halali, E. (2021). [Unpublished data]. Bar-Ilan University, Israel.","Milstein and Halali, 2021, Study 5",569,2,22,"Estimated number of natural sciences and mathematics students in Israel",38406,25000,1,30000,"quantity",0,1,1,1,1,1,1,2,0,"0"
"440",95570,"Milstein, N. & Halali, E. (2021). [Unpublished data]. Bar-Ilan University, Israel.","Milstein and Halali, 2021, Study 5",570,2,22,"Estimated number of natural sciences and mathematics students in Israel",38406,5000,0,10000,"quantity",0,1,1,1,1,1,1,2,0,"0"
"441",95571,"Milstein, N. & Halali, E. (2021). [Unpublished data]. Bar-Ilan University, Israel.","Milstein and Halali, 2021, Study 5",571,2,23,"Estimated number of natural sciences and mathematics students in Israel",38406,25000,1,60000,"quantity",0,1,1,1,1,1,1,2,0,"0"
"442",95572,"Milstein, N. & Halali, E. (2021). [Unpublished data]. Bar-Ilan University, Israel.","Milstein and Halali, 2021, Study 5",572,2,23,"Estimated number of natural sciences and mathematics students in Israel",38406,25000,1,30000,"quantity",0,1,1,1,1,1,1,2,0,"0"
"443",95573,"Milstein, N. & Halali, E. (2021). [Unpublished data]. Bar-Ilan University, Israel.","Milstein and Halali, 2021, Study 5",573,2,20,"Estimated number of natural sciences and mathematics students in Israel",38406,25000,1,50000,"quantity",0,1,1,1,1,1,1,2,0,"0"
"444",95574,"Milstein, N. & Halali, E. (2021). [Unpublished data]. Bar-Ilan University, Israel.","Milstein and Halali, 2021, Study 5",574,2,25,"Estimated number of natural sciences and mathematics students in Israel",38406,25000,1,40000,"quantity",0,1,1,1,1,1,1,2,0,"0"
"445",95575,"Milstein, N. & Halali, E. (2021). [Unpublished data]. Bar-Ilan University, Israel.","Milstein and Halali, 2021, Study 5",575,2,22,"Estimated number of natural sciences and mathematics students in Israel",38406,25000,1,50000,"quantity",0,1,1,1,1,1,1,2,0,"0"
"446",95576,"Milstein, N. & Halali, E. (2021). [Unpublished data]. Bar-Ilan University, Israel.","Milstein and Halali, 2021, Study 5",576,2,21,"Estimated number of natural sciences and mathematics students in Israel",38406,5000,0,20000,"quantity",0,1,1,1,1,1,1,2,0,"0"
"447",95577,"Milstein, N. & Halali, E. (2021). [Unpublished data]. Bar-Ilan University, Israel.","Milstein and Halali, 2021, Study 5",577,2,22,"Estimated number of natural sciences and mathematics students in Israel",38406,25000,1,30000,"quantity",0,1,1,1,1,1,1,2,0,"0"
"448",95578,"Milstein, N. & Halali, E. (2021). [Unpublished data]. Bar-Ilan University, Israel.","Milstein and Halali, 2021, Study 5",578,2,22,"Estimated number of natural sciences and mathematics students in Israel",38406,25000,1,15000,"quantity",0,1,1,1,1,1,1,2,0,"0"
"449",95579,"Milstein, N. & Halali, E. (2021). [Unpublished data]. Bar-Ilan University, Israel.","Milstein and Halali, 2021, Study 5",579,2,23,"Estimated number of natural sciences and mathematics students in Israel",38406,5000,0,800,"quantity",0,1,1,1,1,1,1,2,0,"0"
"450",95580,"Milstein, N. & Halali, E. (2021). [Unpublished data]. Bar-Ilan University, Israel.","Milstein and Halali, 2021, Study 5",580,2,22,"Estimated number of natural sciences and mathematics students in Israel",38406,5000,0,50000,"quantity",0,1,1,1,1,1,1,2,0,"0"
"451",95581,"Milstein, N. & Halali, E. (2021). [Unpublished data]. Bar-Ilan University, Israel.","Milstein and Halali, 2021, Study 5",581,2,24,"Estimated number of natural sciences and mathematics students in Israel",38406,5000,0,10000,"quantity",0,1,1,1,1,1,1,2,0,"0"
"452",95582,"Milstein, N. & Halali, E. (2021). [Unpublished data]. Bar-Ilan University, Israel.","Milstein and Halali, 2021, Study 5",582,2,21,"Estimated number of natural sciences and mathematics students in Israel",38406,5000,0,6000,"quantity",0,1,1,1,1,1,1,2,0,"0"
"453",95583,"Milstein, N. & Halali, E. (2021). [Unpublished data]. Bar-Ilan University, Israel.","Milstein and Halali, 2021, Study 5",583,1,26,"Estimated number of natural sciences and mathematics students in Israel",38406,25000,1,30000,"quantity",0,1,1,1,1,1,1,2,0,"0"
"454",95584,"Milstein, N. & Halali, E. (2021). [Unpublished data]. Bar-Ilan University, Israel.","Milstein and Halali, 2021, Study 5",584,2,25,"Estimated number of natural sciences and mathematics students in Israel",38406,5000,0,10000,"quantity",0,1,1,1,1,1,1,2,0,"0"
"455",95585,"Milstein, N. & Halali, E. (2021). [Unpublished data]. Bar-Ilan University, Israel.","Milstein and Halali, 2021, Study 5",585,2,25,"Estimated number of natural sciences and mathematics students in Israel",38406,5000,0,35000,"quantity",0,1,1,1,1,1,1,2,0,"0"
"456",95586,"Milstein, N. & Halali, E. (2021). [Unpublished data]. Bar-Ilan University, Israel.","Milstein and Halali, 2021, Study 5",586,2,23,"Estimated number of natural sciences and mathematics students in Israel",38406,5000,0,15000,"quantity",0,1,1,1,1,1,1,2,0,"0"
"457",95587,"Milstein, N. & Halali, E. (2021). [Unpublished data]. Bar-Ilan University, Israel.","Milstein and Halali, 2021, Study 5",587,2,22,"Estimated number of natural sciences and mathematics students in Israel",38406,25000,1,50000,"quantity",0,1,1,1,1,1,1,2,0,"0"
"458",95588,"Milstein, N. & Halali, E. (2021). [Unpublished data]. Bar-Ilan University, Israel.","Milstein and Halali, 2021, Study 5",588,2,23,"Estimated number of natural sciences and mathematics students in Israel",38406,25000,1,45000,"quantity",0,1,1,1,1,1,1,2,0,"0"
"459",95589,"Milstein, N. & Halali, E. (2021). [Unpublished data]. Bar-Ilan University, Israel.","Milstein and Halali, 2021, Study 5",589,2,24,"Estimated number of natural sciences and mathematics students in Israel",38406,5000,0,7000,"quantity",0,1,1,1,1,1,1,2,0,"0"
"460",95591,"Milstein, N. & Halali, E. (2021). [Unpublished data]. Bar-Ilan University, Israel.","Milstein and Halali, 2021, Study 5",591,1,24,"Estimated number of natural sciences and mathematics students in Israel",38406,5000,0,20000,"quantity",0,1,1,1,1,1,1,2,0,"0"
"461",95592,"Milstein, N. & Halali, E. (2021). [Unpublished data]. Bar-Ilan University, Israel.","Milstein and Halali, 2021, Study 5",592,2,23,"Estimated number of natural sciences and mathematics students in Israel",38406,25000,1,15000,"quantity",0,1,1,1,1,1,1,2,0,"0"
"462",95593,"Milstein, N. & Halali, E. (2021). [Unpublished data]. Bar-Ilan University, Israel.","Milstein and Halali, 2021, Study 5",593,2,24,"Estimated number of natural sciences and mathematics students in Israel",38406,5000,0,30000,"quantity",0,1,1,1,1,1,1,2,0,"0"
"463",95594,"Milstein, N. & Halali, E. (2021). [Unpublished data]. Bar-Ilan University, Israel.","Milstein and Halali, 2021, Study 5",594,2,24,"Estimated number of natural sciences and mathematics students in Israel",38406,25000,1,10000,"quantity",0,1,1,1,1,1,1,2,0,"0"
"464",95595,"Milstein, N. & Halali, E. (2021). [Unpublished data]. Bar-Ilan University, Israel.","Milstein and Halali, 2021, Study 5",595,2,24,"Estimated number of natural sciences and mathematics students in Israel",38406,25000,1,30000,"quantity",0,1,1,1,1,1,1,2,0,"0"
"465",95596,"Milstein, N. & Halali, E. (2021). [Unpublished data]. Bar-Ilan University, Israel.","Milstein and Halali, 2021, Study 5",596,2,24,"Estimated number of natural sciences and mathematics students in Israel",38406,5000,0,15000,"quantity",0,1,1,1,1,1,1,2,0,"0"
"466",95597,"Milstein, N. & Halali, E. (2021). [Unpublished data]. Bar-Ilan University, Israel.","Milstein and Halali, 2021, Study 5",597,1,25,"Estimated number of natural sciences and mathematics students in Israel",38406,25000,1,20000,"quantity",0,1,1,1,1,1,1,2,0,"0"
"467",95598,"Milstein, N. & Halali, E. (2021). [Unpublished data]. Bar-Ilan University, Israel.","Milstein and Halali, 2021, Study 5",598,2,25,"Estimated number of natural sciences and mathematics students in Israel",38406,5000,0,20000,"quantity",0,1,1,1,1,1,1,2,0,"0"
"468",95599,"Milstein, N. & Halali, E. (2021). [Unpublished data]. Bar-Ilan University, Israel.","Milstein and Halali, 2021, Study 5",599,1,21,"Estimated number of natural sciences and mathematics students in Israel",38406,5000,0,30000,"quantity",0,1,1,1,1,1,1,2,0,"0"
"469",95600,"Milstein, N. & Halali, E. (2021). [Unpublished data]. Bar-Ilan University, Israel.","Milstein and Halali, 2021, Study 5",600,2,23,"Estimated number of natural sciences and mathematics students in Israel",38406,25000,1,17000,"quantity",0,1,1,1,1,1,1,2,0,"0"
"470",95601,"Milstein, N. & Halali, E. (2021). [Unpublished data]. Bar-Ilan University, Israel.","Milstein and Halali, 2021, Study 5",601,2,24,"Estimated number of natural sciences and mathematics students in Israel",38406,5000,0,8000,"quantity",0,1,1,1,1,1,1,2,0,"0"
"471",95701,"Milstein, N. & Halali, E. (2021). [Unpublished data]. Bar-Ilan University, Israel.","Milstein and Halali, 2021, Study 6",701,2,42,"Estimated number of natural sciences and mathematics students in Israel",41094,25000,1,20000,"quantity",0,1,1,1,1,1,1,2,0,"0"
"472",95702,"Milstein, N. & Halali, E. (2021). [Unpublished data]. Bar-Ilan University, Israel.","Milstein and Halali, 2021, Study 6",702,1,28,"Estimated number of natural sciences and mathematics students in Israel",41094,25000,1,35000,"quantity",0,1,1,1,1,1,1,2,0,"0"
"473",95703,"Milstein, N. & Halali, E. (2021). [Unpublished data]. Bar-Ilan University, Israel.","Milstein and Halali, 2021, Study 6",703,1,26,"Estimated number of natural sciences and mathematics students in Israel",41094,NA,NA,8000,"quantity",0,1,1,1,1,1,1,2,0,"0"
"474",95704,"Milstein, N. & Halali, E. (2021). [Unpublished data]. Bar-Ilan University, Israel.","Milstein and Halali, 2021, Study 6",704,2,25,"Estimated number of natural sciences and mathematics students in Israel",41094,5000,0,10000,"quantity",0,1,1,1,1,1,1,2,0,"0"
"475",95705,"Milstein, N. & Halali, E. (2021). [Unpublished data]. Bar-Ilan University, Israel.","Milstein and Halali, 2021, Study 6",705,1,26,"Estimated number of natural sciences and mathematics students in Israel",41094,25000,1,45000,"quantity",0,1,1,1,1,1,1,2,0,"0"
"476",95706,"Milstein, N. & Halali, E. (2021). [Unpublished data]. Bar-Ilan University, Israel.","Milstein and Halali, 2021, Study 6",706,1,26,"Estimated number of natural sciences and mathematics students in Israel",41094,5000,0,8000,"quantity",0,1,1,1,1,1,1,2,0,"0"
"477",95707,"Milstein, N. & Halali, E. (2021). [Unpublished data]. Bar-Ilan University, Israel.","Milstein and Halali, 2021, Study 6",707,2,26,"Estimated number of natural sciences and mathematics students in Israel",41094,5000,0,13000,"quantity",0,1,1,1,1,1,1,2,0,"0"
"478",95708,"Milstein, N. & Halali, E. (2021). [Unpublished data]. Bar-Ilan University, Israel.","Milstein and Halali, 2021, Study 6",708,1,26,"Estimated number of natural sciences and mathematics students in Israel",41094,5000,0,6000,"quantity",0,1,1,1,1,1,1,2,0,"0"
"479",95709,"Milstein, N. & Halali, E. (2021). [Unpublished data]. Bar-Ilan University, Israel.","Milstein and Halali, 2021, Study 6",709,2,25,"Estimated number of natural sciences and mathematics students in Israel",41094,5000,0,20000,"quantity",0,1,1,1,1,1,1,2,0,"0"
"480",95710,"Milstein, N. & Halali, E. (2021). [Unpublished data]. Bar-Ilan University, Israel.","Milstein and Halali, 2021, Study 6",710,1,25,"Estimated number of natural sciences and mathematics students in Israel",41094,25000,1,31000,"quantity",0,1,1,1,1,1,1,2,0,"0"
"481",95711,"Milstein, N. & Halali, E. (2021). [Unpublished data]. Bar-Ilan University, Israel.","Milstein and Halali, 2021, Study 6",711,2,24.7,"Estimated number of natural sciences and mathematics students in Israel",41094,5000,0,5500,"quantity",0,1,1,1,1,1,1,2,0,"0"
"482",95712,"Milstein, N. & Halali, E. (2021). [Unpublished data]. Bar-Ilan University, Israel.","Milstein and Halali, 2021, Study 6",712,2,25,"Estimated number of natural sciences and mathematics students in Israel",41094,25000,1,20000,"quantity",0,1,1,1,1,1,1,2,0,"0"
"483",95713,"Milstein, N. & Halali, E. (2021). [Unpublished data]. Bar-Ilan University, Israel.","Milstein and Halali, 2021, Study 6",713,2,25,"Estimated number of natural sciences and mathematics students in Israel",41094,25000,1,8000,"quantity",0,1,1,1,1,1,1,2,0,"0"
"484",95714,"Milstein, N. & Halali, E. (2021). [Unpublished data]. Bar-Ilan University, Israel.","Milstein and Halali, 2021, Study 6",714,2,22,"Estimated number of natural sciences and mathematics students in Israel",41094,25000,1,20000,"quantity",0,1,1,1,1,1,1,2,0,"0"
"485",95715,"Milstein, N. & Halali, E. (2021). [Unpublished data]. Bar-Ilan University, Israel.","Milstein and Halali, 2021, Study 6",715,2,22,"Estimated number of natural sciences and mathematics students in Israel",41094,25000,1,40000,"quantity",0,1,1,1,1,1,1,2,0,"0"
"486",95716,"Milstein, N. & Halali, E. (2021). [Unpublished data]. Bar-Ilan University, Israel.","Milstein and Halali, 2021, Study 6",716,2,22,"Estimated number of natural sciences and mathematics students in Israel",41094,25000,1,35000,"quantity",0,1,1,1,1,1,1,2,0,"0"
"487",95717,"Milstein, N. & Halali, E. (2021). [Unpublished data]. Bar-Ilan University, Israel.","Milstein and Halali, 2021, Study 6",717,2,22,"Estimated number of natural sciences and mathematics students in Israel",41094,25000,1,30,"quantity",0,1,1,1,1,1,1,2,0,"0"
"488",95718,"Milstein, N. & Halali, E. (2021). [Unpublished data]. Bar-Ilan University, Israel.","Milstein and Halali, 2021, Study 6",718,2,22,"Estimated number of natural sciences and mathematics students in Israel",41094,5000,0,7000,"quantity",0,1,1,1,1,1,1,2,0,"0"
"489",95719,"Milstein, N. & Halali, E. (2021). [Unpublished data]. Bar-Ilan University, Israel.","Milstein and Halali, 2021, Study 6",719,2,22,"Estimated number of natural sciences and mathematics students in Israel",41094,25000,1,10000,"quantity",0,1,1,1,1,1,1,2,0,"0"
"490",95720,"Milstein, N. & Halali, E. (2021). [Unpublished data]. Bar-Ilan University, Israel.","Milstein and Halali, 2021, Study 6",720,2,22,"Estimated number of natural sciences and mathematics students in Israel",41094,25000,1,30000,"quantity",0,1,1,1,1,1,1,2,0,"0"
"491",95721,"Milstein, N. & Halali, E. (2021). [Unpublished data]. Bar-Ilan University, Israel.","Milstein and Halali, 2021, Study 6",721,2,21,"Estimated number of natural sciences and mathematics students in Israel",41094,25000,1,35000,"quantity",0,1,1,1,1,1,1,2,0,"0"
"492",95722,"Milstein, N. & Halali, E. (2021). [Unpublished data]. Bar-Ilan University, Israel.","Milstein and Halali, 2021, Study 6",722,2,21,"Estimated number of natural sciences and mathematics students in Israel",41094,25000,1,40000,"quantity",0,1,1,1,1,1,1,2,0,"0"
"493",95724,"Milstein, N. & Halali, E. (2021). [Unpublished data]. Bar-Ilan University, Israel.","Milstein and Halali, 2021, Study 6",724,2,23,"Estimated number of natural sciences and mathematics students in Israel",41094,25000,1,50000,"quantity",0,1,1,1,1,1,1,2,0,"0"
"494",95725,"Milstein, N. & Halali, E. (2021). [Unpublished data]. Bar-Ilan University, Israel.","Milstein and Halali, 2021, Study 6",725,2,23,"Estimated number of natural sciences and mathematics students in Israel",41094,25000,1,50000,"quantity",0,1,1,1,1,1,1,2,0,"0"
"495",95726,"Milstein, N. & Halali, E. (2021). [Unpublished data]. Bar-Ilan University, Israel.","Milstein and Halali, 2021, Study 6",726,2,22,"Estimated number of natural sciences and mathematics students in Israel",41094,5000,0,7000,"quantity",0,1,1,1,1,1,1,2,0,"0"
"496",95727,"Milstein, N. & Halali, E. (2021). [Unpublished data]. Bar-Ilan University, Israel.","Milstein and Halali, 2021, Study 6",727,2,23,"Estimated number of natural sciences and mathematics students in Israel",41094,5000,0,3500,"quantity",0,1,1,1,1,1,1,2,0,"0"
"497",95728,"Milstein, N. & Halali, E. (2021). [Unpublished data]. Bar-Ilan University, Israel.","Milstein and Halali, 2021, Study 6",728,2,23,"Estimated number of natural sciences and mathematics students in Israel",41094,5000,0,8000,"quantity",0,1,1,1,1,1,1,2,0,"0"
"498",95729,"Milstein, N. & Halali, E. (2021). [Unpublished data]. Bar-Ilan University, Israel.","Milstein and Halali, 2021, Study 6",729,2,22,"Estimated number of natural sciences and mathematics students in Israel",41094,25000,1,100000,"quantity",0,1,1,1,1,1,1,2,0,"0"
"499",95730,"Milstein, N. & Halali, E. (2021). [Unpublished data]. Bar-Ilan University, Israel.","Milstein and Halali, 2021, Study 6",730,2,23,"Estimated number of natural sciences and mathematics students in Israel",41094,5000,0,30000,"quantity",0,1,1,1,1,1,1,2,0,"0"
"500",95731,"Milstein, N. & Halali, E. (2021). [Unpublished data]. Bar-Ilan University, Israel.","Milstein and Halali, 2021, Study 6",731,1,23,"Estimated number of natural sciences and mathematics students in Israel",41094,25000,1,40000,"quantity",0,1,1,1,1,1,1,2,0,"0"
"501",95732,"Milstein, N. & Halali, E. (2021). [Unpublished data]. Bar-Ilan University, Israel.","Milstein and Halali, 2021, Study 6",732,2,22,"Estimated number of natural sciences and mathematics students in Israel",41094,5000,0,10000,"quantity",0,1,1,1,1,1,1,2,0,"0"
"502",95733,"Milstein, N. & Halali, E. (2021). [Unpublished data]. Bar-Ilan University, Israel.","Milstein and Halali, 2021, Study 6",733,2,24,"Estimated number of natural sciences and mathematics students in Israel",41094,25000,1,7000,"quantity",0,1,1,1,1,1,1,2,0,"0"
"503",95734,"Milstein, N. & Halali, E. (2021). [Unpublished data]. Bar-Ilan University, Israel.","Milstein and Halali, 2021, Study 6",734,2,23,"Estimated number of natural sciences and mathematics students in Israel",41094,5000,0,4500,"quantity",0,1,1,1,1,1,1,2,0,"0"
"504",95735,"Milstein, N. & Halali, E. (2021). [Unpublished data]. Bar-Ilan University, Israel.","Milstein and Halali, 2021, Study 6",735,2,23,"Estimated number of natural sciences and mathematics students in Israel",41094,25000,1,12000,"quantity",0,1,1,1,1,1,1,2,0,"0"
"505",95736,"Milstein, N. & Halali, E. (2021). [Unpublished data]. Bar-Ilan University, Israel.","Milstein and Halali, 2021, Study 6",736,2,23,"Estimated number of natural sciences and mathematics students in Israel",41094,5000,0,10000,"quantity",0,1,1,1,1,1,1,2,0,"0"
"506",95737,"Milstein, N. & Halali, E. (2021). [Unpublished data]. Bar-Ilan University, Israel.","Milstein and Halali, 2021, Study 6",737,2,24,"Estimated number of natural sciences and mathematics students in Israel",41094,25000,1,15000,"quantity",0,1,1,1,1,1,1,2,0,"0"
"507",95738,"Milstein, N. & Halali, E. (2021). [Unpublished data]. Bar-Ilan University, Israel.","Milstein and Halali, 2021, Study 6",738,2,23,"Estimated number of natural sciences and mathematics students in Israel",41094,25000,1,40000,"quantity",0,1,1,1,1,1,1,2,0,"0"
"508",95739,"Milstein, N. & Halali, E. (2021). [Unpublished data]. Bar-Ilan University, Israel.","Milstein and Halali, 2021, Study 6",739,2,22,"Estimated number of natural sciences and mathematics students in Israel",41094,25000,1,60000,"quantity",0,1,1,1,1,1,1,2,0,"0"
"509",95740,"Milstein, N. & Halali, E. (2021). [Unpublished data]. Bar-Ilan University, Israel.","Milstein and Halali, 2021, Study 6",740,2,23,"Estimated number of natural sciences and mathematics students in Israel",41094,25000,1,5000,"quantity",0,1,1,1,1,1,1,2,0,"0"
"510",95741,"Milstein, N. & Halali, E. (2021). [Unpublished data]. Bar-Ilan University, Israel.","Milstein and Halali, 2021, Study 6",741,2,21,"Estimated number of natural sciences and mathematics students in Israel",41094,5000,0,6000,"quantity",0,1,1,1,1,1,1,2,0,"0"
"511",95742,"Milstein, N. & Halali, E. (2021). [Unpublished data]. Bar-Ilan University, Israel.","Milstein and Halali, 2021, Study 6",742,2,22,"Estimated number of natural sciences and mathematics students in Israel",41094,25000,1,15000,"quantity",0,1,1,1,1,1,1,2,0,"0"
"512",95744,"Milstein, N. & Halali, E. (2021). [Unpublished data]. Bar-Ilan University, Israel.","Milstein and Halali, 2021, Study 6",744,2,21,"Estimated number of natural sciences and mathematics students in Israel",41094,25000,1,40000,"quantity",0,1,1,1,1,1,1,2,0,"0"
"513",95745,"Milstein, N. & Halali, E. (2021). [Unpublished data]. Bar-Ilan University, Israel.","Milstein and Halali, 2021, Study 6",745,1,20,"Estimated number of natural sciences and mathematics students in Israel",41094,25000,1,10000,"quantity",0,1,1,1,1,1,1,2,0,"0"
"514",95746,"Milstein, N. & Halali, E. (2021). [Unpublished data]. Bar-Ilan University, Israel.","Milstein and Halali, 2021, Study 6",746,2,20.4,"Estimated number of natural sciences and mathematics students in Israel",41094,25000,1,20000,"quantity",0,1,1,1,1,1,1,2,0,"0"
"515",95747,"Milstein, N. & Halali, E. (2021). [Unpublished data]. Bar-Ilan University, Israel.","Milstein and Halali, 2021, Study 6",747,2,24,"Estimated number of natural sciences and mathematics students in Israel",41094,5000,0,2000,"quantity",0,1,1,1,1,1,1,2,0,"0"
"516",95748,"Milstein, N. & Halali, E. (2021). [Unpublished data]. Bar-Ilan University, Israel.","Milstein and Halali, 2021, Study 6",748,1,30,"Estimated number of natural sciences and mathematics students in Israel",41094,5000,0,9000,"quantity",0,1,1,1,1,1,1,2,0,"0"
"517",95749,"Milstein, N. & Halali, E. (2021). [Unpublished data]. Bar-Ilan University, Israel.","Milstein and Halali, 2021, Study 6",749,2,26,"Estimated number of natural sciences and mathematics students in Israel",41094,25000,1,35000,"quantity",0,1,1,1,1,1,1,2,0,"0"
"518",95750,"Milstein, N. & Halali, E. (2021). [Unpublished data]. Bar-Ilan University, Israel.","Milstein and Halali, 2021, Study 6",750,2,27,"Estimated number of natural sciences and mathematics students in Israel",41094,25000,1,20000,"quantity",0,1,1,1,1,1,1,2,0,"0"
"519",95751,"Milstein, N. & Halali, E. (2021). [Unpublished data]. Bar-Ilan University, Israel.","Milstein and Halali, 2021, Study 6",751,2,26,"Estimated number of natural sciences and mathematics students in Israel",41094,25000,1,15000,"quantity",0,1,1,1,1,1,1,2,0,"0"
"520",95752,"Milstein, N. & Halali, E. (2021). [Unpublished data]. Bar-Ilan University, Israel.","Milstein and Halali, 2021, Study 6",752,1,26,"Estimated number of natural sciences and mathematics students in Israel",41094,5000,0,2700,"quantity",0,1,1,1,1,1,1,2,0,"0"
"521",95753,"Milstein, N. & Halali, E. (2021). [Unpublished data]. Bar-Ilan University, Israel.","Milstein and Halali, 2021, Study 6",753,1,27,"Estimated number of natural sciences and mathematics students in Israel",41094,25000,1,5000,"quantity",0,1,1,1,1,1,1,2,0,"0"
"522",95754,"Milstein, N. & Halali, E. (2021). [Unpublished data]. Bar-Ilan University, Israel.","Milstein and Halali, 2021, Study 6",754,2,25,"Estimated number of natural sciences and mathematics students in Israel",41094,25000,1,2000,"quantity",0,1,1,1,1,1,1,2,0,"0"
"523",95755,"Milstein, N. & Halali, E. (2021). [Unpublished data]. Bar-Ilan University, Israel.","Milstein and Halali, 2021, Study 6",755,1,25,"Estimated number of natural sciences and mathematics students in Israel",41094,25000,1,30000,"quantity",0,1,1,1,1,1,1,2,0,"0"
"524",95756,"Milstein, N. & Halali, E. (2021). [Unpublished data]. Bar-Ilan University, Israel.","Milstein and Halali, 2021, Study 6",756,1,25,"Estimated number of natural sciences and mathematics students in Israel",41094,5000,0,7500,"quantity",0,1,1,1,1,1,1,2,0,"0"
"525",95757,"Milstein, N. & Halali, E. (2021). [Unpublished data]. Bar-Ilan University, Israel.","Milstein and Halali, 2021, Study 6",757,2,24,"Estimated number of natural sciences and mathematics students in Israel",41094,5000,0,7000,"quantity",0,1,1,1,1,1,1,2,0,"0"
"526",95758,"Milstein, N. & Halali, E. (2021). [Unpublished data]. Bar-Ilan University, Israel.","Milstein and Halali, 2021, Study 6",758,1,25,"Estimated number of natural sciences and mathematics students in Israel",41094,25000,1,30000,"quantity",0,1,1,1,1,1,1,2,0,"0"
"527",95759,"Milstein, N. & Halali, E. (2021). [Unpublished data]. Bar-Ilan University, Israel.","Milstein and Halali, 2021, Study 6",759,1,24,"Estimated number of natural sciences and mathematics students in Israel",41094,25000,1,20,"quantity",0,1,1,1,1,1,1,2,0,"0"
"528",95760,"Milstein, N. & Halali, E. (2021). [Unpublished data]. Bar-Ilan University, Israel.","Milstein and Halali, 2021, Study 6",760,2,26,"Estimated number of natural sciences and mathematics students in Israel",41094,5000,0,3000,"quantity",0,1,1,1,1,1,1,2,0,"0"
"529",95761,"Milstein, N. & Halali, E. (2021). [Unpublished data]. Bar-Ilan University, Israel.","Milstein and Halali, 2021, Study 6",761,2,23,"Estimated number of natural sciences and mathematics students in Israel",41094,5000,0,10000,"quantity",0,1,1,1,1,1,1,2,0,"0"
"530",95762,"Milstein, N. & Halali, E. (2021). [Unpublished data]. Bar-Ilan University, Israel.","Milstein and Halali, 2021, Study 6",762,2,20,"Estimated number of natural sciences and mathematics students in Israel",41094,5000,0,7000,"quantity",0,1,1,1,1,1,1,2,0,"0"
"531",95763,"Milstein, N. & Halali, E. (2021). [Unpublished data]. Bar-Ilan University, Israel.","Milstein and Halali, 2021, Study 6",763,2,21,"Estimated number of natural sciences and mathematics students in Israel",41094,25000,1,10000,"quantity",0,1,1,1,1,1,1,2,0,"0"
"532",95764,"Milstein, N. & Halali, E. (2021). [Unpublished data]. Bar-Ilan University, Israel.","Milstein and Halali, 2021, Study 6",764,2,24,"Estimated number of natural sciences and mathematics students in Israel",41094,25000,1,20000,"quantity",0,1,1,1,1,1,1,2,0,"0"
"533",95765,"Milstein, N. & Halali, E. (2021). [Unpublished data]. Bar-Ilan University, Israel.","Milstein and Halali, 2021, Study 6",765,2,21,"Estimated number of natural sciences and mathematics students in Israel",41094,25000,1,32000,"quantity",0,1,1,1,1,1,1,2,0,"0"
"534",95766,"Milstein, N. & Halali, E. (2021). [Unpublished data]. Bar-Ilan University, Israel.","Milstein and Halali, 2021, Study 6",766,1,24,"Estimated number of natural sciences and mathematics students in Israel",41094,25000,1,20000,"quantity",0,1,1,1,1,1,1,2,0,"0"
"535",95767,"Milstein, N. & Halali, E. (2021). [Unpublished data]. Bar-Ilan University, Israel.","Milstein and Halali, 2021, Study 6",767,1,25,"Estimated number of natural sciences and mathematics students in Israel",41094,5000,0,4000,"quantity",0,1,1,1,1,1,1,2,0,"0"
"536",95768,"Milstein, N. & Halali, E. (2021). [Unpublished data]. Bar-Ilan University, Israel.","Milstein and Halali, 2021, Study 6",768,1,24,"Estimated number of natural sciences and mathematics students in Israel",41094,5000,0,3000,"quantity",0,1,1,1,1,1,1,2,0,"0"
"537",95769,"Milstein, N. & Halali, E. (2021). [Unpublished data]. Bar-Ilan University, Israel.","Milstein and Halali, 2021, Study 6",769,1,24,"Estimated number of natural sciences and mathematics students in Israel",41094,5000,0,2500,"quantity",0,1,1,1,1,1,1,2,0,"0"
"538",95770,"Milstein, N. & Halali, E. (2021). [Unpublished data]. Bar-Ilan University, Israel.","Milstein and Halali, 2021, Study 6",770,2,24,"Estimated number of natural sciences and mathematics students in Israel",41094,5000,0,10000,"quantity",0,1,1,1,1,1,1,2,0,"0"
"539",95771,"Milstein, N. & Halali, E. (2021). [Unpublished data]. Bar-Ilan University, Israel.","Milstein and Halali, 2021, Study 6",771,2,24,"Estimated number of natural sciences and mathematics students in Israel",41094,25000,1,20000,"quantity",0,1,1,1,1,1,1,2,0,"0"
"540",95772,"Milstein, N. & Halali, E. (2021). [Unpublished data]. Bar-Ilan University, Israel.","Milstein and Halali, 2021, Study 6",772,2,24,"Estimated number of natural sciences and mathematics students in Israel",41094,25000,1,40000,"quantity",0,1,1,1,1,1,1,2,0,"0"
"541",95773,"Milstein, N. & Halali, E. (2021). [Unpublished data]. Bar-Ilan University, Israel.","Milstein and Halali, 2021, Study 6",773,2,25,"Estimated number of natural sciences and mathematics students in Israel",41094,25000,1,18000,"quantity",0,1,1,1,1,1,1,2,0,"0"
"542",95774,"Milstein, N. & Halali, E. (2021). [Unpublished data]. Bar-Ilan University, Israel.","Milstein and Halali, 2021, Study 6",774,2,23,"Estimated number of natural sciences and mathematics students in Israel",41094,5000,0,7000,"quantity",0,1,1,1,1,1,1,2,0,"0"
"543",95775,"Milstein, N. & Halali, E. (2021). [Unpublished data]. Bar-Ilan University, Israel.","Milstein and Halali, 2021, Study 6",775,2,23,"Estimated number of natural sciences and mathematics students in Israel",41094,25000,1,7000,"quantity",0,1,1,1,1,1,1,2,0,"0"
"544",95776,"Milstein, N. & Halali, E. (2021). [Unpublished data]. Bar-Ilan University, Israel.","Milstein and Halali, 2021, Study 6",776,2,25,"Estimated number of natural sciences and mathematics students in Israel",41094,5000,0,100000,"quantity",0,1,1,1,1,1,1,2,0,"0"
"545",95777,"Milstein, N. & Halali, E. (2021). [Unpublished data]. Bar-Ilan University, Israel.","Milstein and Halali, 2021, Study 6",777,1,23,"Estimated number of natural sciences and mathematics students in Israel",41094,25000,1,12000,"quantity",0,1,1,1,1,1,1,2,0,"0"
"546",95778,"Milstein, N. & Halali, E. (2021). [Unpublished data]. Bar-Ilan University, Israel.","Milstein and Halali, 2021, Study 6",778,1,23,"Estimated number of natural sciences and mathematics students in Israel",41094,5000,0,7700,"quantity",0,1,1,1,1,1,1,2,0,"0"
"547",95779,"Milstein, N. & Halali, E. (2021). [Unpublished data]. Bar-Ilan University, Israel.","Milstein and Halali, 2021, Study 6",779,2,23,"Estimated number of natural sciences and mathematics students in Israel",41094,25000,1,50000,"quantity",0,1,1,1,1,1,1,2,0,"0"
"548",95780,"Milstein, N. & Halali, E. (2021). [Unpublished data]. Bar-Ilan University, Israel.","Milstein and Halali, 2021, Study 6",780,2,23,"Estimated number of natural sciences and mathematics students in Israel",41094,25000,1,50000,"quantity",0,1,1,1,1,1,1,2,0,"0"
"549",95781,"Milstein, N. & Halali, E. (2021). [Unpublished data]. Bar-Ilan University, Israel.","Milstein and Halali, 2021, Study 6",781,2,23,"Estimated number of natural sciences and mathematics students in Israel",41094,25000,1,20000,"quantity",0,1,1,1,1,1,1,2,0,"0"
"550",95782,"Milstein, N. & Halali, E. (2021). [Unpublished data]. Bar-Ilan University, Israel.","Milstein and Halali, 2021, Study 6",782,2,22,"Estimated number of natural sciences and mathematics students in Israel",41094,5000,0,10000,"quantity",0,1,1,1,1,1,1,2,0,"0"
"551",95783,"Milstein, N. & Halali, E. (2021). [Unpublished data]. Bar-Ilan University, Israel.","Milstein and Halali, 2021, Study 6",783,2,22,"Estimated number of natural sciences and mathematics students in Israel",41094,25000,1,10000,"quantity",0,1,1,1,1,1,1,2,0,"0"
"552",95784,"Milstein, N. & Halali, E. (2021). [Unpublished data]. Bar-Ilan University, Israel.","Milstein and Halali, 2021, Study 6",784,2,23,"Estimated number of natural sciences and mathematics students in Israel",41094,25000,1,10000,"quantity",0,1,1,1,1,1,1,2,0,"0"
"553",95785,"Milstein, N. & Halali, E. (2021). [Unpublished data]. Bar-Ilan University, Israel.","Milstein and Halali, 2021, Study 6",785,2,23,"Estimated number of natural sciences and mathematics students in Israel",41094,5000,0,6000,"quantity",0,1,1,1,1,1,1,2,0,"0"
"554",95786,"Milstein, N. & Halali, E. (2021). [Unpublished data]. Bar-Ilan University, Israel.","Milstein and Halali, 2021, Study 6",786,2,22,"Estimated number of natural sciences and mathematics students in Israel",41094,5000,0,6500,"quantity",0,1,1,1,1,1,1,2,0,"0"
"555",95787,"Milstein, N. & Halali, E. (2021). [Unpublished data]. Bar-Ilan University, Israel.","Milstein and Halali, 2021, Study 6",787,2,22,"Estimated number of natural sciences and mathematics students in Israel",41094,25000,1,8000,"quantity",0,1,1,1,1,1,1,2,0,"0"
"556",95789,"Milstein, N. & Halali, E. (2021). [Unpublished data]. Bar-Ilan University, Israel.","Milstein and Halali, 2021, Study 6",789,2,22,"Estimated number of natural sciences and mathematics students in Israel",41094,25000,1,100000,"quantity",0,1,1,1,1,1,1,2,0,"0"
"557",95790,"Milstein, N. & Halali, E. (2021). [Unpublished data]. Bar-Ilan University, Israel.","Milstein and Halali, 2021, Study 6",790,2,22,"Estimated number of natural sciences and mathematics students in Israel",41094,25000,1,15000,"quantity",0,1,1,1,1,1,1,2,0,"0"
"558",95791,"Milstein, N. & Halali, E. (2021). [Unpublished data]. Bar-Ilan University, Israel.","Milstein and Halali, 2021, Study 6",791,2,24,"Estimated number of natural sciences and mathematics students in Israel",41094,NA,NA,8000,"quantity",0,1,1,1,1,1,1,2,0,"0"
"559",95792,"Milstein, N. & Halali, E. (2021). [Unpublished data]. Bar-Ilan University, Israel.","Milstein and Halali, 2021, Study 6",792,2,23,"Estimated number of natural sciences and mathematics students in Israel",41094,5000,0,3000,"quantity",0,1,1,1,1,1,1,2,0,"0"
"560",95793,"Milstein, N. & Halali, E. (2021). [Unpublished data]. Bar-Ilan University, Israel.","Milstein and Halali, 2021, Study 6",793,1,22,"Estimated number of natural sciences and mathematics students in Israel",41094,25000,1,150000,"quantity",0,1,1,1,1,1,1,2,0,"0"
"561",95794,"Milstein, N. & Halali, E. (2021). [Unpublished data]. Bar-Ilan University, Israel.","Milstein and Halali, 2021, Study 6",794,2,25,"Estimated number of natural sciences and mathematics students in Israel",41094,5000,0,3000,"quantity",0,1,1,1,1,1,1,2,0,"0"
"562",95795,"Milstein, N. & Halali, E. (2021). [Unpublished data]. Bar-Ilan University, Israel.","Milstein and Halali, 2021, Study 6",795,2,24,"Estimated number of natural sciences and mathematics students in Israel",41094,5000,0,2000,"quantity",0,1,1,1,1,1,1,2,0,"0"
"563",95796,"Milstein, N. & Halali, E. (2021). [Unpublished data]. Bar-Ilan University, Israel.","Milstein and Halali, 2021, Study 6",796,1,20,"Estimated number of natural sciences and mathematics students in Israel",41094,25000,1,23000,"quantity",0,1,1,1,1,1,1,2,0,"0"
"564",95797,"Milstein, N. & Halali, E. (2021). [Unpublished data]. Bar-Ilan University, Israel.","Milstein and Halali, 2021, Study 6",797,2,20,"Estimated number of natural sciences and mathematics students in Israel",41094,NA,NA,10000,"quantity",0,1,1,1,1,1,1,2,0,"0"
"565",95798,"Milstein, N. & Halali, E. (2021). [Unpublished data]. Bar-Ilan University, Israel.","Milstein and Halali, 2021, Study 6",798,2,20,"Estimated number of natural sciences and mathematics students in Israel",41094,25000,1,13000,"quantity",0,1,1,1,1,1,1,2,0,"0"
"566",95799,"Milstein, N. & Halali, E. (2021). [Unpublished data]. Bar-Ilan University, Israel.","Milstein and Halali, 2021, Study 6",799,2,21,"Estimated number of natural sciences and mathematics students in Israel",41094,25000,1,10000,"quantity",0,1,1,1,1,1,1,2,0,"0"
"567",95800,"Milstein, N. & Halali, E. (2021). [Unpublished data]. Bar-Ilan University, Israel.","Milstein and Halali, 2021, Study 6",800,1,26,"Estimated number of natural sciences and mathematics students in Israel",41094,5000,0,500,"quantity",0,1,1,1,1,1,1,2,0,"0"
"568",95801,"Milstein, N. & Halali, E. (2021). [Unpublished data]. Bar-Ilan University, Israel.","Milstein and Halali, 2021, Study 6",801,2,24,"Estimated number of natural sciences and mathematics students in Israel",41094,5000,0,10000,"quantity",0,1,1,1,1,1,1,2,0,"0"
"569",95802,"Milstein, N. & Halali, E. (2021). [Unpublished data]. Bar-Ilan University, Israel.","Milstein and Halali, 2021, Study 6",802,1,24,"Estimated number of natural sciences and mathematics students in Israel",41094,25000,1,15000,"quantity",0,1,1,1,1,1,1,2,0,"0"
"570",95803,"Milstein, N. & Halali, E. (2021). [Unpublished data]. Bar-Ilan University, Israel.","Milstein and Halali, 2021, Study 6",803,2,21,"Estimated number of natural sciences and mathematics students in Israel",41094,25000,1,15000,"quantity",0,1,1,1,1,1,1,2,0,"0"
"571",95804,"Milstein, N. & Halali, E. (2021). [Unpublished data]. Bar-Ilan University, Israel.","Milstein and Halali, 2021, Study 6",804,2,24,"Estimated number of natural sciences and mathematics students in Israel",41094,25000,1,40000,"quantity",0,1,1,1,1,1,1,2,0,"0"
"572",95805,"Milstein, N. & Halali, E. (2021). [Unpublished data]. Bar-Ilan University, Israel.","Milstein and Halali, 2021, Study 6",805,2,21,"Estimated number of natural sciences and mathematics students in Israel",41094,25000,1,7000,"quantity",0,1,1,1,1,1,1,2,0,"0"
"573",95806,"Milstein, N. & Halali, E. (2021). [Unpublished data]. Bar-Ilan University, Israel.","Milstein and Halali, 2021, Study 6",806,2,21,"Estimated number of natural sciences and mathematics students in Israel",41094,25000,1,40000,"quantity",0,1,1,1,1,1,1,2,0,"0"
"574",95807,"Milstein, N. & Halali, E. (2021). [Unpublished data]. Bar-Ilan University, Israel.","Milstein and Halali, 2021, Study 6",807,1,23,"Estimated number of natural sciences and mathematics students in Israel",41094,5000,0,10000,"quantity",0,1,1,1,1,1,1,2,0,"0"
"575",95808,"Milstein, N. & Halali, E. (2021). [Unpublished data]. Bar-Ilan University, Israel.","Milstein and Halali, 2021, Study 6",808,2,21,"Estimated number of natural sciences and mathematics students in Israel",41094,25000,1,40000,"quantity",0,1,1,1,1,1,1,2,0,"0"
"576",95809,"Milstein, N. & Halali, E. (2021). [Unpublished data]. Bar-Ilan University, Israel.","Milstein and Halali, 2021, Study 6",809,2,23,"Estimated number of natural sciences and mathematics students in Israel",41094,25000,1,20000,"quantity",0,1,1,1,1,1,1,2,0,"0"
"577",95810,"Milstein, N. & Halali, E. (2021). [Unpublished data]. Bar-Ilan University, Israel.","Milstein and Halali, 2021, Study 6",810,2,22,"Estimated number of natural sciences and mathematics students in Israel",41094,25000,1,10000,"quantity",0,1,1,1,1,1,1,2,0,"0"
"578",95901,"Milstein, N. & Halali, E. (2021). [Unpublished data]. Bar-Ilan University, Israel.","Milstein and Halali, 2021, Study 7",901,2,22,"Estimated number of natural sciences and mathematics students in Israel",43971,5000,0,55000,"quantity",0,1,1,1,1,1,1,2,0,"0"
"579",95902,"Milstein, N. & Halali, E. (2021). [Unpublished data]. Bar-Ilan University, Israel.","Milstein and Halali, 2021, Study 7",902,1,24,"Estimated number of natural sciences and mathematics students in Israel",43971,25000,1,33000,"quantity",0,1,1,1,1,1,1,2,0,"0"
"580",95903,"Milstein, N. & Halali, E. (2021). [Unpublished data]. Bar-Ilan University, Israel.","Milstein and Halali, 2021, Study 7",903,2,22,"Estimated number of natural sciences and mathematics students in Israel",43971,5000,0,4000,"quantity",0,1,1,1,1,1,1,2,0,"0"
"581",95904,"Milstein, N. & Halali, E. (2021). [Unpublished data]. Bar-Ilan University, Israel.","Milstein and Halali, 2021, Study 7",904,2,22,"Estimated number of natural sciences and mathematics students in Israel",43971,25000,1,40000,"quantity",0,1,1,1,1,1,1,2,0,"0"
"582",95905,"Milstein, N. & Halali, E. (2021). [Unpublished data]. Bar-Ilan University, Israel.","Milstein and Halali, 2021, Study 7",905,1,25,"Estimated number of natural sciences and mathematics students in Israel",43971,5000,0,30000,"quantity",0,1,1,1,1,1,1,2,0,"0"
"583",95906,"Milstein, N. & Halali, E. (2021). [Unpublished data]. Bar-Ilan University, Israel.","Milstein and Halali, 2021, Study 7",906,2,22,"Estimated number of natural sciences and mathematics students in Israel",43971,25000,1,4000,"quantity",0,1,1,1,1,1,1,2,0,"0"
"584",95907,"Milstein, N. & Halali, E. (2021). [Unpublished data]. Bar-Ilan University, Israel.","Milstein and Halali, 2021, Study 7",907,2,22,"Estimated number of natural sciences and mathematics students in Israel",43971,5000,0,15000,"quantity",0,1,1,1,1,1,1,2,0,"0"
"585",95908,"Milstein, N. & Halali, E. (2021). [Unpublished data]. Bar-Ilan University, Israel.","Milstein and Halali, 2021, Study 7",908,2,24,"Estimated number of natural sciences and mathematics students in Israel",43971,5000,0,8000,"quantity",0,1,1,1,1,1,1,2,0,"0"
"586",95909,"Milstein, N. & Halali, E. (2021). [Unpublished data]. Bar-Ilan University, Israel.","Milstein and Halali, 2021, Study 7",909,1,23,"Estimated number of natural sciences and mathematics students in Israel",43971,25000,1,65000,"quantity",0,1,1,1,1,1,1,2,0,"0"
"587",95910,"Milstein, N. & Halali, E. (2021). [Unpublished data]. Bar-Ilan University, Israel.","Milstein and Halali, 2021, Study 7",910,2,24,"Estimated number of natural sciences and mathematics students in Israel",43971,25000,1,36000,"quantity",0,1,1,1,1,1,1,2,0,"0"
"588",95911,"Milstein, N. & Halali, E. (2021). [Unpublished data]. Bar-Ilan University, Israel.","Milstein and Halali, 2021, Study 7",911,2,21,"Estimated number of natural sciences and mathematics students in Israel",43971,5000,0,70000,"quantity",0,1,1,1,1,1,1,2,0,"0"
"589",95912,"Milstein, N. & Halali, E. (2021). [Unpublished data]. Bar-Ilan University, Israel.","Milstein and Halali, 2021, Study 7",912,2,23,"Estimated number of natural sciences and mathematics students in Israel",43971,25000,1,25000,"quantity",0,1,1,1,1,1,1,2,0,"0"
"590",95913,"Milstein, N. & Halali, E. (2021). [Unpublished data]. Bar-Ilan University, Israel.","Milstein and Halali, 2021, Study 7",913,2,24,"Estimated number of natural sciences and mathematics students in Israel",43971,25000,1,10000,"quantity",0,1,1,1,1,1,1,2,0,"0"
"591",95914,"Milstein, N. & Halali, E. (2021). [Unpublished data]. Bar-Ilan University, Israel.","Milstein and Halali, 2021, Study 7",914,2,24,"Estimated number of natural sciences and mathematics students in Israel",43971,5000,0,4000,"quantity",0,1,1,1,1,1,1,2,0,"0"
"592",95915,"Milstein, N. & Halali, E. (2021). [Unpublished data]. Bar-Ilan University, Israel.","Milstein and Halali, 2021, Study 7",915,2,24,"Estimated number of natural sciences and mathematics students in Israel",43971,25000,1,35000,"quantity",0,1,1,1,1,1,1,2,0,"0"
"593",95916,"Milstein, N. & Halali, E. (2021). [Unpublished data]. Bar-Ilan University, Israel.","Milstein and Halali, 2021, Study 7",916,2,24,"Estimated number of natural sciences and mathematics students in Israel",43971,25000,1,15000,"quantity",0,1,1,1,1,1,1,2,0,"0"
"594",95917,"Milstein, N. & Halali, E. (2021). [Unpublished data]. Bar-Ilan University, Israel.","Milstein and Halali, 2021, Study 7",917,2,22,"Estimated number of natural sciences and mathematics students in Israel",43971,5000,0,7000,"quantity",0,1,1,1,1,1,1,2,0,"0"
"595",95918,"Milstein, N. & Halali, E. (2021). [Unpublished data]. Bar-Ilan University, Israel.","Milstein and Halali, 2021, Study 7",918,2,27,"Estimated number of natural sciences and mathematics students in Israel",43971,5000,0,3000,"quantity",0,1,1,1,1,1,1,2,0,"0"
"596",95919,"Milstein, N. & Halali, E. (2021). [Unpublished data]. Bar-Ilan University, Israel.","Milstein and Halali, 2021, Study 7",919,2,24,"Estimated number of natural sciences and mathematics students in Israel",43971,25000,1,50000,"quantity",0,1,1,1,1,1,1,2,0,"0"
"597",95920,"Milstein, N. & Halali, E. (2021). [Unpublished data]. Bar-Ilan University, Israel.","Milstein and Halali, 2021, Study 7",920,1,24,"Estimated number of natural sciences and mathematics students in Israel",43971,25000,1,7000,"quantity",0,1,1,1,1,1,1,2,0,"0"
"598",95921,"Milstein, N. & Halali, E. (2021). [Unpublished data]. Bar-Ilan University, Israel.","Milstein and Halali, 2021, Study 7",921,2,23,"Estimated number of natural sciences and mathematics students in Israel",43971,25000,1,5000,"quantity",0,1,1,1,1,1,1,2,0,"0"
"599",95922,"Milstein, N. & Halali, E. (2021). [Unpublished data]. Bar-Ilan University, Israel.","Milstein and Halali, 2021, Study 7",922,2,21,"Estimated number of natural sciences and mathematics students in Israel",43971,25000,1,20000,"quantity",0,1,1,1,1,1,1,2,0,"0"
"600",95923,"Milstein, N. & Halali, E. (2021). [Unpublished data]. Bar-Ilan University, Israel.","Milstein and Halali, 2021, Study 7",923,1,25,"Estimated number of natural sciences and mathematics students in Israel",43971,25000,1,30000,"quantity",0,1,1,1,1,1,1,2,0,"0"
"601",95924,"Milstein, N. & Halali, E. (2021). [Unpublished data]. Bar-Ilan University, Israel.","Milstein and Halali, 2021, Study 7",924,2,20,"Estimated number of natural sciences and mathematics students in Israel",43971,5000,0,6000,"quantity",0,1,1,1,1,1,1,2,0,"0"
"602",95925,"Milstein, N. & Halali, E. (2021). [Unpublished data]. Bar-Ilan University, Israel.","Milstein and Halali, 2021, Study 7",925,2,21,"Estimated number of natural sciences and mathematics students in Israel",43971,25000,1,30000,"quantity",0,1,1,1,1,1,1,2,0,"0"
"603",95926,"Milstein, N. & Halali, E. (2021). [Unpublished data]. Bar-Ilan University, Israel.","Milstein and Halali, 2021, Study 7",926,2,25,"Estimated number of natural sciences and mathematics students in Israel",43971,5000,0,1500,"quantity",0,1,1,1,1,1,1,2,0,"0"
"604",95927,"Milstein, N. & Halali, E. (2021). [Unpublished data]. Bar-Ilan University, Israel.","Milstein and Halali, 2021, Study 7",927,2,21,"Estimated number of natural sciences and mathematics students in Israel",43971,5000,0,8000,"quantity",0,1,1,1,1,1,1,2,0,"0"
"605",95928,"Milstein, N. & Halali, E. (2021). [Unpublished data]. Bar-Ilan University, Israel.","Milstein and Halali, 2021, Study 7",928,2,23,"Estimated number of natural sciences and mathematics students in Israel",43971,5000,0,3000,"quantity",0,1,1,1,1,1,1,2,0,"0"
"606",95929,"Milstein, N. & Halali, E. (2021). [Unpublished data]. Bar-Ilan University, Israel.","Milstein and Halali, 2021, Study 7",929,2,20,"Estimated number of natural sciences and mathematics students in Israel",43971,25000,1,15000,"quantity",0,1,1,1,1,1,1,2,0,"0"
"607",95930,"Milstein, N. & Halali, E. (2021). [Unpublished data]. Bar-Ilan University, Israel.","Milstein and Halali, 2021, Study 7",930,2,25,"Estimated number of natural sciences and mathematics students in Israel",43971,25000,1,30000,"quantity",0,1,1,1,1,1,1,2,0,"0"
"608",95931,"Milstein, N. & Halali, E. (2021). [Unpublished data]. Bar-Ilan University, Israel.","Milstein and Halali, 2021, Study 7",931,2,23,"Estimated number of natural sciences and mathematics students in Israel",43971,5000,0,7000,"quantity",0,1,1,1,1,1,1,2,0,"0"
"609",95932,"Milstein, N. & Halali, E. (2021). [Unpublished data]. Bar-Ilan University, Israel.","Milstein and Halali, 2021, Study 7",932,1,25,"Estimated number of natural sciences and mathematics students in Israel",43971,5000,0,6000,"quantity",0,1,1,1,1,1,1,2,0,"0"
"610",95933,"Milstein, N. & Halali, E. (2021). [Unpublished data]. Bar-Ilan University, Israel.","Milstein and Halali, 2021, Study 7",933,2,22,"Estimated number of natural sciences and mathematics students in Israel",43971,5000,0,3000,"quantity",0,1,1,1,1,1,1,2,0,"0"
"611",95934,"Milstein, N. & Halali, E. (2021). [Unpublished data]. Bar-Ilan University, Israel.","Milstein and Halali, 2021, Study 7",934,1,23,"Estimated number of natural sciences and mathematics students in Israel",43971,25000,1,10000,"quantity",0,1,1,1,1,1,1,2,0,"0"
"612",95935,"Milstein, N. & Halali, E. (2021). [Unpublished data]. Bar-Ilan University, Israel.","Milstein and Halali, 2021, Study 7",935,2,22,"Estimated number of natural sciences and mathematics students in Israel",43971,5000,0,3500,"quantity",0,1,1,1,1,1,1,2,0,"0"
"613",95936,"Milstein, N. & Halali, E. (2021). [Unpublished data]. Bar-Ilan University, Israel.","Milstein and Halali, 2021, Study 7",936,2,24,"Estimated number of natural sciences and mathematics students in Israel",43971,25000,1,18000,"quantity",0,1,1,1,1,1,1,2,0,"0"
"614",95937,"Milstein, N. & Halali, E. (2021). [Unpublished data]. Bar-Ilan University, Israel.","Milstein and Halali, 2021, Study 7",937,2,22,"Estimated number of natural sciences and mathematics students in Israel",43971,25000,1,24000,"quantity",0,1,1,1,1,1,1,2,0,"0"
"615",95938,"Milstein, N. & Halali, E. (2021). [Unpublished data]. Bar-Ilan University, Israel.","Milstein and Halali, 2021, Study 7",938,2,23,"Estimated number of natural sciences and mathematics students in Israel",43971,5000,0,20000,"quantity",0,1,1,1,1,1,1,2,0,"0"
"616",95939,"Milstein, N. & Halali, E. (2021). [Unpublished data]. Bar-Ilan University, Israel.","Milstein and Halali, 2021, Study 7",939,2,24,"Estimated number of natural sciences and mathematics students in Israel",43971,5000,0,12000,"quantity",0,1,1,1,1,1,1,2,0,"0"
"617",95940,"Milstein, N. & Halali, E. (2021). [Unpublished data]. Bar-Ilan University, Israel.","Milstein and Halali, 2021, Study 7",940,2,24,"Estimated number of natural sciences and mathematics students in Israel",43971,5000,0,3500,"quantity",0,1,1,1,1,1,1,2,0,"0"
"618",95941,"Milstein, N. & Halali, E. (2021). [Unpublished data]. Bar-Ilan University, Israel.","Milstein and Halali, 2021, Study 7",941,2,24,"Estimated number of natural sciences and mathematics students in Israel",43971,5000,0,3500,"quantity",0,1,1,1,1,1,1,2,0,"0"
"619",95942,"Milstein, N. & Halali, E. (2021). [Unpublished data]. Bar-Ilan University, Israel.","Milstein and Halali, 2021, Study 7",942,2,23,"Estimated number of natural sciences and mathematics students in Israel",43971,5000,0,8000,"quantity",0,1,1,1,1,1,1,2,0,"0"
"620",95943,"Milstein, N. & Halali, E. (2021). [Unpublished data]. Bar-Ilan University, Israel.","Milstein and Halali, 2021, Study 7",943,2,25,"Estimated number of natural sciences and mathematics students in Israel",43971,5000,0,7000,"quantity",0,1,1,1,1,1,1,2,0,"0"
"621",95944,"Milstein, N. & Halali, E. (2021). [Unpublished data]. Bar-Ilan University, Israel.","Milstein and Halali, 2021, Study 7",944,2,22,"Estimated number of natural sciences and mathematics students in Israel",43971,5000,0,6000,"quantity",0,1,1,1,1,1,1,2,0,"0"
"622",95945,"Milstein, N. & Halali, E. (2021). [Unpublished data]. Bar-Ilan University, Israel.","Milstein and Halali, 2021, Study 7",945,2,23,"Estimated number of natural sciences and mathematics students in Israel",43971,25000,1,5000,"quantity",0,1,1,1,1,1,1,2,0,"0"
"623",95946,"Milstein, N. & Halali, E. (2021). [Unpublished data]. Bar-Ilan University, Israel.","Milstein and Halali, 2021, Study 7",946,2,23,"Estimated number of natural sciences and mathematics students in Israel",43971,25000,1,50000,"quantity",0,1,1,1,1,1,1,2,0,"0"
"624",95947,"Milstein, N. & Halali, E. (2021). [Unpublished data]. Bar-Ilan University, Israel.","Milstein and Halali, 2021, Study 7",947,2,22,"Estimated number of natural sciences and mathematics students in Israel",43971,25000,1,100000,"quantity",0,1,1,1,1,1,1,2,0,"0"
"625",95948,"Milstein, N. & Halali, E. (2021). [Unpublished data]. Bar-Ilan University, Israel.","Milstein and Halali, 2021, Study 7",948,2,23,"Estimated number of natural sciences and mathematics students in Israel",43971,25000,1,10000,"quantity",0,1,1,1,1,1,1,2,0,"0"
"626",95949,"Milstein, N. & Halali, E. (2021). [Unpublished data]. Bar-Ilan University, Israel.","Milstein and Halali, 2021, Study 7",949,2,21,"Estimated number of natural sciences and mathematics students in Israel",43971,5000,0,20000,"quantity",0,1,1,1,1,1,1,2,0,"0"
"627",95950,"Milstein, N. & Halali, E. (2021). [Unpublished data]. Bar-Ilan University, Israel.","Milstein and Halali, 2021, Study 7",950,2,20,"Estimated number of natural sciences and mathematics students in Israel",43971,25000,1,10000,"quantity",0,1,1,1,1,1,1,2,0,"0"
"628",95951,"Milstein, N. & Halali, E. (2021). [Unpublished data]. Bar-Ilan University, Israel.","Milstein and Halali, 2021, Study 7",951,2,24,"Estimated number of natural sciences and mathematics students in Israel",43971,25000,1,30,"quantity",0,1,1,1,1,1,1,2,0,"0"
"629",95952,"Milstein, N. & Halali, E. (2021). [Unpublished data]. Bar-Ilan University, Israel.","Milstein and Halali, 2021, Study 7",952,2,21,"Estimated number of natural sciences and mathematics students in Israel",43971,5000,0,2500,"quantity",0,1,1,1,1,1,1,2,0,"0"
"630",95953,"Milstein, N. & Halali, E. (2021). [Unpublished data]. Bar-Ilan University, Israel.","Milstein and Halali, 2021, Study 7",953,2,23,"Estimated number of natural sciences and mathematics students in Israel",43971,5000,0,20000,"quantity",0,1,1,1,1,1,1,2,0,"0"
"631",95954,"Milstein, N. & Halali, E. (2021). [Unpublished data]. Bar-Ilan University, Israel.","Milstein and Halali, 2021, Study 7",954,1,35,"Estimated number of natural sciences and mathematics students in Israel",43971,5000,0,3000,"quantity",0,1,1,1,1,1,1,2,0,"0"
"632",95955,"Milstein, N. & Halali, E. (2021). [Unpublished data]. Bar-Ilan University, Israel.","Milstein and Halali, 2021, Study 7",955,2,22,"Estimated number of natural sciences and mathematics students in Israel",43971,25000,1,20000,"quantity",0,1,1,1,1,1,1,2,0,"0"
"633",95956,"Milstein, N. & Halali, E. (2021). [Unpublished data]. Bar-Ilan University, Israel.","Milstein and Halali, 2021, Study 7",956,2,21,"Estimated number of natural sciences and mathematics students in Israel",43971,5000,0,15000,"quantity",0,1,1,1,1,1,1,2,0,"0"
"634",95957,"Milstein, N. & Halali, E. (2021). [Unpublished data]. Bar-Ilan University, Israel.","Milstein and Halali, 2021, Study 7",957,2,23,"Estimated number of natural sciences and mathematics students in Israel",43971,25000,1,15000,"quantity",0,1,1,1,1,1,1,2,0,"0"
"635",95958,"Milstein, N. & Halali, E. (2021). [Unpublished data]. Bar-Ilan University, Israel.","Milstein and Halali, 2021, Study 7",958,2,23,"Estimated number of natural sciences and mathematics students in Israel",43971,25000,1,5000,"quantity",0,1,1,1,1,1,1,2,0,"0"
"636",95959,"Milstein, N. & Halali, E. (2021). [Unpublished data]. Bar-Ilan University, Israel.","Milstein and Halali, 2021, Study 7",959,2,24,"Estimated number of natural sciences and mathematics students in Israel",43971,5000,0,10000,"quantity",0,1,1,1,1,1,1,2,0,"0"
"637",95960,"Milstein, N. & Halali, E. (2021). [Unpublished data]. Bar-Ilan University, Israel.","Milstein and Halali, 2021, Study 7",960,2,27,"Estimated number of natural sciences and mathematics students in Israel",43971,25000,1,30000,"quantity",0,1,1,1,1,1,1,2,0,"0"
"638",95961,"Milstein, N. & Halali, E. (2021). [Unpublished data]. Bar-Ilan University, Israel.","Milstein and Halali, 2021, Study 7",961,2,21,"Estimated number of natural sciences and mathematics students in Israel",43971,25000,1,50000,"quantity",0,1,1,1,1,1,1,2,0,"0"
"639",95962,"Milstein, N. & Halali, E. (2021). [Unpublished data]. Bar-Ilan University, Israel.","Milstein and Halali, 2021, Study 7",962,2,23,"Estimated number of natural sciences and mathematics students in Israel",43971,5000,0,10000,"quantity",0,1,1,1,1,1,1,2,0,"0"
"640",95963,"Milstein, N. & Halali, E. (2021). [Unpublished data]. Bar-Ilan University, Israel.","Milstein and Halali, 2021, Study 7",963,2,22,"Estimated number of natural sciences and mathematics students in Israel",43971,25000,1,50000,"quantity",0,1,1,1,1,1,1,2,0,"0"
"641",95964,"Milstein, N. & Halali, E. (2021). [Unpublished data]. Bar-Ilan University, Israel.","Milstein and Halali, 2021, Study 7",964,2,21,"Estimated number of natural sciences and mathematics students in Israel",43971,5000,0,10000,"quantity",0,1,1,1,1,1,1,2,0,"0"
"642",95965,"Milstein, N. & Halali, E. (2021). [Unpublished data]. Bar-Ilan University, Israel.","Milstein and Halali, 2021, Study 7",965,2,21,"Estimated number of natural sciences and mathematics students in Israel",43971,25000,1,30000,"quantity",0,1,1,1,1,1,1,2,0,"0"
"643",95966,"Milstein, N. & Halali, E. (2021). [Unpublished data]. Bar-Ilan University, Israel.","Milstein and Halali, 2021, Study 7",966,2,23,"Estimated number of natural sciences and mathematics students in Israel",43971,5000,0,7500,"quantity",0,1,1,1,1,1,1,2,0,"0"
"644",95967,"Milstein, N. & Halali, E. (2021). [Unpublished data]. Bar-Ilan University, Israel.","Milstein and Halali, 2021, Study 7",967,2,20,"Estimated number of natural sciences and mathematics students in Israel",43971,5000,0,8000,"quantity",0,1,1,1,1,1,1,2,0,"0"
"645",95969,"Milstein, N. & Halali, E. (2021). [Unpublished data]. Bar-Ilan University, Israel.","Milstein and Halali, 2021, Study 7",969,2,21,"Estimated number of natural sciences and mathematics students in Israel",43971,5000,0,7000,"quantity",0,1,1,1,1,1,1,2,0,"0"
"646",95970,"Milstein, N. & Halali, E. (2021). [Unpublished data]. Bar-Ilan University, Israel.","Milstein and Halali, 2021, Study 7",970,1,23,"Estimated number of natural sciences and mathematics students in Israel",43971,5000,0,11000,"quantity",0,1,1,1,1,1,1,2,0,"0"
"647",95971,"Milstein, N. & Halali, E. (2021). [Unpublished data]. Bar-Ilan University, Israel.","Milstein and Halali, 2021, Study 7",971,2,21,"Estimated number of natural sciences and mathematics students in Israel",43971,25000,1,30000,"quantity",0,1,1,1,1,1,1,2,0,"0"
"648",95972,"Milstein, N. & Halali, E. (2021). [Unpublished data]. Bar-Ilan University, Israel.","Milstein and Halali, 2021, Study 7",972,2,24,"Estimated number of natural sciences and mathematics students in Israel",43971,25000,1,15000,"quantity",0,1,1,1,1,1,1,2,0,"0"
"649",95973,"Milstein, N. & Halali, E. (2021). [Unpublished data]. Bar-Ilan University, Israel.","Milstein and Halali, 2021, Study 7",973,2,23,"Estimated number of natural sciences and mathematics students in Israel",43971,5000,0,10000,"quantity",0,1,1,1,1,1,1,2,0,"0"
"650",95974,"Milstein, N. & Halali, E. (2021). [Unpublished data]. Bar-Ilan University, Israel.","Milstein and Halali, 2021, Study 7",974,2,25,"Estimated number of natural sciences and mathematics students in Israel",43971,5000,0,15000,"quantity",0,1,1,1,1,1,1,2,0,"0"
"651",95975,"Milstein, N. & Halali, E. (2021). [Unpublished data]. Bar-Ilan University, Israel.","Milstein and Halali, 2021, Study 7",975,2,23,"Estimated number of natural sciences and mathematics students in Israel",43971,25000,1,8000,"quantity",0,1,1,1,1,1,1,2,0,"0"
"652",95976,"Milstein, N. & Halali, E. (2021). [Unpublished data]. Bar-Ilan University, Israel.","Milstein and Halali, 2021, Study 7",976,2,25,"Estimated number of natural sciences and mathematics students in Israel",43971,25000,1,50000,"quantity",0,1,1,1,1,1,1,2,0,"0"
"653",95977,"Milstein, N. & Halali, E. (2021). [Unpublished data]. Bar-Ilan University, Israel.","Milstein and Halali, 2021, Study 7",977,2,24,"Estimated number of natural sciences and mathematics students in Israel",43971,25000,1,50000,"quantity",0,1,1,1,1,1,1,2,0,"0"
"654",95978,"Milstein, N. & Halali, E. (2021). [Unpublished data]. Bar-Ilan University, Israel.","Milstein and Halali, 2021, Study 7",978,2,22,"Estimated number of natural sciences and mathematics students in Israel",43971,25000,1,13000,"quantity",0,1,1,1,1,1,1,2,0,"0"
"655",95979,"Milstein, N. & Halali, E. (2021). [Unpublished data]. Bar-Ilan University, Israel.","Milstein and Halali, 2021, Study 7",979,2,24,"Estimated number of natural sciences and mathematics students in Israel",43971,25000,1,100000,"quantity",0,1,1,1,1,1,1,2,0,"0"
"656",95980,"Milstein, N. & Halali, E. (2021). [Unpublished data]. Bar-Ilan University, Israel.","Milstein and Halali, 2021, Study 7",980,2,23,"Estimated number of natural sciences and mathematics students in Israel",43971,5000,0,10000,"quantity",0,1,1,1,1,1,1,2,0,"0"
"657",95981,"Milstein, N. & Halali, E. (2021). [Unpublished data]. Bar-Ilan University, Israel.","Milstein and Halali, 2021, Study 7",981,1,27,"Estimated number of natural sciences and mathematics students in Israel",43971,25000,1,4000,"quantity",0,1,1,1,1,1,1,2,0,"0"
"658",95982,"Milstein, N. & Halali, E. (2021). [Unpublished data]. Bar-Ilan University, Israel.","Milstein and Halali, 2021, Study 7",982,1,23,"Estimated number of natural sciences and mathematics students in Israel",43971,25000,1,5000,"quantity",0,1,1,1,1,1,1,2,0,"0"
"659",95983,"Milstein, N. & Halali, E. (2021). [Unpublished data]. Bar-Ilan University, Israel.","Milstein and Halali, 2021, Study 7",983,2,21,"Estimated number of natural sciences and mathematics students in Israel",43971,25000,1,20000,"quantity",0,1,1,1,1,1,1,2,0,"0"
"660",95984,"Milstein, N. & Halali, E. (2021). [Unpublished data]. Bar-Ilan University, Israel.","Milstein and Halali, 2021, Study 7",984,2,23,"Estimated number of natural sciences and mathematics students in Israel",43971,25000,1,30000,"quantity",0,1,1,1,1,1,1,2,0,"0"
"661",95985,"Milstein, N. & Halali, E. (2021). [Unpublished data]. Bar-Ilan University, Israel.","Milstein and Halali, 2021, Study 7",985,1,24,"Estimated number of natural sciences and mathematics students in Israel",43971,25000,1,100000,"quantity",0,1,1,1,1,1,1,2,0,"0"
"662",95987,"Milstein, N. & Halali, E. (2021). [Unpublished data]. Bar-Ilan University, Israel.","Milstein and Halali, 2021, Study 7",987,2,24,"Estimated number of natural sciences and mathematics students in Israel",43971,5000,0,3000,"quantity",0,1,1,1,1,1,1,2,0,"0"
"663",95988,"Milstein, N. & Halali, E. (2021). [Unpublished data]. Bar-Ilan University, Israel.","Milstein and Halali, 2021, Study 7",988,2,23,"Estimated number of natural sciences and mathematics students in Israel",43971,25000,1,15000,"quantity",0,1,1,1,1,1,1,2,0,"0"
"664",95989,"Milstein, N. & Halali, E. (2021). [Unpublished data]. Bar-Ilan University, Israel.","Milstein and Halali, 2021, Study 7",989,1,26,"Estimated number of natural sciences and mathematics students in Israel",43971,25000,1,13000,"quantity",0,1,1,1,1,1,1,2,0,"0"
"665",95990,"Milstein, N. & Halali, E. (2021). [Unpublished data]. Bar-Ilan University, Israel.","Milstein and Halali, 2021, Study 7",990,2,22,"Estimated number of natural sciences and mathematics students in Israel",43971,25000,1,90000,"quantity",0,1,1,1,1,1,1,2,0,"0"
"666",95991,"Milstein, N. & Halali, E. (2021). [Unpublished data]. Bar-Ilan University, Israel.","Milstein and Halali, 2021, Study 7",991,2,21,"Estimated number of natural sciences and mathematics students in Israel",43971,5000,0,10000,"quantity",0,1,1,1,1,1,1,2,0,"0"
"667",95992,"Milstein, N. & Halali, E. (2021). [Unpublished data]. Bar-Ilan University, Israel.","Milstein and Halali, 2021, Study 7",992,1,23,"Estimated number of natural sciences and mathematics students in Israel",43971,5000,0,7000,"quantity",0,1,1,1,1,1,1,2,0,"0"
"668",95993,"Milstein, N. & Halali, E. (2021). [Unpublished data]. Bar-Ilan University, Israel.","Milstein and Halali, 2021, Study 7",993,2,25,"Estimated number of natural sciences and mathematics students in Israel",43971,5000,0,7000,"quantity",0,1,1,1,1,1,1,2,0,"0"
"669",95994,"Milstein, N. & Halali, E. (2021). [Unpublished data]. Bar-Ilan University, Israel.","Milstein and Halali, 2021, Study 7",994,2,23,"Estimated number of natural sciences and mathematics students in Israel",43971,5000,0,3,"quantity",0,1,1,1,1,1,1,2,0,"0"
"670",95995,"Milstein, N. & Halali, E. (2021). [Unpublished data]. Bar-Ilan University, Israel.","Milstein and Halali, 2021, Study 7",995,2,23,"Estimated number of natural sciences and mathematics students in Israel",43971,5000,0,20000,"quantity",0,1,1,1,1,1,1,2,0,"0"
"671",95996,"Milstein, N. & Halali, E. (2021). [Unpublished data]. Bar-Ilan University, Israel.","Milstein and Halali, 2021, Study 7",996,2,24,"Estimated number of natural sciences and mathematics students in Israel",43971,5000,0,10000,"quantity",0,1,1,1,1,1,1,2,0,"0"
"672",95997,"Milstein, N. & Halali, E. (2021). [Unpublished data]. Bar-Ilan University, Israel.","Milstein and Halali, 2021, Study 7",997,1,26,"Estimated number of natural sciences and mathematics students in Israel",43971,25000,1,30000,"quantity",0,1,1,1,1,1,1,2,0,"0"
"673",95998,"Milstein, N. & Halali, E. (2021). [Unpublished data]. Bar-Ilan University, Israel.","Milstein and Halali, 2021, Study 7",998,2,23,"Estimated number of natural sciences and mathematics students in Israel",43971,25000,1,50000,"quantity",0,1,1,1,1,1,1,2,0,"0"
"674",95999,"Milstein, N. & Halali, E. (2021). [Unpublished data]. Bar-Ilan University, Israel.","Milstein and Halali, 2021, Study 7",999,2,24,"Estimated number of natural sciences and mathematics students in Israel",43971,5000,0,20000,"quantity",0,1,1,1,1,1,1,2,0,"0"
"675",96000,"Milstein, N. & Halali, E. (2021). [Unpublished data]. Bar-Ilan University, Israel.","Milstein and Halali, 2021, Study 7",1000,2,21,"Estimated number of natural sciences and mathematics students in Israel",43971,5000,0,7000,"quantity",0,1,1,1,1,1,1,2,0,"0"
"676",96001,"Milstein, N. & Halali, E. (2021). [Unpublished data]. Bar-Ilan University, Israel.","Milstein and Halali, 2021, Study 7",1001,2,24,"Estimated number of natural sciences and mathematics students in Israel",43971,5000,0,34000,"quantity",0,1,1,1,1,1,1,2,0,"0"
"677",96002,"Milstein, N. & Halali, E. (2021). [Unpublished data]. Bar-Ilan University, Israel.","Milstein and Halali, 2021, Study 7",1002,2,24,"Estimated number of natural sciences and mathematics students in Israel",43971,25000,1,25000,"quantity",0,1,1,1,1,1,1,2,0,"0"
"678",96003,"Milstein, N. & Halali, E. (2021). [Unpublished data]. Bar-Ilan University, Israel.","Milstein and Halali, 2021, Study 7",1003,2,23,"Estimated number of natural sciences and mathematics students in Israel",43971,5000,0,7000,"quantity",0,1,1,1,1,1,1,2,0,"0"
"679",96004,"Milstein, N. & Halali, E. (2021). [Unpublished data]. Bar-Ilan University, Israel.","Milstein and Halali, 2021, Study 7",1004,2,22,"Estimated number of natural sciences and mathematics students in Israel",43971,5000,0,7500,"quantity",0,1,1,1,1,1,1,2,0,"0"
"680",96005,"Milstein, N. & Halali, E. (2021). [Unpublished data]. Bar-Ilan University, Israel.","Milstein and Halali, 2021, Study 7",1005,2,25,"Estimated number of natural sciences and mathematics students in Israel",43971,5000,0,10000,"quantity",0,1,1,1,1,1,1,2,0,"0"
"681",96006,"Milstein, N. & Halali, E. (2021). [Unpublished data]. Bar-Ilan University, Israel.","Milstein and Halali, 2021, Study 7",1006,1,23,"Estimated number of natural sciences and mathematics students in Israel",43971,25000,1,22000,"quantity",0,1,1,1,1,1,1,2,0,"0"
"682",96007,"Milstein, N. & Halali, E. (2021). [Unpublished data]. Bar-Ilan University, Israel.","Milstein and Halali, 2021, Study 7",1007,2,22,"Estimated number of natural sciences and mathematics students in Israel",43971,25000,1,50000,"quantity",0,1,1,1,1,1,1,2,0,"0"
"683",96008,"Milstein, N. & Halali, E. (2021). [Unpublished data]. Bar-Ilan University, Israel.","Milstein and Halali, 2021, Study 7",1008,2,23,"Estimated number of natural sciences and mathematics students in Israel",43971,5000,0,8000,"quantity",0,1,1,1,1,1,1,2,0,"0"
"684",96009,"Milstein, N. & Halali, E. (2021). [Unpublished data]. Bar-Ilan University, Israel.","Milstein and Halali, 2021, Study 7",1009,2,26,"Estimated number of natural sciences and mathematics students in Israel",43971,5000,0,8000,"quantity",0,1,1,1,1,1,1,2,0,"0"
"685",96010,"Milstein, N. & Halali, E. (2021). [Unpublished data]. Bar-Ilan University, Israel.","Milstein and Halali, 2021, Study 7",1010,2,27,"Estimated number of natural sciences and mathematics students in Israel",43971,5000,0,1500,"quantity",0,1,1,1,1,1,1,2,0,"0"
"686",96011,"Milstein, N. & Halali, E. (2021). [Unpublished data]. Bar-Ilan University, Israel.","Milstein and Halali, 2021, Study 7",1011,2,24,"Estimated number of natural sciences and mathematics students in Israel",43971,5000,0,7000,"quantity",0,1,1,1,1,1,1,2,0,"0"
"687",96012,"Milstein, N. & Halali, E. (2021). [Unpublished data]. Bar-Ilan University, Israel.","Milstein and Halali, 2021, Study 7",1012,2,23,"Estimated number of natural sciences and mathematics students in Israel",43971,25000,1,20000,"quantity",0,1,1,1,1,1,1,2,0,"0"
"688",96013,"Milstein, N. & Halali, E. (2021). [Unpublished data]. Bar-Ilan University, Israel.","Milstein and Halali, 2021, Study 7",1013,2,20,"Estimated number of natural sciences and mathematics students in Israel",43971,25000,1,30000,"quantity",0,1,1,1,1,1,1,2,0,"0"
"689",96014,"Milstein, N. & Halali, E. (2021). [Unpublished data]. Bar-Ilan University, Israel.","Milstein and Halali, 2021, Study 7",1014,2,22,"Estimated number of natural sciences and mathematics students in Israel",43971,5000,0,30000,"quantity",0,1,1,1,1,1,1,2,0,"0"
"690",96015,"Milstein, N. & Halali, E. (2021). [Unpublished data]. Bar-Ilan University, Israel.","Milstein and Halali, 2021, Study 7",1015,1,25,"Estimated number of natural sciences and mathematics students in Israel",43971,5000,0,50000,"quantity",0,1,1,1,1,1,1,2,0,"0"
"691",96016,"Milstein, N. & Halali, E. (2021). [Unpublished data]. Bar-Ilan University, Israel.","Milstein and Halali, 2021, Study 7",1016,2,22,"Estimated number of natural sciences and mathematics students in Israel",43971,5000,0,8000,"quantity",0,1,1,1,1,1,1,2,0,"0"
"692",96017,"Milstein, N. & Halali, E. (2021). [Unpublished data]. Bar-Ilan University, Israel.","Milstein and Halali, 2021, Study 7",1017,2,21,"Estimated number of natural sciences and mathematics students in Israel",43971,25000,1,30000,"quantity",0,1,1,1,1,1,1,2,0,"0"
"693",96018,"Milstein, N. & Halali, E. (2021). [Unpublished data]. Bar-Ilan University, Israel.","Milstein and Halali, 2021, Study 7",1018,2,21,"Estimated number of natural sciences and mathematics students in Israel",43971,5000,0,10000,"quantity",0,1,1,1,1,1,1,2,0,"0"
"694",96019,"Milstein, N. & Halali, E. (2021). [Unpublished data]. Bar-Ilan University, Israel.","Milstein and Halali, 2021, Study 7",1019,2,21,"Estimated number of natural sciences and mathematics students in Israel",43971,5000,0,4000,"quantity",0,1,1,1,1,1,1,2,0,"0"
"695",96020,"Milstein, N. & Halali, E. (2021). [Unpublished data]. Bar-Ilan University, Israel.","Milstein and Halali, 2021, Study 7",1020,2,22,"Estimated number of natural sciences and mathematics students in Israel",43971,25000,1,8000,"quantity",0,1,1,1,1,1,1,2,0,"0"
"696",96021,"Milstein, N. & Halali, E. (2021). [Unpublished data]. Bar-Ilan University, Israel.","Milstein and Halali, 2021, Study 7",1021,2,22,"Estimated number of natural sciences and mathematics students in Israel",43971,25000,1,30000,"quantity",0,1,1,1,1,1,1,2,0,"0"
"697",96022,"Milstein, N. & Halali, E. (2021). [Unpublished data]. Bar-Ilan University, Israel.","Milstein and Halali, 2021, Study 7",1022,2,22,"Estimated number of natural sciences and mathematics students in Israel",43971,25000,1,10000,"quantity",0,1,1,1,1,1,1,2,0,"0"
"698",96023,"Milstein, N. & Halali, E. (2021). [Unpublished data]. Bar-Ilan University, Israel.","Milstein and Halali, 2021, Study 7",1023,2,23,"Estimated number of natural sciences and mathematics students in Israel",43971,25000,1,100000,"quantity",0,1,1,1,1,1,1,2,0,"0"
"699",96024,"Milstein, N. & Halali, E. (2021). [Unpublished data]. Bar-Ilan University, Israel.","Milstein and Halali, 2021, Study 7",1024,2,24,"Estimated number of natural sciences and mathematics students in Israel",43971,5000,0,6000,"quantity",0,1,1,1,1,1,1,2,0,"0"
"700",96025,"Milstein, N. & Halali, E. (2021). [Unpublished data]. Bar-Ilan University, Israel.","Milstein and Halali, 2021, Study 7",1025,2,24,"Estimated number of natural sciences and mathematics students in Israel",43971,5000,0,3000,"quantity",0,1,1,1,1,1,1,2,0,"0"
"701",96026,"Milstein, N. & Halali, E. (2021). [Unpublished data]. Bar-Ilan University, Israel.","Milstein and Halali, 2021, Study 7",1026,2,24,"Estimated number of natural sciences and mathematics students in Israel",43971,5000,0,10000,"quantity",0,1,1,1,1,1,1,2,0,"0"
"702",96027,"Milstein, N. & Halali, E. (2021). [Unpublished data]. Bar-Ilan University, Israel.","Milstein and Halali, 2021, Study 7",1027,2,26,"Estimated number of natural sciences and mathematics students in Israel",43971,25000,1,50000,"quantity",0,1,1,1,1,1,1,2,0,"0"
"703",96028,"Milstein, N. & Halali, E. (2021). [Unpublished data]. Bar-Ilan University, Israel.","Milstein and Halali, 2021, Study 7",1028,2,22,"Estimated number of natural sciences and mathematics students in Israel",43971,5000,0,6000,"quantity",0,1,1,1,1,1,1,2,0,"0"
"704",96029,"Milstein, N. & Halali, E. (2021). [Unpublished data]. Bar-Ilan University, Israel.","Milstein and Halali, 2021, Study 7",1029,2,24,"Estimated number of natural sciences and mathematics students in Israel",43971,5000,0,60000,"quantity",0,1,1,1,1,1,1,2,0,"0"
"705",96031,"Milstein, N. & Halali, E. (2021). [Unpublished data]. Bar-Ilan University, Israel.","Milstein and Halali, 2021, Study 7",1031,2,22,"Estimated number of natural sciences and mathematics students in Israel",43971,25000,1,40000,"quantity",0,1,1,1,1,1,1,2,0,"0"
"706",96032,"Milstein, N. & Halali, E. (2021). [Unpublished data]. Bar-Ilan University, Israel.","Milstein and Halali, 2021, Study 7",1032,2,22,"Estimated number of natural sciences and mathematics students in Israel",43971,5000,0,10000,"quantity",0,1,1,1,1,1,1,2,0,"0"
"707",96033,"Milstein, N. & Halali, E. (2021). [Unpublished data]. Bar-Ilan University, Israel.","Milstein and Halali, 2021, Study 7",1033,2,22,"Estimated number of natural sciences and mathematics students in Israel",43971,5000,0,20000,"quantity",0,1,1,1,1,1,1,2,0,"0"
"708",96034,"Milstein, N. & Halali, E. (2021). [Unpublished data]. Bar-Ilan University, Israel.","Milstein and Halali, 2021, Study 7",1034,2,20,"Estimated number of natural sciences and mathematics students in Israel",43971,25000,1,40000,"quantity",0,1,1,1,1,1,1,2,0,"0"
"709",96035,"Milstein, N. & Halali, E. (2021). [Unpublished data]. Bar-Ilan University, Israel.","Milstein and Halali, 2021, Study 7",1035,2,19,"Estimated number of natural sciences and mathematics students in Israel",43971,25000,1,2000,"quantity",0,1,1,1,1,1,1,2,0,"0"
"710",96036,"Milstein, N. & Halali, E. (2021). [Unpublished data]. Bar-Ilan University, Israel.","Milstein and Halali, 2021, Study 7",1036,2,22,"Estimated number of natural sciences and mathematics students in Israel",43971,5000,0,4500,"quantity",0,1,1,1,1,1,1,2,0,"0"
"711",96037,"Milstein, N. & Halali, E. (2021). [Unpublished data]. Bar-Ilan University, Israel.","Milstein and Halali, 2021, Study 7",1037,2,19,"Estimated number of natural sciences and mathematics students in Israel",43971,5000,0,4000,"quantity",0,1,1,1,1,1,1,2,0,"0"
"712",96038,"Milstein, N. & Halali, E. (2021). [Unpublished data]. Bar-Ilan University, Israel.","Milstein and Halali, 2021, Study 7",1038,1,27,"Estimated number of natural sciences and mathematics students in Israel",43971,25000,1,28000,"quantity",0,1,1,1,1,1,1,2,0,"0"
"713",96039,"Milstein, N. & Halali, E. (2021). [Unpublished data]. Bar-Ilan University, Israel.","Milstein and Halali, 2021, Study 7",1039,2,22,"Estimated number of natural sciences and mathematics students in Israel",43971,5000,0,30000,"quantity",0,1,1,1,1,1,1,2,0,"0"
"714",96040,"Milstein, N. & Halali, E. (2021). [Unpublished data]. Bar-Ilan University, Israel.","Milstein and Halali, 2021, Study 7",1040,2,20,"Estimated number of natural sciences and mathematics students in Israel",43971,5000,0,70000,"quantity",0,1,1,1,1,1,1,2,0,"0"
"715",96041,"Milstein, N. & Halali, E. (2021). [Unpublished data]. Bar-Ilan University, Israel.","Milstein and Halali, 2021, Study 7",1041,2,22,"Estimated number of natural sciences and mathematics students in Israel",43971,25000,1,40000,"quantity",0,1,1,1,1,1,1,2,0,"0"
"716",96042,"Milstein, N. & Halali, E. (2021). [Unpublished data]. Bar-Ilan University, Israel.","Milstein and Halali, 2021, Study 7",1042,2,24,"Estimated number of natural sciences and mathematics students in Israel",43971,25000,1,60000,"quantity",0,1,1,1,1,1,1,2,0,"0"
"717",96043,"Milstein, N. & Halali, E. (2021). [Unpublished data]. Bar-Ilan University, Israel.","Milstein and Halali, 2021, Study 7",1043,2,25,"Estimated number of natural sciences and mathematics students in Israel",43971,25000,1,10000,"quantity",0,1,1,1,1,1,1,2,0,"0"
"718",96044,"Milstein, N. & Halali, E. (2021). [Unpublished data]. Bar-Ilan University, Israel.","Milstein and Halali, 2021, Study 7",1044,2,23,"Estimated number of natural sciences and mathematics students in Israel",43971,25000,1,20000,"quantity",0,1,1,1,1,1,1,2,0,"0"
"719",96045,"Milstein, N. & Halali, E. (2021). [Unpublished data]. Bar-Ilan University, Israel.","Milstein and Halali, 2021, Study 7",1045,2,22,"Estimated number of natural sciences and mathematics students in Israel",43971,25000,1,5000,"quantity",0,1,1,1,1,1,1,2,0,"0"
"720",96046,"Milstein, N. & Halali, E. (2021). [Unpublished data]. Bar-Ilan University, Israel.","Milstein and Halali, 2021, Study 7",1046,1,25,"Estimated number of natural sciences and mathematics students in Israel",43971,5000,0,15000,"quantity",0,1,1,1,1,1,1,2,0,"0"
